lat,lng,HAZ_CLASS
-601769.6553,288976.8943,1
-601598.9136,288973.993,1
-601424.6592,288956.6817,1
-600204.4527,286673.5932,1
-600339.5554,289206.6698,1
-592709.137,331935.3288,1
-591987.8182,358272.0,1
-588427.846,282395.8026,1
-585232.7286,368457.3128,1
-584696.8372,360803.23,1
-584211.25,369246.6554,1
-582866.7934,284498.9249,1
-580616.1892,290543.9189,1
-579621.0692,371745.7549,1
-577586.9543,373116.2215,1
-578401.0391,373940.4609,1
-577119.5142,372192.1888,1
-574299.4963,290248.9528,1
-574175.6992,290154.7993,1
-573823.0854,289906.1615,1
-573239.786,289914.9443,1
-569633.4273,291953.7182,1
-569603.2805,291983.1841,1
-567376.1512,343889.4574,1
-566847.5548,343785.84,1
-565543.8059,345166.4484,1
-564108.7095,356967.747,1
-561950.3019,349518.7093,1
-556385.4029,264020.8932,1
-556370.8485,264207.6239,1
-556358.3004,264523.1702,1
-554718.9609,258672.2267,1
-553384.9487,342014.7301,1
-553647.7565,340553.013,1
-551916.8182,321666.4773,1
-550266.3495,269254.054,1
-550241.38,298168.9409,1
-573313.4196,356764.3556,1
-549829.3701,292332.1896,1
-550117.0707,266444.8738,1
-549485.0847,264636.3559,1
-548056.5775,259613.0028,1
-547087.8431,293964.3908,1
-547003.6064,293054.8658,1
-547256.5932,286689.1017,1
-544485.5404,272878.1704,1
-544158.6476,271825.3749,1
-542954.6645,270586.6383,1
-542689.2847,270149.9122,1
-542636.6922,270069.4896,1
-542604.9993,269980.0154,1
-542456.7045,269785.8678,1
-541834.2569,346834.2742,1
-541777.2419,346860.815,1
-541681.0203,346841.1963,1
-541584.8017,346860.8508,1
-541515.854,346837.8415,1
-540609.0104,346229.8523,1
-540174.7763,345517.9784,1
-540266.7859,276353.2972,1
-539265.3828,267780.348,1
-538940.5554,267789.9452,1
-533698.7811,263757.1821,1
-533569.865,271303.533,1
-533430.0671,271351.3632,1
-533472.8797,271703.833,1
-533432.8704,263760.0812,1
-533116.5543,265822.1885,1
-533198.1217,266216.0576,1
-533379.7011,264631.0662,1
-533014.513,266118.0979,1
-532513.4552,260467.6196,1
-530377.3382,261082.3455,1
-530139.4415,260821.3883,1
-529624.0656,260533.6992,1
-528913.9676,260692.6233,1
-527665.8353,259673.9387,1
-527650.0348,259374.5967,1
-526740.9413,257253.5951,1
-526488.0211,304619.0213,1
-523649.029,256978.8599,1
-520586.3924,312673.481,1
-522221.8065,267735.9909,1
-517783.5706,281118.1122,1
-516894.6675,278890.7801,1
-515560.5597,280342.657,1
-515605.5277,279879.3548,1
-516516.5208,343066.1241,1
-515006.5349,257601.8726,1
-514122.5508,340490.161,1
-513119.1146,259302.207,1
-512773.9922,141500.5382,1
-512174.3618,272596.3771,1
-512119.9487,272386.4845,1
-512636.9533,327117.0611,1
-512056.7504,272468.5777,1
-510260.4393,258090.392,1
-511258.047,329686.9485,1
-509759.7056,257576.4123,1
-527692.1745,335144.0578,1
-503461.005,270625.0728,1
-503000.3883,258423.4951,1
-502464.3519,257239.7685,1
-500985.2821,346997.9559,1
-500182.8001,346962.0304,1
-500058.9635,256987.5109,1
-498227.9362,282204.0638,1
-497923.3674,347047.5633,1
-497826.287,273096.0402,1
-498017.9147,274450.4339,1
-496980.0606,220260.0684,1
-496931.1245,220302.9637,1
-496894.0959,220354.8443,1
-496865.6407,220386.6713,1
-496270.5875,348487.9668,1
-496290.4688,224756.0625,1
-496124.703,314102.8218,1
-496290.2846,220634.767,1
-496162.7816,272145.4096,1
-495388.6791,218824.9948,1
-494919.3987,274066.8038,1
-494603.1587,270557.8078,1
-494815.2007,210534.0958,1
-493668.6923,250046.6923,1
-493074.1607,348450.1738,1
-493371.6258,278068.3436,1
-493135.8183,297673.5021,1
-492699.2897,348237.0933,1
-493521.5965,274957.0098,1
-492205.9869,347265.7118,1
-492154.217,201971.655,1
-492001.7844,348339.5593,1
-491846.4259,346603.324,1
-492670.1366,351326.599,1
-507167.8959,350192.1323,1
-491779.5405,346098.5889,1
-491622.411,352825.2194,1
-491551.9911,346484.1576,1
-491384.8919,346396.0434,1
-491392.7215,346654.4229,1
-491351.1515,348798.6667,1
-491231.8776,345968.3796,1
-491298.3708,250205.7303,1
-491061.4076,349302.4218,1
-490908.7133,348779.8113,1
-491007.7811,278579.5562,1
-490674.5197,349564.3439,1
-490649.798,348702.7474,1
-490509.5403,345610.6987,1
-490595.575,345805.3805,1
-490508.2444,351975.0595,1
-490571.5498,346398.875,1
-490562.9734,346646.4679,1
-490379.4256,349553.8851,1
-490160.8051,351960.709,1
-490962.7251,352522.3308,1
-490145.697,344171.7985,1
-490628.848,271382.4789,1
-490133.2954,347023.3696,1
-490112.9304,347631.5624,1
-490089.204,348134.9949,1
-489967.7202,350748.2909,1
-490646.0163,224120.6376,1
-489564.2725,343782.1472,1
-489535.6211,344490.7681,1
-489201.4251,341326.8067,1
-489058.0045,344064.1894,1
-488786.1189,350148.3277,1
-488765.889,350594.3402,1
-488752.416,350891.3664,1
-488734.2695,351289.685,1
-488292.967,346468.576,1
-488392.9764,270533.0626,1
-490295.2834,309170.2926,1
-488242.9384,345265.1702,1
-488170.321,345770.2597,1
-488041.1425,346455.6223,1
-487896.3238,349648.4875,1
-488100.7208,342605.4083,1
-487595.2569,273008.367,1
-487652.9459,348693.1547,1
-487800.5357,224298.75,1
-487198.2072,349621.1686,1
-486893.6374,344790.3246,1
-486357.3501,270748.074,1
-486582.4958,343824.1217,1
-486535.7255,340953.0035,1
-487778.4969,352050.7369,1
-486294.3624,346971.9556,1
-485681.4195,224327.9837,1
-485026.6507,348591.0668,1
-484191.9896,266507.5707,1
-484047.4308,267738.3717,1
-483701.2374,269657.7224,1
-483698.6701,337453.7438,1
-484159.9295,339969.8222,1
-483995.596,343244.1675,1
-482302.3701,245667.9424,1
-482216.3849,245615.135,1
-482189.3448,245580.9307,1
-482033.0229,245349.9103,1
-482140.2859,331958.0323,1
-481223.4332,225564.6741,1
-481790.5442,338975.0788,1
-480231.4614,242514.0683,1
-480162.3194,333745.6829,1
-480180.0969,242650.2683,1
-479807.9977,334013.078,1
-478971.7393,333787.0247,1
-478433.678,267899.8404,1
-479788.6408,332227.5585,1
-477944.6997,334259.0539,1
-478687.3024,339255.3967,1
-479640.0418,270037.9426,1
-477063.7198,280988.2251,1
-477274.9294,330761.2677,1
-477616.4805,336327.0366,1
-476159.4935,269082.8307,1
-476216.1896,336125.8775,1
-475964.2798,336052.6401,1
-476697.4362,277594.598,1
-475303.5468,273775.9723,1
-475586.6431,271242.0142,1
-475740.2665,247002.9524,1
-475720.587,329107.312,1
-476422.6137,334478.1484,1
-474381.1796,275467.0618,1
-473582.2944,237838.7276,1
-474073.9425,330638.5488,1
-473111.3312,238709.2103,1
-473221.6828,250522.0378,1
-472461.2481,285031.1039,1
-472244.2596,318470.1733,1
-472265.622,319251.5231,1
-472266.807,238623.0683,1
-472094.6242,282995.7024,1
-472523.5922,328964.4996,1
-472214.7682,271028.472,1
-470541.5096,291554.1868,1
-470485.1969,291412.195,1
-470429.9087,290759.8786,1
-470504.5515,320757.0468,1
-470397.2782,291769.111,1
-470509.555,273858.5284,1
-470355.9923,291026.3424,1
-471644.0517,288534.8216,1
-468822.7051,289088.7244,1
-468789.5042,289039.7278,1
-468944.6948,264258.7362,1
-468849.7028,315585.7007,1
-468935.0658,232430.1673,1
-468275.0488,231626.5344,1
-468815.1314,273970.8053,1
-466929.8039,274741.3381,1
-466955.2711,244290.9854,1
-466018.4196,263436.3001,1
-467890.9774,252808.5977,1
-465730.7164,231653.9202,1
-465172.5249,263419.8275,1
-465467.6377,242734.027,1
-464540.5529,230733.7359,1
-464853.8618,231043.6674,1
-464400.4354,264355.7073,1
-467909.7633,317774.5842,1
-463772.7355,316360.9682,1
-463412.877,267285.516,1
-462896.0967,255190.9587,1
-463269.045,235404.5117,1
-462812.5449,316664.7856,1
-462076.3382,250619.0287,1
-461403.8875,254135.6397,1
-461123.4943,317074.5283,1
-461055.1844,316987.6704,1
-460936.2508,316691.4522,1
-461689.9927,317504.7493,1
-461093.9895,245198.3101,1
-461066.3509,248366.5214,1
-460715.0111,316536.0048,1
-460867.7989,268891.0971,1
-460382.9982,228525.3483,1
-460119.2623,266167.3183,1
-460226.3858,316526.3146,1
-459953.9261,272233.3799,1
-459927.342,272194.7213,1
-459883.6775,270104.9968,1
-459349.3696,315030.638,1
-459407.3713,312606.0659,1
-459768.8267,315824.2256,1
-458885.0553,232315.9118,1
-460307.2566,237045.3543,1
-458627.3488,240913.5053,1
-458348.7092,235917.8788,1
-458565.3834,232817.8117,1
-457928.0235,267571.6816,1
-457755.6178,267553.6728,1
-458155.5647,238477.7346,1
-456682.5742,244890.1958,1
-457824.6527,265728.5853,1
-456508.1098,243920.9031,1
-456551.2016,244713.1658,1
-458112.8597,261300.0078,1
-456338.063,292904.0535,1
-456326.8353,293143.0865,1
-456371.6457,296323.2594,1
-458376.4786,244435.4686,1
-456170.9876,235453.0285,1
-456148.9814,235424.731,1
-456140.0969,235212.0389,1
-456211.0545,292323.5371,1
-456114.4619,234529.5042,1
-456247.4268,239608.3638,1
-456587.47,293977.9465,1
-455789.5113,297626.9899,1
-453007.6968,306720.5726,1
-452875.4161,305865.0035,1
-452342.5104,268977.6259,1
-452292.3735,268939.9051,1
-452943.5293,304550.1856,1
-452125.7799,268852.8893,1
-452050.1491,307119.1896,1
-450789.1666,279309.9685,1
-448476.1756,298890.4979,1
-447424.5167,302306.8021,1
-447337.2398,308871.1112,1
-447570.3693,311679.3085,1
-446589.485,303645.5727,1
-445710.5967,309127.7718,1
-449040.0619,306190.3904,1
-445709.8319,282577.1559,1
-445443.6402,282355.9232,1
-445414.7112,282324.7236,1
-445308.7116,191882.8163,1
-445575.4266,302738.3189,1
-445272.7341,282206.2312,1
-445125.0232,282168.1829,1
-445065.0277,282169.1535,1
-446058.164,310226.9772,1
-446124.2097,314464.426,1
-443622.9934,186292.3291,1
-443176.9505,185379.2996,1
-443674.424,327910.1653,1
-441221.2477,182256.0485,1
-441170.7846,182087.5033,1
-441336.9099,183455.8191,1
-441184.2693,320860.5752,1
-442736.5392,309065.6019,1
-440928.9484,320728.8919,1
-441788.7632,323149.3433,1
-440947.8146,314508.7714,1
-440951.0734,313650.8313,1
-440462.8589,319799.1785,1
-439628.1794,6853.2164,1
-438939.4519,200402.7185,1
-439885.928,315178.9129,1
-437497.5665,315140.3286,1
-436818.3007,313814.2928,1
-436363.8744,197618.2297,1
-436791.9375,196880.1721,1
-436164.2502,199861.5821,1
-436581.2741,314298.6173,1
-436113.478,199755.074,1
-435797.959,197791.1774,1
-436386.0957,306713.2184,1
-436169.4266,310028.5986,1
-435605.3171,266004.6337,1
-434777.0322,266895.5134,1
-434615.9789,308377.9103,1
-432826.766,307500.489,1
-433372.7133,307157.596,1
-432459.3788,307315.4239,1
-432206.5617,314346.9335,1
-431571.5965,85286.04,1
-431316.0529,85453.708,1
-430735.3478,339168.0378,1
-430681.2791,87151.3274,1
-430226.3497,319671.9853,1
-430042.7494,323385.8973,1
-430396.3166,343093.9728,1
-429793.4363,342254.4775,1
-430057.5237,324137.7135,1
-429789.1189,309858.3283,1
-429217.4702,343915.3242,1
-428812.5999,88452.5229,1
-428784.1604,88516.1195,1
-428759.978,88559.9474,1
-428696.1579,88677.4679,1
-432783.9784,316992.9566,1
-428027.7152,88009.6234,1
-427716.4478,319379.1348,1
-427526.1823,207014.9504,1
-427484.8948,310546.601,1
-427434.9358,86604.8229,1
-427345.6441,86665.9691,1
-428372.9831,311639.7825,1
-427314.8381,86695.2231,1
-427284.032,86724.4772,1
-427253.226,86753.7313,1
-427222.4199,86782.9853,1
-427191.6138,86812.2394,1
-427160.8078,86841.4935,1
-426721.4021,309149.9576,1
-427042.4299,310195.8658,1
-426655.9272,317049.1866,1
-428568.8613,338016.4725,1
-425981.5513,320972.1168,1
-426889.2475,307421.2153,1
-425845.2154,88524.0955,1
-426554.161,309449.1611,1
-425753.0053,243887.8249,1
-425719.26,321786.7808,1
-425388.426,243587.1453,1
-425010.9799,243152.9258,1
-424900.1657,239789.673,1
-424732.7566,91738.8868,1
-424368.0305,324536.112,1
-422824.1351,322882.2973,1
-423121.2687,239171.8572,1
-421874.8495,242934.5332,1
-421670.4516,242854.6719,1
-421630.0135,242829.779,1
-424078.3843,318888.0024,1
-421112.9318,242301.1665,1
-420956.8317,321746.9492,1
-419469.516,324239.5787,1
-419463.3896,324008.8466,1
-419450.7745,324556.8793,1
-419833.5665,325059.7338,1
-418968.6986,108139.7945,1
-418422.427,93314.7689,1
-418730.4286,238993.5714,1
-419505.2092,319523.4243,1
-417337.8174,324094.2229,1
-416519.624,87199.7754,1
-416485.0874,87540.3631,1
-416506.7597,90562.9141,1
-416427.4664,93230.87,1
-416401.3451,93454.1423,1
-416863.9093,105655.7698,1
-415857.5685,316395.6867,1
-415854.9217,316515.3272,1
-416246.0306,98538.7038,1
-415565.4748,315663.5688,1
-415365.4984,317953.662,1
-415743.9177,81940.1686,1
-416593.1187,318144.6082,1
-414328.0744,316936.0203,1
-414444.4264,317234.9045,1
-414155.5451,317024.1441,1
-414026.8277,316739.1951,1
-413866.3895,317681.9954,1
-413783.6159,316515.3861,1
-414014.7525,318422.7707,1
-413649.2706,319022.5944,1
-413473.606,316905.2434,1
-413495.2532,317713.3467,1
-413412.7161,318613.4224,1
-413537.5263,319318.3913,1
-413253.4001,75425.9953,1
-413441.836,317216.2594,1
-413290.974,317806.5378,1
-413335.1724,318443.595,1
-413304.7936,318809.8416,1
-413245.3374,319056.4421,1
-413165.4448,75532.7127,1
-413133.458,316588.4899,1
-414142.3806,320537.9038,1
-413525.0212,283711.9328,1
-413101.6957,292536.913,1
-412324.232,320933.2103,1
-412556.2808,76546.592,1
-412635.3246,317838.0877,1
-412176.7523,77229.2174,1
-412216.6769,321131.5084,1
-412095.9484,77316.7057,1
-412000.1161,77435.8271,1
-411915.0868,77538.8163,1
-411878.5588,77593.0765,1
-412049.0639,320897.8038,1
-411787.8981,77677.277,1
-412177.1511,96588.3577,1
-412013.0123,289632.1221,1
-411278.6509,326305.0996,1
-410419.1636,78834.1016,1
-416253.5813,327042.965,1
-408340.0321,326126.4795,1
-406706.5187,325052.7096,1
-406422.0619,93235.1309,1
-404384.1424,314295.6096,1
-403415.6607,303603.8666,1
-403243.2235,316720.6568,1
-403233.0817,317022.7854,1
-402721.0809,313173.7979,1
-402714.9113,313475.9162,1
-402692.0466,314281.2666,1
-402722.533,48542.6662,1
-402492.6617,314174.7124,1
-402327.6905,309849.193,1
-402322.3129,310050.4229,1
-402154.0436,48082.3114,1
-402319.548,318841.0656,1
-402006.7539,47807.6427,1
-402054.824,47980.5784,1
-402047.6969,309916.591,1
-401848.2486,310893.2251,1
-401786.6885,288246.12,1
-401736.1107,318982.9475,1
-401665.4669,309882.0428,1
-401658.4527,310284.8203,1
-401559.617,310080.8096,1
-401278.23,306105.8907,1
-401509.6429,238987.7679,1
-401656.8516,314047.8516,1
-401276.0067,314237.3499,1
-401252.4386,310196.0466,1
-401040.1343,106921.4341,1
-401260.8491,241597.8302,1
-401173.4183,309365.8442,1
-400992.5762,319124.5968,1
-400893.9353,306093.953,1
-400848.9611,308855.4871,1
-400806.626,309490.6182,1
-400812.5618,309990.8662,1
-401465.2101,287027.6706,1
-400798.3817,313886.6887,1
-400677.8616,287106.6589,1
-400816.6588,314396.871,1
-402150.3691,316047.2879,1
-400630.4285,108477.2393,1
-400743.7085,315859.1454,1
-400848.314,107530.5838,1
-400677.2095,314847.4569,1
-401072.4703,305554.7905,1
-400497.5631,286416.4059,1
-400526.8945,108650.7307,1
-400640.6682,242954.6612,1
-400534.8364,309054.849,1
-400819.0621,236612.5444,1
-400440.6732,311105.1608,1
-400522.5666,314113.8241,1
-400384.7424,285838.7632,1
-400415.6707,308696.8631,1
-400323.8654,43942.0608,1
-400370.4557,309398.9084,1
-400339.5812,311203.1904,1
-400353.6769,44142.9248,1
-400265.9992,44567.4819,1
-400814.313,45587.9272,1
-400284.138,309047.5795,1
-400276.1137,315613.1073,1
-400269.9314,315813.5733,1
-400241.8046,316074.1249,1
-400445.6449,310324.921,1
-400315.2662,314815.3053,1
-400155.1767,318127.4166,1
-400071.0481,315706.7612,1
-400048.2721,310442.1373,1
-400041.8607,310994.1535,1
-400029.7848,309690.2005,1
-399902.0287,42233.1581,1
-400064.292,43368.7426,1
-399970.032,310715.9981,1
-399940.5955,311091.5142,1
-399933.7376,313593.045,1
-399914.1853,314247.4338,1
-400034.9356,308623.2828,1
-399971.1649,314567.4429,1
-399915.3239,315025.2196,1
-400218.3166,318522.6174,1
-399781.1262,41720.2261,1
-399820.1351,42057.1107,1
-399815.7711,237067.2998,1
-399961.43,238898.0761,1
-399761.5906,41641.5024,1
-400092.6997,109936.1862,1
-399811.5923,306360.1304,1
-399660.4753,309629.7598,1
-399655.045,309879.8811,1
-399615.5978,287803.6144,1
-399650.7296,310230.6238,1
-399683.0121,310863.1595,1
-399639.0513,311182.6953,1
-401229.9566,312336.8152,1
-399666.1713,304948.7112,1
-399649.3332,314244.6535,1
-399656.1604,305199.5367,1
-399538.0586,236846.0349,1
-399719.2683,315912.4479,1
-399786.4983,317164.2319,1
-401557.7423,319135.7138,1
-399560.9874,40642.9573,1
-399551.0004,287451.2186,1
-399433.0891,305743.1809,1
-399218.8978,306039.8827,1
-399064.9197,304981.2049,1
-399010.4096,306185.3709,1
-398872.9886,305876.0294,1
-399169.6381,305397.2757,1
-398500.9081,65339.1508,1
-398326.5043,284712.3701,1
-398541.812,242560.2126,1
-398207.9478,65488.0381,1
-398089.7655,253588.6306,1
-397963.2469,238126.3365,1
-397913.84,32559.1532,1
-398297.8073,127999.9908,1
-397141.3833,11949.0514,1
-397182.2688,283778.8335,1
-397120.7851,12052.2243,1
-397081.5897,30835.0231,1
-397260.0277,242318.3863,1
-397147.468,10920.0717,1
-396985.8622,294327.5727,1
-397742.7118,294746.9693,1
-397336.0165,33352.6879,1
-396713.4112,148332.9594,1
-396924.8897,30699.0407,1
-396310.0289,13831.9334,1
-395853.9014,17709.422,1
-395683.2728,23536.8503,1
-395659.5437,16029.9922,1
-395764.1725,17294.8612,1
-395968.8179,67685.7138,1
-395709.2091,19718.4099,1
-395374.2233,11005.7767,1
-395404.4056,75039.6969,1
-397838.0283,303449.5997,1
-394837.3921,297885.8828,1
-394326.7106,296886.4227,1
-394896.2903,16933.7767,1
-394164.1997,296393.1379,1
-393935.9586,295355.2818,1
-394820.4355,259392.1747,1
-394912.52,254753.8697,1
-393924.556,279674.8263,1
-393913.3674,294125.1241,1
-392794.8477,200759.6543,1
-393755.8942,277531.0775,1
-392479.5407,279912.8535,1
-395553.4489,287909.728,1
-392844.4287,273379.586,1
-392475.5469,260857.5162,1
-392330.7095,114464.4491,1
-391892.111,200783.27,1
-391441.0714,197736.7857,1
-389452.8086,127223.3121,1
-388132.4244,-46757.1942,1
-387526.9484,-38174.9466,1
-391771.3986,222342.3644,1
-387026.5006,-43456.3189,1
-386914.8701,128209.4805,1
-387247.7981,-33839.5484,1
-386829.2666,-31687.3394,1
-384856.2538,-38823.8991,1
-384632.6923,-31084.5604,1
-383790.5722,-56462.8084,1
-383791.0404,-56152.2796,1
-383794.3949,-56272.1739,1
-383760.4277,-54567.2352,1
-383782.0911,-55515.1033,1
-385194.5099,-51376.0369,1
-383268.1076,172502.8088,1
-382841.327,-37578.1141,1
-381029.8732,-12480.4622,1
-381065.7447,-4457.5532,1
-380982.2234,-12855.1513,1
-380708.1232,-14783.5967,1
-380039.7375,-15299.3016,1
-380049.794,-15433.6965,1
-380007.039,-15636.5835,1
-380608.3939,-48439.032,1
-379929.1407,-15771.6265,1
-380356.639,-23683.9503,1
-379451.0484,-8586.4427,1
-378794.4441,-18299.9885,1
-379351.6537,-16573.1791,1
-378684.8347,-17555.7225,1
-378633.5822,-30887.549,1
-378814.1761,-46522.9885,1
-376316.3855,-16957.1818,1
-377316.7814,-21567.8809,1
-375351.5333,-43995.6875,1
-376016.0029,-698.5452,1
-375173.5381,-46137.6755,1
-374484.8778,-47721.3246,1
-374397.4771,-47809.8662,1
-374390.4904,-47865.9947,1
-374367.0633,-47929.4736,1
-374151.9263,-49926.6697,1
-376214.1478,-36682.1113,1
-374005.7962,-49798.1727,1
-373855.0862,-49684.0592,1
-373894.8187,-39126.742,1
-373822.981,-49655.7983,1
-373790.8675,-49627.5344,1
-374131.7876,-12339.8705,1
-373758.6797,-49599.3174,1
-373706.5792,-49562.8246,1
-373884.7722,-48647.7337,1
-373642.6615,-48894.0295,1
-373575.7644,-48972.8201,1
-373527.4782,-49016.9566,1
-372808.9877,112309.0491,1
-371413.5179,-51601.2691,1
-371363.3733,-51678.4299,1
-371337.6459,-51715.8897,1
-370920.5885,-52501.0178,1
-369600.4072,-45031.5785,1
-369592.1522,-44567.0083,1
-369525.2647,-42344.5248,1
-369483.2462,-45742.4958,1
-369295.1736,-43369.7808,1
-371935.092,-34003.2382,1
-367285.9859,-42505.2347,1
-364808.407,-20482.5888,1
-364746.8398,-20633.8682,1
-364749.1468,-21460.6234,1
-364663.7807,-18490.0438,1
-364435.354,-23384.0507,1
-364453.9181,-21578.2603,1
-364234.4393,-22222.1182,1
-364138.6983,-31434.2045,1
-363370.4356,-27373.8858,1
-362900.1927,-36266.7092,1
-375167.8259,-8562.901,1
-363163.513,-37964.249,1
-360687.7816,-30343.2534,1
-361884.3963,-40487.9438,1
-360539.78,-30970.9011,1
-359713.1564,129048.3939,1
-360160.8013,-20172.6603,1
-359539.7057,-16942.98,1
-357281.6371,-38541.9924,1
-357186.877,-38678.6425,1
-357158.881,-38711.336,1
-357206.8134,-37666.9724,1
-357123.5199,-38764.6588,1
-357093.0302,-37876.8667,1
-359317.6035,-39948.8448,1
-357410.9125,50316.0836,1
-359971.2326,-34565.503,1
-354029.3456,-50788.3235,1
-354781.0708,123319.0343,1
-353692.1905,120028.0952,1
-352410.4825,129751.8581,1
-353583.6729,48128.7023,1
-355572.9854,126682.392,1
-352947.3251,-43090.3686,1
-351798.3043,122957.913,1
-351832.5824,-45445.8538,1
-350318.0403,-34974.149,1
-351499.4082,-48607.6659,1
-349853.4533,46209.2013,1
-352593.8381,-25874.0678,1
-348281.0823,-53509.169,1
-347919.7353,-53796.1432,1
-347883.8881,-53822.4535,1
-347335.6747,45673.8042,1
-347021.8749,-54367.8503,1
-346986.0412,-54398.087,1
-346991.9711,45414.6778,1
-346832.0112,-54634.0769,1
-347852.9217,123634.5391,1
-346620.8124,-55172.3475,1
-346593.8907,-55241.2418,1
-346700.5506,-54882.0058,1
-346566.9689,-55310.1362,1
-346784.1877,33692.1077,1
-346454.7273,123465.2727,1
-346687.9045,39996.0061,1
-346073.0684,-27026.0541,1
-346295.3144,45284.5415,1
-345846.3282,44967.5259,1
-344116.1997,30938.3189,1
-350305.5565,-42934.1199,1
-342438.7937,48253.5491,1
-341957.4602,48360.3889,1
-342530.2059,29512.1075,1
-341904.5309,48496.7059,1
-341879.7126,48539.4115,1
-341848.2244,28683.6146,1
-341860.6405,48596.2979,1
-341828.9539,28623.921,1
-341812.091,48676.7725,1
-341788.5757,28562.8996,1
-341785.8651,48713.3684,1
-341759.5127,48749.2452,1
-341722.5851,-54084.7327,1
-341699.0394,-54178.1376,1
-341668.7235,-54237.5251,1
-341519.9186,49079.8864,1
-341458.3409,49167.7019,1
-341557.4847,-54464.8231,1
-341356.9236,-54650.7262,1
-341141.3868,49793.2709,1
-341334.3428,50505.8506,1
-341096.4951,50611.3186,1
-341165.3045,-54807.7527,1
-341143.2757,51055.029,1
-341068.2917,-55045.5723,1
-341008.4028,-55196.7442,1
-340829.7703,-55528.9088,1
-340568.0855,-56157.5534,1
-340361.7807,-56585.2126,1
-338722.4515,25206.0272,1
-346554.6135,133337.0324,1
-339566.1976,-58171.0977,1
-337689.268,-54494.5256,1
-337654.2256,-54612.605,1
-337624.5379,-54727.9221,1
-337678.7936,-54277.3344,1
-341256.2663,41352.8717,1
-337468.0916,-53849.1731,1
-337426.6976,-53873.2796,1
-337468.8053,27888.4194,1
-337254.76,-53877.195,1
-337119.6754,28609.0791,1
-337089.533,28668.7983,1
-337059.3906,28728.5175,1
-337029.2482,28788.2367,1
-336999.1058,28847.9559,1
-336968.9634,28907.6751,1
-336938.821,28967.3943,1
-336908.6786,29027.1135,1
-336878.5362,29086.8328,1
-336870.9111,29607.0468,1
-336843.3227,29166.552,1
-336841.6557,29514.6334,1
-336813.1803,29226.2713,1
-336812.4002,29422.2201,1
-336782.7136,29289.592,1
-336955.9994,-53513.8677,1
-336482.6633,-53614.3764,1
-336386.8885,-53738.9066,1
-336320.6172,-53810.6172,1
-336150.7768,-53314.4077,1
-335619.896,87705.7008,1
-335663.2918,-53308.8601,1
-336581.8208,84857.8592,1
-335594.1579,148845.8092,1
-336088.4363,83404.083,1
-335010.9072,63613.5677,1
-335581.2285,-30738.4873,1
-334443.2081,148774.6529,1
-334410.7522,60349.3042,1
-334207.3639,60585.3258,1
-333902.7041,79005.965,1
-333720.1855,-50142.8779,1
-333670.7824,-49904.88,1
-333665.7305,-49627.0259,1
-333634.4999,-50224.4638,1
-333604.419,-50254.3836,1
-333542.4426,-50303.7613,1
-333356.4611,-50449.7871,1
-333159.7033,-50619.312,1
-333482.7789,-34976.3613,1
-332924.6659,60817.6275,1
-331937.3847,-53753.4078,1
-332100.138,-57436.762,1
-339702.2933,146725.1079,1
-332336.3968,82582.1181,1
-337754.3308,94656.5608,1
-330516.1448,-51975.5039,1
-330200.8873,153529.4883,1
-329408.1579,-53500.4386,1
-333372.5319,69886.7434,1
-328016.5517,-53066.604,1
-327729.4849,-43636.8808,1
-327748.045,-43467.3781,1
-327730.7394,-53408.9076,1
-327312.1078,159089.1385,1
-335968.8634,-36707.1271,1
-326749.3283,-54986.2647,1
-327154.4861,-54634.9452,1
-326675.991,-55052.7371,1
-326633.2443,-55100.4904,1
-326587.8646,-55113.8467,1
-326449.2131,-55019.9864,1
-328448.3371,-56819.9853,1
-325707.5653,160762.9753,1
-325046.5909,125605.9091,1
-325067.1502,124655.9898,1
-324223.7116,-47133.8176,1
-324671.2379,51000.2412,1
-324818.9248,-56291.1964,1
-323840.7444,-57353.8631,1
-323836.1281,126081.2244,1
-322706.1148,-57345.4164,1
-326691.2451,-49319.3062,1
-322142.7805,143831.7871,1
-321720.3518,159960.7643,1
-322153.3019,132977.3899,1
-321626.9476,-50916.1371,1
-321592.2943,-50857.305,1
-321572.3518,160054.0242,1
-321529.8891,160112.9237,1
-327658.0409,157934.7179,1
-321379.6552,146409.3103,1
-321307.6984,-50526.7145,1
-320871.5714,-50167.3329,1
-321171.4933,163196.7261,1
-320694.9894,-50101.1266,1
-320992.1341,150423.1098,1
-320546.797,-49834.2066,1
-320628.9735,-49973.4896,1
-320518.0116,-49802.1821,1
-320694.5745,45910.8511,1
-320427.3223,-49525.0565,1
-320395.375,-49599.1373,1
-320364.999,47876.6172,1
-320368.1464,48465.7969,1
-320044.472,165222.1013,1
-319914.9817,49891.6286,1
-320009.8116,-50585.6966,1
-319897.9488,139029.8053,1
-328941.753,111669.5825,1
-319075.5753,128100.8684,1
-318729.0016,-49273.4068,1
-318689.9888,128139.3078,1
-318619.2362,48065.4322,1
-318456.5728,139604.9987,1
-318882.6107,-50051.134,1
-318866.0771,164873.0618,1
-318056.3281,48570.1788,1
-318459.7583,137354.9877,1
-317340.0567,166121.7028,1
-316530.506,48940.8342,1
-316215.8276,122192.1724,1
-313928.7161,-64361.2608,1
-316596.5185,-49278.6827,1
-312901.3716,37827.4104,1
-311884.6323,35711.374,1
-311816.6101,-56904.2818,1
-311902.842,-77544.3572,1
-311467.4022,36150.4499,1
-310798.6976,9927.9061,1
-310809.9815,10793.9996,1
-310752.0626,172464.4272,1
-309567.0574,-79278.6262,1
-310087.5691,37276.6607,1
-309083.567,174058.8571,1
-309885.8108,-59554.7976,1
-307660.4047,174217.0391,1
-307432.7366,175645.1019,1
-305880.6354,-64360.8967,1
-305739.8734,178082.4895,1
-306973.5233,-81134.8654,1
-305620.2139,178112.5754,1
-308827.6912,-54133.0272,1
-305160.875,-57393.4953,1
-305476.8919,173379.3723,1
-305776.4202,174087.3356,1
-304022.2421,175112.97,1
-302401.0807,179460.7955,1
-302347.4948,179495.5166,1
-302313.9089,179522.8772,1
-301364.7099,-61693.3549,1
-301162.1883,180325.86,1
-300592.9353,-74884.892,1
-300236.6279,24850.814,1
-300409.9152,180931.4797,1
-300097.34,-61179.176,1
-311357.9719,172855.6973,1
-301268.2498,170180.7665,1
-300451.7876,172543.5747,1
-299642.6932,-77853.073,1
-299515.4575,-77843.5886,1
-308219.4481,114205.5569,1
-299565.9317,-47156.4596,1
-299148.6773,113100.3665,1
-298924.1932,167708.7787,1
-298423.1776,-48362.8037,1
-298859.7253,174109.5947,1
-298733.1763,177589.8033,1
-297547.5269,23959.6237,1
-297113.1928,21676.8072,1
-297307.774,175593.525,1
-297007.9464,222.8619,1
-297251.1456,-2227.5317,1
-296226.814,-49897.3628,1
-296527.2958,115885.5626,1
-295621.8421,31498.1579,1
-295167.4468,32141.4894,1
-295208.4783,-51917.6087,1
-294999.4381,160411.3788,1
-295643.4829,174034.402,1
-295511.6564,177523.4018,1
-295851.1877,-5815.4374,1
-295057.0463,30152.4555,1
-294699.2363,160213.5263,1
-293730.6122,-7132.9592,1
-293773.5366,-53414.2683,1
-293927.247,172470.5979,1
-293717.6462,28718.6075,1
-299244.3046,-68740.6074,1
-292068.8909,31471.8727,1
-292055.4706,113493.2443,1
-291483.3096,159586.875,1
-291205.4513,160651.7491,1
-295011.409,110538.4602,1
-290918.0384,160619.2519,1
-293085.9391,38889.1127,1
-291262.6296,168841.8103,1
-291214.8735,178312.7,1
-290745.3296,160173.6873,1
-292024.4249,-75839.904,1
-290620.4664,160587.7691,1
-290856.8737,-7977.0367,1
-290296.9013,106740.3886,1
-292491.6955,175514.542,1
-290759.9325,-67731.3193,1
-290668.3428,-13791.8626,1
-290221.9333,169450.9033,1
-290283.7805,-74925.7317,1
-291633.3784,110051.6016,1
-291540.9396,171531.0826,1
-290849.9822,-55308.4561,1
-295217.3395,181311.5942,1
-289130.8506,133538.7759,1
-288705.706,29257.2917,1
-289511.8399,174065.8171,1
-288925.6108,167722.3479,1
-288602.2578,172987.9539,1
-289381.6046,-8813.5855,1
-288136.2903,132768.871,1
-287588.6066,-10334.7541,1
-287578.3264,180790.7665,1
-286990.8955,158429.638,1
-287697.3293,175360.5312,1
-287672.4413,165728.8569,1
-286964.184,105715.3359,1
-287082.5277,22808.2103,1
-286262.1759,107821.9141,1
-286084.1609,107937.7987,1
-285969.6403,179810.6637,1
-285881.8191,91614.0014,1
-285725.155,-80733.0077,1
-285361.4321,102904.4138,1
-285623.803,108375.0419,1
-300904.2132,165166.8104,1
-286141.9233,164007.3085,1
-287602.3339,170453.0147,1
-286058.7972,173732.3768,1
-285973.6698,104546.0354,1
-285082.2034,-61754.9856,1
-284946.118,-61517.6342,1
-285088.5182,161799.3671,1
-284879.7259,-61440.9622,1
-284844.8504,-61310.5628,1
-284865.9781,88293.1373,1
-285069.4968,162952.8092,1
-284861.5916,103841.3455,1
-285322.7632,-59987.6974,1
-284790.9076,156624.1073,1
-284698.215,-79542.62,1
-284102.7205,163048.5863,1
-284495.9918,159147.5802,1
-285281.9169,166486.1492,1
-284122.5116,87038.3117,1
-284462.2436,172078.0278,1
-284474.4495,175307.9251,1
-286518.2016,-76623.5887,1
-285889.0392,-57011.4144,1
-282331.8475,161699.082,1
-282335.7723,-56484.5185,1
-282450.0224,176100.2167,1
-284405.264,98687.0462,1
-281890.5431,172474.7208,1
-282299.1315,97542.4975,1
-282054.3834,162071.0973,1
-281211.3632,-57090.2664,1
-280361.3121,20577.8369,1
-280080.2812,162386.6313,1
-279582.8909,162987.777,1
-280692.1083,-20593.8448,1
-280511.0355,104587.5049,1
-279621.9078,185108.6184,1
-284287.5997,25351.1722,1
-278559.3088,-45653.1618,1
-279075.1621,106337.5523,1
-278316.7968,162916.7655,1
-277926.9413,166042.2588,1
-278182.0073,21002.7372,1
-278281.8561,173864.1558,1
-277645.1735,163498.9158,1
-277163.0989,163100.1965,1
-277099.96,163635.9785,1
-277150.8167,162925.0822,1
-277281.5624,185821.3565,1
-277989.3507,22413.9672,1
-277272.1591,-42571.4205,1
-277655.5702,181268.0256,1
-281197.4242,-83766.7908,1
-276886.799,85186.3934,1
-276077.9167,-45761.5476,1
-276212.5248,19915.495,1
-275520.3339,165143.7436,1
-275060.9672,158522.3191,1
-275045.0003,159644.8328,1
-275038.7122,158744.135,1
-276861.3398,98438.834,1
-274830.5615,159378.4911,1
-275406.3624,97491.8258,1
-274665.5678,-55524.1798,1
-274402.7966,-45687.2034,1
-274268.7931,-69002.3793,1
-274414.5395,-51307.1053,1
-276668.5003,-59741.5146,1
-273353.2476,185788.9637,1
-272922.6923,-71462.1429,1
-272891.2887,-50749.6392,1
-272475.4839,-46313.9516,1
-273095.9931,95193.8915,1
-272101.652,-58604.7357,1
-272025.9292,-51691.5929,1
-272394.9872,187306.2779,1
-272489.6033,103830.7493,1
-273401.4465,8562.6425,1
-271675.0775,-67330.2073,1
-271329.8372,-66463.8841,1
-271246.0616,-66333.1846,1
-272243.2788,-53991.5607,1
-271162.2093,-45702.5581,1
-271379.8157,7848.4644,1
-271479.6047,-57320.1581,1
-275606.9431,-92510.7146,1
-275680.6126,90545.799,1
-270051.6114,177765.6532,1
-269169.8634,2078.8169,1
-270241.2848,102034.9555,1
-269868.4771,-65520.343,1
-268529.8254,181387.897,1
-267657.5,-64907.5,1
-269225.8552,-56292.7719,1
-268064.7948,-30833.1676,1
-266788.6733,187948.776,1
-266972.0998,2394.6743,1
-266154.1903,136851.8076,1
-266400.9633,-66179.9541,1
-266353.6958,189437.8626,1
-266360.4518,-57107.467,1
-265406.2322,188467.639,1
-265752.3557,137616.564,1
-265326.7758,-57693.4272,1
-265184.0538,-55925.6309,1
-265040.589,-1003.9488,1
-265238.8523,186227.8939,1
-264379.0976,-68841.5854,1
-265197.485,-53820.1811,1
-264258.1891,190418.5737,1
-264371.875,137999.375,1
-264054.6574,182674.3194,1
-263723.1059,-38374.947,1
-263674.9164,184307.377,1
-263288.3118,183911.0986,1
-263722.6142,-18587.3604,1
-262927.3808,-5448.7297,1
-263630.7187,-41883.56,1
-262847.0407,144177.2322,1
-263542.373,-46967.2319,1
-262214.6703,-68330.6044,1
-262741.4968,182324.1455,1
-261403.0414,191504.599,1
-261347.6695,-34086.9237,1
-261323.4932,104048.1233,1
-260376.0,-66408.8824,1
-260761.8768,-62834.9186,1
-261516.7449,157150.7265,1
-260833.2264,-43675.4899,1
-259199.1558,156186.5584,1
-259040.4444,-10824.9021,1
-258718.0322,190504.0918,1
-258438.3,153589.8,1
-259054.2308,192121.3533,1
-258168.844,-34100.1811,1
-257700.3263,-59963.8437,1
-258284.7579,-50631.897,1
-258062.0642,155218.2385,1
-258405.3466,-3102.7707,1
-258731.9935,-40634.2077,1
-257665.829,-52948.5515,1
-256922.3077,158573.5385,1
-257213.4495,157150.2205,1
-257117.7103,175997.039,1
-255162.8336,192413.3975,1
-252497.8248,169215.1043,1
-252496.5499,169290.3779,1
-253805.5407,-52504.7229,1
-252396.8936,-62793.8926,1
-252382.623,169342.5351,1
-252491.7619,-87897.8571,1
-252247.2194,-62687.1888,1
-260542.314,-110623.1041,1
-252120.0,-53517.1875,1
-252078.8095,-65409.7619,1
-251788.3049,185636.4902,1
-251468.9694,187446.4525,1
-251283.6264,-50788.8462,1
-254072.7926,-57973.403,1
-251049.5735,173297.2597,1
-250708.5917,185413.0496,1
-251834.8134,-82495.5943,1
-251023.2209,-62532.4769,1
-251869.2303,169067.1316,1
-246923.2724,190077.1016,1
-247285.8377,11494.5417,1
-248807.2987,-49518.4416,1
-246699.3681,190533.6137,1
-248979.3166,191390.6042,1
-245617.0,-80851.8333,1
-245393.4066,-1151.5385,1
-244646.3372,-76505.5814,1
-244827.5676,-32170.0338,1
-244743.1452,-81920.4435,1
-244467.7397,-75522.5342,1
-244054.322,-53028.4322,1
-243963.9677,-83961.5565,1
-242722.8571,-55432.619,1
-246349.1338,-5328.0419,1
-242642.0565,-34992.9435,1
-240316.9286,-77614.9286,1
-239334.5858,9546.8343,1
-238905.6569,-78312.8102,1
-239376.3925,-88558.8596,1
-238406.9904,-79498.4713,1
-236986.6994,-81842.6879,1
-236162.7351,-80768.3774,1
-240273.071,-269.904,1
-231607.0102,-7943.5355,1
-229060.5259,-133004.1068,1
-228709.0394,-77873.5602,1
-228144.5791,-78096.6108,1
-226747.1737,-78761.3472,1
-225328.9702,-81359.6721,1
-225029.8643,168295.5765,1
-225214.6783,168106.7129,1
-225040.5012,-81712.3631,1
-224410.2806,-17669.4203,1
-224137.6333,-17601.9473,1
-223952.6543,-82412.2681,1
-223620.5957,167522.803,1
-223121.2407,-82747.4173,1
-224082.3868,-79019.8672,1
-222196.2285,100316.5727,1
-219950.391,-81566.1718,1
-217674.4332,-82852.0618,1
-217648.2793,104569.2968,1
-216701.6352,-83464.6746,1
-216447.0703,100894.0536,1
-216414.0382,100862.6791,1
-216380.1336,100839.5591,1
-216355.1001,100807.9044,1
-216324.5556,100774.1552,1
-217056.9588,-141756.3144,1
-216046.0922,-83916.986,1
-216150.0308,100632.9289,1
-215961.3774,96730.2637,1
-218269.9056,102342.9531,1
-214766.0641,96189.6757,1
-214227.0872,95734.8535,1
-217281.1064,-87884.2048,1
-214029.3519,95731.302,1
-213778.7432,95678.5275,1
-212871.3889,-97201.6667,1
-214115.0892,-92707.7386,1
-213295.9768,95136.4751,1
-212630.803,94544.3949,1
-212609.0892,94264.4963,1
-221541.4634,-17407.2603,1
-211597.4622,-30123.015,1
-210582.2981,-98269.5314,1
-208591.4593,-23142.6232,1
-208489.5409,-25123.2462,1
-208154.2555,-98394.1642,1
-208789.0446,109569.1613,1
-210691.3155,-35015.418,1
-207357.5794,-25442.2076,1
-206425.6297,182746.2939,1
-206764.8561,-18437.8342,1
-206009.3727,-18689.5964,1
-206440.2739,-24176.7301,1
-205253.9921,-19467.1944,1
-205453.4348,-79650.6522,1
-206396.6887,-100241.467,1
-204577.7695,165841.1621,1
-204929.7448,-20868.6755,1
-204165.7374,-26990.9316,1
-203490.8889,-27900.0155,1
-203272.9156,184701.9286,1
-203300.7473,-27901.6952,1
-204714.52,-92557.9761,1
-203174.8715,-27872.8231,1
-203435.9942,-102069.9548,1
-202769.2518,-103338.5066,1
-203346.9345,-33683.2529,1
-202263.1857,-28954.9684,1
-202052.2584,-104134.8029,1
-200774.4958,-104303.0982,1
-200714.4295,-104332.2303,1
-200730.4732,-32995.0982,1
-200630.9423,-104381.1391,1
-200540.6207,-104425.0197,1
-200484.4582,-104456.3262,1
-200450.3787,-104483.1532,1
-200396.6998,-104517.4838,1
-200363.584,-104545.1082,1
-200330.4682,-104572.7326,1
-200275.6931,-104607.148,1
-200240.7045,-104633.736,1
-200379.2409,-105002.371,1
-199804.3708,-104842.5017,1
-200227.7299,-30999.9385,1
-199148.0523,163499.93,1
-200864.9165,-94598.2572,1
-198947.8036,163577.23,1
-198995.0832,162892.3202,1
-198852.5173,163282.914,1
-198440.0473,-107078.4827,1
-197480.5017,-106880.3663,1
-197366.3074,162103.2181,1
-197476.076,163923.4069,1
-197197.6437,157751.1538,1
-196730.1405,182214.4098,1
-196760.5756,161668.9971,1
-196354.9647,-98756.7067,1
-196571.5385,-33025.8462,1
-198631.6455,-22651.5021,1
-195317.9714,185810.8229,1
-200363.3285,184005.0255,1
-194990.5058,-109729.9257,1
-195136.4554,158565.6969,1
-194970.3355,182108.6817,1
-194828.7843,186253.0715,1
-194808.0703,187065.2466,1
-194882.5469,-109862.4873,1
-194739.6972,-110091.7067,1
-194248.8799,182045.1162,1
-193965.2368,181684.282,1
-193709.4113,181680.8264,1
-193195.4072,-23247.6382,1
-193320.7927,95546.5337,1
-193904.8906,-23995.1059,1
-191865.4766,-113057.4156,1
-191659.8892,-113457.772,1
-192672.3557,93559.7466,1
-191471.9263,125004.1747,1
-190808.7536,124472.7483,1
-193740.0829,-97268.7949,1
-190333.5811,95722.5811,1
-189563.8365,166255.6577,1
-188987.1986,-118848.8325,1
-189990.9462,-167536.8473,1
-188756.2806,-118977.9919,1
-188689.0991,-119022.356,1
-188600.7164,-119064.9876,1
-188363.1779,-119016.2624,1
-188320.5299,-118936.7193,1
-188283.7147,-118885.79,1
-193723.3557,-101310.9834,1
-188020.1168,-169744.0638,1
-186903.2405,-106321.1256,1
-186812.2955,-106350.7227,1
-187338.3939,-119835.1952,1
-186817.5049,89107.5836,1
-185603.7171,-28135.5381,1
-185549.8419,-28169.8862,1
-185394.2447,-28285.8705,1
-186160.8639,93081.8814,1
-185634.6969,-120443.4679,1
-185218.4975,-28408.9219,1
-185066.1362,89047.3658,1
-184149.1572,-168397.5406,1
-184323.809,-168802.7149,1
-184101.0662,85747.6857,1
-184054.9288,-108291.3347,1
-183421.111,-109323.5643,1
-183391.174,-109412.9879,1
-183366.5951,-109452.7221,1
-183330.7461,-109531.3984,1
-183300.1944,-109590.3814,1
-235719.5727,94358.0026,1
-183228.7691,-109786.1838,1
-183181.8042,-110105.9592,1
-183182.4055,84685.3641,1
-182704.6216,177271.7063,1
-182245.3977,-110883.5989,1
-182073.0832,-111001.4373,1
-181947.844,-111032.6776,1
-181630.1426,88248.2277,1
-182039.2203,-120332.3859,1
-180869.2384,-121105.9541,1
-180864.4988,-121156.3126,1
-180782.6033,-73740.124,1
-181048.8045,177763.4187,1
-179457.8133,-123276.2313,1
-178651.0118,-112501.0809,1
-178621.6507,-112531.7634,1
-179063.3109,-112095.6563,1
-178994.4607,178136.8898,1
-178444.8512,-112808.2062,1
-178466.3294,-112608.5257,1
-181504.5666,-32695.1562,1
-177924.4236,88566.7626,1
-177303.5587,-114214.7896,1
-177716.9085,-113504.1242,1
-177063.6734,-114513.7274,1
-177033.6252,-114543.5809,1
-177003.5016,-114573.4588,1
-176973.378,-114603.3367,1
-176923.2543,-114643.0925,1
-176883.0071,-114692.9704,1
-176907.3432,82896.7038,1
-177292.614,-126003.2599,1
-176087.885,-115432.0487,1
-174848.4301,-128047.3068,1
-174233.3925,163938.3304,1
-173902.2198,-116749.8963,1
-173846.3068,-116990.9117,1
-174118.7698,79246.8305,1
-175740.3396,-36181.7359,1
-173211.1959,79319.5993,1
-173128.0345,-128637.5145,1
-173036.4035,-128755.452,1
-173008.6578,-128788.1311,1
-172855.3736,-128965.3274,1
-173329.4732,163813.5818,1
-173193.9738,-129476.1271,1
-172243.3994,162882.1425,1
-173016.8656,-58058.7154,1
-174274.5754,-146698.8056,1
-173684.0964,82881.8314,1
-171390.1023,-131050.2086,1
-171155.8415,-130825.6644,1
-171102.3682,-130790.8202,1
-170958.0054,-130976.6708,1
-171606.0419,-152197.2233,1
-171673.3455,165020.1162,1
-172005.1174,-118569.5338,1
-171514.8869,80189.3446,1
-169994.9731,-66497.233,1
-176055.041,86476.2538,1
-169852.1197,75606.7335,1
-169827.6038,-132141.3727,1
-169693.2031,-64740.0022,1
-169786.0431,-131970.0988,1
-169685.4445,-64635.0036,1
-169685.3905,-64155.0036,1
-169663.48,-64852.9797,1
-169202.6591,-154473.1981,1
-169232.2516,-154396.5344,1
-168918.1125,75148.2902,1
-168846.0247,74459.4432,1
-169245.7677,81402.6083,1
-168191.6524,-156039.2513,1
-168156.2687,-156061.3033,1
-168093.5637,68599.4777,1
-168066.79,68529.9518,1
-168037.3337,68447.4871,1
-168004.1,68394.3105,1
-167976.8938,68360.4337,1
-171765.4926,-65837.2204,1
-167942.4812,68306.5569,1
-167915.2749,68272.6801,1
-167917.4423,175920.5824,1
-167846.356,175923.3637,1
-167744.5996,175927.345,1
-167707.2535,-69254.9253,1
-167686.9495,-69624.2955,1
-167624.6843,175933.2245,1
-167566.4367,-156938.1103,1
-167486.6763,175955.1358,1
-167368.7711,175959.9668,1
-167264.7852,175964.191,1
-167476.3423,67956.2642,1
-167208.2895,175981.4859,1
-167127.3883,175984.7724,1
-167008.7227,175989.5929,1
-166935.2763,189894.6363,1
-166927.9338,-157179.5436,1
-166899.6495,-157208.6725,1
-166904.7793,175993.8154,1
-166845.2059,176011.2354,1
-169260.4127,-41843.3657,1
-166766.3949,176014.6779,1
-167488.94,71891.8164,1
-166543.8513,176043.7301,1
-166304.8831,176054.1349,1
-166170.4663,176054.1723,1
-166052.0646,176049.2115,1
-165915.6653,176022.5825,1
-165840.2087,-158280.3114,1
-166317.0415,-158175.0235,1
-166323.6602,-151016.1535,1
-166556.4017,68341.7054,1
-165584.9419,-158466.8814,1
-165112.3054,-161158.9719,1
-165165.6734,-161049.5019,1
-164771.996,69810.1537,1
-163590.7011,-163831.7216,1
-163602.8007,-163754.2874,1
-163605.0778,-163628.8219,1
-163380.8664,186994.2694,1
-163080.5406,174809.7453,1
-162424.6224,72049.7615,1
-162200.3656,69081.125,1
-161901.3807,69703.6398,1
-161471.9286,68212.1612,1
-162450.9482,72925.7399,1
-165489.3102,-123282.1892,1
-164771.5037,-97312.9567,1
-160790.1174,185211.2055,1
-160325.3098,67746.3168,1
-160000.3516,-172993.3569,1
-159267.9327,-156247.5945,1
-159288.0216,68588.017,1
-159230.0877,170610.614,1
-159444.4913,-174328.6861,1
-168264.4668,76941.7456,1
-157882.7708,-171261.7183,1
-157850.0838,-171313.4815,1
-158398.6177,-117653.0887,1
-157797.9538,-171359.0442,1
-159291.6416,-155017.2479,1
-163734.3938,-137797.3834,1
-157752.7017,-153039.1972,1
-157642.2347,-153002.0915,1
-157545.1069,-152974.0113,1
-157422.587,63685.6699,1
-157368.3046,63750.8767,1
-157415.0043,-152912.5311,1
-156605.1779,67466.0164,1
-156240.0668,-60365.8796,1
-156044.4758,-126900.1787,1
-156457.6891,92673.687,1
-155505.0216,-151358.6215,1
-155029.612,-58939.3348,1
-155620.1462,-78794.9415,1
-155531.47,89290.1793,1
-154994.5298,-173972.8792,1
-156392.386,-146915.0945,1
-152675.2548,-109703.2166,1
-150604.9468,166758.5345,1
-149860.0891,58973.8717,1
-149454.3429,63040.6466,1
-152977.557,66944.4654,1
-149175.625,-111715.5,1
-149229.7408,-124323.1538,1
-154603.4441,-132148.4106,1
-148446.3645,62284.287,1
-148307.5123,165930.8289,1
-147710.0202,-138767.379,1
-147551.4903,-138844.2307,1
-147562.3384,168709.3557,1
-147417.1138,58334.6164,1
-147735.0,-112395.9317,1
-146805.4378,53460.7188,1
-146397.2538,58710.0154,1
-146252.8356,-139952.0402,1
-146883.7386,-139211.7906,1
-146374.5562,58142.0148,1
-147509.5946,64397.0175,1
-146954.0569,166841.4646,1
-145043.384,-100464.113,1
-146217.3482,-114269.205,1
-145431.682,62029.6736,1
-143994.0627,103293.275,1
-142161.5895,162620.1827,1
-143009.6775,-97312.4229,1
-141703.9232,-94042.7069,1
-144514.0142,52855.2439,1
-140149.9451,-113141.3736,1
-143632.0061,-140456.3427,1
-139722.4966,-143195.439,1
-139659.5206,-143224.1437,1
-139896.584,111564.6418,1
-140873.6502,-131370.6943,1
-138924.4333,-143462.1059,1
-138851.262,-143404.7886,1
-138992.021,110779.3291,1
-138790.427,-143244.7988,1
-138717.7866,-143162.4143,1
-138687.0972,-142996.9347,1
-138686.396,-143108.6963,1
-139918.7208,52200.7207,1
-138669.7705,-142710.7536,1
-138153.5837,-115922.1222,1
-138060.3703,-115980.2473,1
-138208.885,-142756.4737,1
-138914.4157,-118861.0434,1
-137940.1977,-142834.7562,1
-137789.6341,-142830.0692,1
-137732.2688,-116282.2876,1
-137697.0566,-142800.9704,1
-137515.0153,-142772.245,1
-137477.0695,-142749.2043,1
-137407.9133,-142691.7717,1
-137437.0183,-116521.426,1
-137268.8003,-142596.3398,1
-137218.4092,-116551.1857,1
-137202.8623,-142566.4965,1
-137084.1248,-142484.5806,1
-137062.6456,-142182.5004,1
-137033.2132,-142026.5713,1
-137003.8965,-141872.2777,1
-136982.396,-116521.3199,1
-136937.5085,-141543.0655,1
-143146.4508,-111828.406,1
-136675.7881,-117950.8816,1
-136649.6531,-117989.4103,1
-136586.7048,-118047.7532,1
-136648.8473,-141535.5282,1
-136513.5219,-141488.6238,1
-136492.3824,-118106.7703,1
-136385.3966,-118415.7356,1
-136131.2819,-118697.3069,1
-135972.1317,-119282.6509,1
-135867.082,-119630.8606,1
-135837.3877,-119749.2608,1
-135778.49,-119906.6445,1
-135748.3527,-119967.6938,1
-135649.2441,-120065.9809,1
-135293.0566,53474.9387,1
-135182.1859,53344.1313,1
-134643.8487,51198.915,1
-134607.7917,52279.4421,1
-134409.8848,54293.9666,1
-133269.6312,160577.5549,1
-132594.3033,59052.0185,1
-132981.1032,52026.8123,1
-132303.464,58477.9635,1
-131807.755,168031.4855,1
-131666.3482,59337.222,1
-134801.6633,-145387.4163,1
-131605.9805,-153610.1691,1
-132304.5632,56523.6739,1
-131023.8381,-126577.5875,1
-130554.5847,-126535.6254,1
-130522.3775,-126563.6657,1
-131503.6432,-132542.8034,1
-130073.2273,-129901.1607,1
-129694.0868,-137517.0799,1
-130256.1442,-137702.7365,1
-129540.9496,-127018.2918,1
-129493.1162,-126959.2745,1
-129408.3686,-126954.6616,1
-129346.5806,-126983.8409,1
-129290.209,-126958.3567,1
-129206.9384,-126959.1686,1
-129146.6629,-127012.771,1
-128903.8518,59451.8042,1
-128844.2066,-128790.4349,1
-128889.1885,159143.9215,1
-128096.9799,-151677.5918,1
-128051.2758,-151843.9766,1
-128046.3867,-151221.8177,1
-127743.2745,-152419.9413,1
-127683.2619,-150851.3748,1
-127252.7173,-153522.5391,1
-127515.474,-145782.1219,1
-126496.944,-147702.7467,1
-126201.7315,-151330.5262,1
-124582.7948,-149443.9563,1
-124619.396,-149659.6801,1
-125513.3596,-154920.2242,1
-124468.5941,-149758.7626,1
-124437.2316,-149787.5636,1
-124633.8971,33251.9806,1
-124417.0568,-154727.7474,1
-124179.727,-146531.4297,1
-123924.1257,-139464.7288,1
-123894.6697,-139493.8113,1
-123860.5615,-139546.1272,1
-123830.1437,-139601.0041,1
-123799.4025,-139697.69,1
-132182.6086,-105789.1191,1
-123836.5186,-146210.2506,1
-126994.0322,-139996.3647,1
-125390.4774,-135898.2939,1
-123020.6503,-145472.2248,1
-122844.1264,-145440.9378,1
-122745.2705,-145419.745,1
-123529.9846,-151825.7815,1
-122156.7026,-145292.1369,1
-122583.0723,157728.494,1
-122121.3511,-145265.6429,1
-121735.2449,-146913.2742,1
-122981.644,-147716.6291,1
-121758.5996,-137082.0687,1
-143418.5205,-62893.0533,1
-120732.0941,-136839.7188,1
-124874.8729,-130914.838,1
-121406.2985,-145766.1032,1
-120623.783,101659.8567,1
-120297.1337,-74817.4542,1
-120266.4948,-74846.6512,1
-121846.348,-139149.9425,1
-119411.785,28891.7533,1
-119020.2824,96439.7778,1
-118886.2754,155417.3238,1
-118411.8482,-120911.3407,1
-118324.3997,-120993.3773,1
-118335.5179,155288.5851,1
-117876.468,-121354.8703,1
-117840.9039,-121380.5276,1
-118036.1933,-121133.319,1
-126653.1031,41698.9481,1
-117976.1374,101826.7793,1
-117766.0011,156033.2815,1
-117972.3928,-138709.3121,1
-117077.1869,161273.9245,1
-116996.0971,161308.1494,1
-116935.0073,161337.6326,1
-116827.9641,94574.3481,1
-116490.5915,21451.0444,1
-116345.7513,-152795.6803,1
-116315.594,-152825.4932,1
-116287.1425,-152853.1403,1
-115907.1475,-137965.8629,1
-118445.7457,-149416.9863,1
-115709.8696,-153090.0822,1
-116285.0223,21813.7513,1
-115658.3845,-153043.8615,1
-115564.9386,-165753.8625,1
-115532.1716,-165781.7027,1
-115446.663,-165845.2241,1
-115413.9087,-165873.0646,1
-115361.1697,-165908.8367,1
-115328.5302,-165936.7469,1
-115517.5541,-138257.9421,1
-115262.5079,-165983.6801,1
-116309.684,-142293.282,1
-115088.6686,-183688.5217,1
-129286.8918,-117025.2925,1
-115192.2462,-154120.5032,1
-114883.8506,32298.1846,1
-114744.1035,-127588.9624,1
-116376.8782,-125319.9086,1
-114274.4663,-140161.8738,1
-122049.7361,28578.8982,1
-115734.9153,28678.0138,1
-113953.671,-155573.897,1
-116611.764,157781.0935,1
-113609.2828,105871.237,1
-113340.0058,-128610.0133,1
-113553.0606,108278.9666,1
-113461.2086,25568.2411,1
-112885.2813,25583.7189,1
-113164.741,25113.103,1
-112597.432,-173418.8492,1
-113427.78,-128078.0242,1
-113770.815,-184066.4,1
-113576.619,-158624.5457,1
-112036.5395,-173650.0875,1
-111849.9738,-159043.7435,1
-111504.1834,103079.4898,1
-111063.8518,156329.8891,1
-111123.0435,37434.1304,1
-111564.15,12766.7333,1
-110762.6912,154553.4932,1
-113588.8911,-122299.7256,1
-112179.8389,34902.6501,1
-111646.1576,-189636.463,1
-110519.8165,154163.0826,1
-110358.6846,154295.1714,1
-111537.739,27799.5266,1
-111194.4089,155670.361,1
-110249.6092,158956.8553,1
-110295.3476,159422.1862,1
-110919.88,91873.6434,1
-109634.7701,156817.8053,1
-110638.3739,-173037.511,1
-112161.0751,-161946.4006,1
-109155.0318,157101.9441,1
-108784.8881,-194995.1903,1
-111730.3554,-169624.4208,1
-107441.7739,152177.8047,1
-111969.6478,19267.3301,1
-107409.3409,153511.8326,1
-109494.1034,-176706.271,1
-107668.7776,-196209.2635,1
-107234.8439,-168394.0114,1
-106365.1136,154263.416,1
-108776.0276,-165314.1031,1
-106226.4362,-86097.4452,1
-106193.001,-86124.7555,1
-106160.081,-86152.3222,1
-109125.0043,-145903.1733,1
-107276.4377,-188991.23,1
-106109.2032,-86249.486,1
-106052.3713,-181079.2145,1
-106078.6526,-181272.9865,1
-109561.1448,7784.1117,1
-106680.7489,-169414.9262,1
-105210.8936,8038.8577,1
-106972.5833,10798.39,1
-108714.2835,-184377.8663,1
-104684.7278,-177157.2654,1
-115315.1701,-82603.2028,1
-105047.3199,-187074.3591,1
-103909.8425,90951.8226,1
-104020.0721,155283.0938,1
-103940.7554,-89005.5253,1
-103227.3624,-186613.9128,1
-102848.9102,-192266.8709,1
-105270.0031,-143487.1881,1
-108662.1876,-134708.2881,1
-102937.0695,-363.8123,1
-101552.4506,-3229.3127,1
-102392.7536,-183171.0771,1
-101042.2908,80210.6042,1
-104468.4627,-190764.3358,1
-100589.1579,80852.713,1
-100345.6195,90030.2463,1
-100226.8304,82076.5711,1
-98861.7747,11223.2817,1
-100160.7887,-140221.3705,1
-99656.4011,-147170.1925,1
-99271.5179,-191121.4781,1
-100844.2205,90971.8306,1
-99140.6403,-139170.0409,1
-102356.2588,5638.9466,1
-98775.2761,62741.7028,1
-97432.6324,73362.7695,1
-98118.0646,-140916.4103,1
-96691.7093,-148378.5191,1
-97038.5803,73178.2311,1
-95971.3074,77820.1439,1
-99358.3686,-185511.5051,1
-95824.4193,-14972.1398,1
-95703.0351,-15031.4563,1
-96088.7081,-14083.2807,1
-95399.8903,151275.7854,1
-95477.2749,-15071.8497,1
-95454.2641,-12317.9941,1
-95250.2821,-15236.9579,1
-95079.0422,92395.8389,1
-95040.9091,150382.4515,1
-97880.8663,-93433.2315,1
-94330.5528,-206480.2688,1
-93747.4675,-208178.3633,1
-93944.8141,-207569.2085,1
-96960.0619,-7036.658,1
-93615.3166,-208333.7702,1
-93572.0907,-208381.6295,1
-93539.4322,-150869.2887,1
-93452.1208,-208471.7112,1
-93732.894,151817.799,1
-93490.4941,135383.9398,1
-93681.7719,126597.792,1
-94453.3926,-143391.3261,1
-92105.2734,-156337.9602,1
-92285.1458,150932.1988,1
-90952.6216,-159107.5126,1
-91263.7765,136734.538,1
-90860.0974,-156807.3757,1
-90759.0852,70830.1344,1
-90536.8674,-157113.1021,1
-90454.512,159344.3495,1
-89509.6526,-162432.2259,1
-89106.6518,-161921.5502,1
-89014.515,-162035.2999,1
-89980.2094,-160090.7143,1
-91271.5646,-13914.1643,1
-88574.2308,150281.9231,1
-87690.7284,-173335.2487,1
-87651.6372,-97041.7699,1
-87469.2392,-153139.2077,1
-86973.5737,-158033.645,1
-86737.6977,-153997.6163,1
-86575.531,-154134.416,1
-86404.1765,-154324.6447,1
-86103.2605,-154684.2993,1
-86502.2869,134605.9843,1
-86320.8779,-97685.6107,1
-86315.451,-96668.931,1
-86791.082,-161210.3709,1
-85488.12,72739.56,1
-85198.8667,-152744.9809,1
-84992.3926,-152492.3212,1
-84962.085,-152522.0228,1
-85008.6064,-152406.6486,1
-84931.7774,-152551.7243,1
-84901.4697,-152581.4259,1
-85023.0337,-177335.3109,1
-84729.3259,-152674.7598,1
-85035.117,145040.8736,1
-83635.0375,-209426.2236,1
-83631.9775,-209383.008,1
-83605.8101,-209346.7936,1
-83791.7489,100107.4474,1
-83601.8966,-209453.8334,1
-83571.1935,-209289.9977,1
-83547.235,-209488.1216,1
-83542.785,-209234.8826,1
-83516.0963,-209196.5711,1
-83512.5153,-209514.9152,1
-83466.44,-209105.1051,1
-83478.4538,-209541.6179,1
-83476.5489,-156303.6606,1
-83425.4471,-209576.0867,1
-83455.0918,-153973.7425,1
-83750.4674,-153601.4584,1
-83396.5287,-209606.2081,1
-83341.4011,-156481.9926,1
-83529.4476,135421.5201,1
-83336.6027,-209638.8406,1
-83317.0184,-209136.5863,1
-83275.7754,-209165.1237,1
-83247.3007,-209669.0788,1
-83394.7963,99296.5672,1
-83216.0113,-209101.2107,1
-83090.853,-209074.1133,1
-83024.2554,-209045.7756,1
-82969.4667,-209018.0833,1
-83242.1116,-156796.7443,1
-82891.6196,-209128.094,1
-82905.4793,-208983.9607,1
-82862.8452,-209096.7802,1
-82864.7612,-209017.5607,1
-82896.401,-209221.6575,1
-82794.2853,-209165.2168,1
-82763.331,-209136.088,1
-82731.5354,-209106.7104,1
-82726.2363,-209785.8608,1
-82644.2405,-211321.344,1
-82643.9651,-209816.8925,1
-82625.4519,-209301.6028,1
-82624.6971,-209204.7241,1
-82651.8163,-209075.8177,1
-82616.993,-210963.2557,1
-82614.9156,-211134.2785,1
-82595.5214,-209373.1702,1
-82607.4504,-209842.2174,1
-82586.0291,-211165.5316,1
-82582.2089,-211295.2152,1
-82581.5012,-210919.9148,1
-82555.6402,-210836.7456,1
-82554.7328,-210616.6016,1
-82550.9631,-209874.5034,1
-82521.7648,-210550.3283,1
-82516.6509,-209407.0918,1
-82494.5221,-209906.6681,1
-82453.35,-209436.4907,1
-82457.5886,-209932.8198,1
-83386.328,-211489.284,1
-82584.7578,96460.8581,1
-82400.8949,-209964.5548,1
-82393.2801,-209467.4485,1
-82566.4463,98884.657,1
-82355.7943,-209493.6388,1
-82405.159,-210515.5797,1
-82344.1737,-209996.5156,1
-82300.1622,-209524.7589,1
-82308.7791,-210022.2931,1
-82264.3853,-210461.5132,1
-82255.026,-210056.4218,1
-82225.9249,-210393.6661,1
-82223.0607,-210102.3261,1
-82198.6054,-210148.5622,1
-82197.1801,-210335.67,1
-82167.2333,-210275.5631,1
-82165.97,-210176.7837,1
-82147.3944,-211572.3086,1
-82114.2589,-211623.9797,1
-82122.8927,-211522.7985,1
-82083.5336,-211654.0839,1
-82085.492,-211494.6213,1
-82055.9462,-211688.7222,1
-82061.0755,-209556.662,1
-82023.2399,-211746.3437,1
-82027.2289,-211463.3197,1
-82026.6525,-209590.7549,1
-81993.9724,-211808.6759,1
-81995.8974,-211436.144,1
-81968.4421,-211841.9054,1
-81962.1082,-211009.0492,1
-81984.9315,-209704.1401,1
-81934.7109,-211900.4039,1
-81938.3256,-211395.8587,1
-81937.3123,-210947.015,1
-81904.5126,-211957.2759,1
-81906.1373,-210889.6248,1
-81901.6383,-209763.9036,1
-81875.5385,-210832.8135,1
-81873.2446,-209827.731,1
-81842.2688,-210776.1146,1
-81844.8509,-209891.5583,1
-81815.7487,-210737.2489,1
-81816.4571,-209955.3856,1
-81784.7081,-210645.6211,1
-81783.8666,-210039.213,1
-81754.8851,-210555.0804,1
-81754.9037,-210266.5183,1
-81755.4729,-210103.0404,1
-81725.0623,-210464.5399,1
-81727.9621,-210163.1855,1
-81695.2651,-210373.5329,1
-82258.5739,-156696.587,1
-81382.1018,123081.531,1
-81397.7124,124028.2491,1
-81291.4132,145152.3745,1
-79870.6028,-182582.6991,1
-79904.5059,123009.5834,1
-79025.9556,122664.9905,1
-78955.6056,122925.0849,1
-78378.5782,123546.5281,1
-85992.2505,148902.5914,1
-77740.2562,123482.214,1
-77684.4785,-154352.0661,1
-77676.0896,123683.5551,1
-77584.2794,123797.1318,1
-77572.3302,123939.9342,1
-77347.5781,-154474.2223,1
-77430.763,122954.3147,1
-77070.5503,123432.9606,1
-78068.8859,-153848.4626,1
-77074.3146,-154767.8213,1
-76621.2297,-155013.426,1
-76596.7016,-155060.5287,1
-76569.6384,-155111.7293,1
-76623.9813,124194.5501,1
-76533.2037,-155163.8986,1
-76504.9863,-155196.068,1
-76476.7689,-155228.2373,1
-76448.5515,-155260.4066,1
-76412.1167,-155312.5759,1
-77028.8298,-208742.5196,1
-76222.6129,124591.474,1
-76271.9326,-155463.0415,1
-75836.8893,130261.663,1
-76904.4403,142731.0738,1
-75994.2977,129218.9747,1
-76152.0511,31452.8116,1
-75337.0843,132949.6897,1
-75224.9212,133402.3917,1
-74998.5602,126140.2714,1
-74961.4804,132970.1323,1
-75026.8537,133765.4529,1
-74730.7073,-156510.7386,1
-74682.5418,-156548.1177,1
-74918.3806,126528.1997,1
-74553.0657,-156727.0091,1
-74505.3412,126602.8817,1
-74770.6449,118079.879,1
-74620.3591,151498.78,1
-75347.439,127557.7994,1
-73999.6562,-184421.5401,1
-74841.882,28695.7751,1
-74561.2539,143801.1602,1
-72977.0825,-157854.072,1
-73126.7087,132919.7926,1
-72778.2885,141106.3777,1
-71893.3835,139901.7792,1
-71815.9375,-99787.1875,1
-71483.7226,-190431.6232,1
-71440.9862,-190495.3302,1
-71284.9618,-102035.3285,1
-70832.2007,91591.8752,1
-70800.4649,91620.3961,1
-70790.4374,-191688.7691,1
-70762.3626,-191753.7355,1
-70706.5371,-191807.2467,1
-70673.2691,-192016.0282,1
-70640.2559,-192153.2377,1
-70422.8749,138684.8019,1
-70315.249,91918.4948,1
-70457.4399,89890.821,1
-70135.8208,92161.3017,1
-69990.5095,92430.9843,1
-69965.3376,92470.2855,1
-69763.8436,92693.2758,1
-70158.4713,138367.9859,1
-69979.0835,-24906.2993,1
-69726.2821,-100326.4538,1
-68727.4468,-100318.5655,1
-68669.6487,-100349.8026,1
-68515.446,-100437.505,1
-68457.1109,-100468.4289,1
-68100.698,-103444.9715,1
-68339.9379,94178.2026,1
-67872.5886,-101576.9739,1
-68567.495,113315.1022,1
-66934.4237,132089.4033,1
-66535.3515,132585.151,1
-66533.4632,132786.9403,1
-66147.7785,135225.1595,1
-66289.2797,133636.8316,1
-65912.8856,135777.7865,1
-65755.9163,137314.6961,1
-77186.6516,-18135.5564,1
-65434.193,148228.9242,1
-66285.9296,145500.9718,1
-65392.2429,148032.0485,1
-65342.4054,138325.9255,1
-149134.8664,173618.7964,1
-64835.8287,148120.3423,1
-64589.4594,-200538.3175,1
-64441.5311,141804.5747,1
-64280.5495,141264.9432,1
-64606.8084,135385.0209,1
-65101.0123,-196256.6456,1
-65286.6843,130000.4168,1
-63409.1536,140784.3453,1
-62805.4323,161911.9286,1
-62751.9978,128275.919,1
-62168.5565,141159.8958,1
-62147.5352,150185.3654,1
-61424.9491,161780.6176,1
-69771.1937,132926.3715,1
-59710.8304,130476.9664,1
-59682.8072,128027.2897,1
-59795.804,-160462.0687,1
-58015.8618,47322.3706,1
-57772.7524,47670.0454,1
-57671.5328,127580.5688,1
-58412.2008,-200176.7723,1
-55777.6705,-206005.3977,1
-56207.4832,-108186.4579,1
-55149.9738,-26798.8743,1
-54646.7964,-109555.6254,1
-54474.4893,-109674.8974,1
-54443.6896,-109704.1569,1
-54954.9451,134715.7232,1
-54664.1555,135529.4611,1
-57644.3372,140495.6767,1
-53278.7385,-110758.846,1
-53247.807,-110787.9939,1
-53216.8584,-110817.1459,1
-53185.8169,-110846.2106,1
-53154.779,-110875.269,1
-53123.938,-110904.4114,1
-61301.5753,-163007.8922,1
-52312.3665,-219800.2236,1
-52194.6149,61740.9251,1
-52336.4354,-165750.9901,1
-54373.7272,-205075.4327,1
-52095.3496,61033.0761,1
-51718.2857,-220349.4515,1
-52010.8266,-220712.6037,1
-51360.4521,-166495.2476,1
-51039.8307,-220884.2792,1
-50982.6467,-220852.6404,1
-50524.1657,-167584.9519,1
-51136.2757,-221213.7897,1
-51775.8534,-207076.189,1
-50139.4021,143294.1966,1
-49958.8527,131646.0889,1
-49851.8242,141174.8821,1
-58410.0841,144731.3281,1
-49082.2738,-209602.876,1
-47616.5476,-23493.7118,1
-61661.8562,-36369.7018,1
-45265.7637,142020.5408,1
-45396.536,71826.1411,1
-45157.6294,-159363.6113,1
-45115.2397,136347.725,1
-46215.8681,-23268.8854,1
-43525.4025,-45402.0736,1
-42989.3515,-213659.4233,1
-42958.1079,-213688.3172,1
-42926.8642,-213717.2111,1
-42897.1933,-213784.4769,1
-42895.6205,-213746.1049,1
-42039.9238,-154958.3142,1
-42175.4875,-155498.5119,1
-42873.5899,-24212.237,1
-41689.2577,-178970.9726,1
-41094.8545,144615.2608,1
-40307.2277,-175083.4929,1
-40777.1624,99778.2456,1
-39858.0025,-177118.4828,1
-40993.9066,-156350.8465,1
-39810.7595,-177029.3825,1
-39672.4018,-177119.3224,1
-44938.3639,-164574.1993,1
-39700.2296,-179636.6955,1
-38999.3557,-147858.6082,1
-38472.435,106466.542,1
-40177.2859,-126596.693,1
-38134.2588,-20409.6859,1
-44279.1282,109510.513,1
-37660.8465,106971.8457,1
-37504.4739,143879.1513,1
-36989.2051,-168535.8438,1
-36510.7838,106565.9972,1
-36511.0,-30917.0,1
-35376.9857,-179048.6393,1
-35348.5887,-179083.2461,1
-35318.194,-179140.3517,1
-34728.1405,-179701.0111,1
-35417.7342,136256.7799,1
-34589.5773,-36957.0083,1
-34350.1778,-179520.3457,1
-34259.0726,-35637.9278,1
-33976.2861,-36273.6401,1
-33441.2971,-174273.5881,1
-33462.6738,-174022.0855,1
-39021.1728,-52185.7371,1
-38768.7331,140774.8746,1
-32788.1115,-134347.1171,1
-32860.9644,-161284.6754,1
-32161.9607,-180844.1813,1
-32138.9623,-180799.2177,1
-34083.7209,-213786.1719,1
-31854.2997,-135082.6652,1
-31818.7584,-135135.5323,1
-33797.6953,-33781.3415,1
-36143.2262,-149696.6554,1
-31323.1527,-186806.9704,1
-31389.1634,-181497.9649,1
-30479.2092,141241.0023,1
-31262.1503,-33620.8243,1
-33669.8243,106046.2288,1
-29996.4583,-35807.9167,1
-31401.7742,-176302.1585,1
-31291.9069,137614.665,1
-29697.2786,-161898.0778,1
-29101.5233,-137108.7179,1
-28884.9807,75828.3208,1
-28692.757,101717.8037,1
-28264.4005,-172581.0329,1
-28244.3953,-172555.5936,1
-28862.3077,-36787.5962,1
-30800.4255,-155694.5468,1
-27993.0357,-175153.75,1
-28099.2376,75895.4299,1
-28234.93,-164998.4524,1
-27611.3478,-144891.0614,1
-26716.3524,-186546.1458,1
-26689.599,-165433.9052,1
-26045.0253,-32206.1418,1
-25859.0709,-31917.8677,1
-25020.483,-65904.059,1
-25409.0414,-66783.7631,1
-24959.5463,-65282.8683,1
-24961.0755,-64997.5446,1
-24899.0627,-64804.7806,1
-24894.061,-64753.7389,1
-24811.0063,118367.7569,1
-25184.4703,-33358.1736,1
-24529.238,-165128.3335,1
-24648.148,-34649.7656,1
-28135.1084,-59576.662,1
-24101.8444,-165031.5348,1
-24028.1438,-165034.2832,1
-23405.18,-139805.574,1
-22971.6942,-163644.4215,1
-21732.3786,-140486.7612,1
-20798.2971,-166317.1263,1
-19651.067,-169020.4057,1
-19794.4964,-142797.3022,1
-19251.3038,-169782.0882,1
-19341.5217,-63776.7391,1
-18733.7518,-171548.7951,1
-20456.5264,-152758.964,1
-18627.3729,-171540.3443,1
-18086.047,-171530.0856,1
-19001.3506,131962.734,1
-18271.4822,86564.6691,1
-17435.2662,-172600.5449,1
-18599.9099,78198.1371,1
-17124.8193,-192931.7701,1
-17154.0494,-173946.2606,1
-17085.4007,-192909.2382,1
-16931.9531,-192967.0322,1
-16834.6854,-193029.1897,1
-16777.6633,-193081.248,1
-16713.8641,-193143.767,1
-16683.6055,-193173.5165,1
-16657.7474,-193207.6598,1
-16625.1528,-193235.0199,1
-16595.6442,-193269.7898,1
-16562.6833,-193324.4583,1
-16536.7907,-193360.646,1
-16488.0842,-193388.2746,1
-16446.6372,-193413.1795,1
-16385.7625,-193442.7605,1
-16324.8877,-193472.3415,1
-16395.2649,-143995.8484,1
-16142.2637,-193561.0844,1
-16086.0918,-193682.1945,1
-16564.5652,-69064.1304,1
-16012.5832,-173968.1965,1
-15866.9601,-173976.6548,1
-15781.0696,-175892.5567,1
-15846.383,-146642.8723,1
-15526.4608,-176172.6318,1
-15492.4347,100480.78,1
-15295.1127,-176581.7751,1
-14630.4223,-177216.9834,1
-14453.2724,-177129.7643,1
-13992.8788,-176152.8788,1
-13934.6302,132466.5106,1
-12565.2949,-222226.7897,1
-12539.1163,-222168.7051,1
-12837.1441,125563.9561,1
-12614.0591,-221141.5019,1
-13163.1133,-148740.8474,1
-12200.2672,-51706.374,1
-10885.7634,-40368.4351,1
-10110.1371,-82925.8413,1
-11005.8085,-222982.4522,1
-9916.0971,64698.5334,1
-9942.9397,-237756.8594,1
-9758.698,64675.6974,1
-11224.7044,-215562.7653,1
-9717.5925,-175258.7485,1
-9587.9772,64573.7388,1
-9361.8479,92306.8117,1
-9361.1766,92444.6893,1
-9360.8188,92518.1969,1
-8827.4955,-235497.9049,1
-8823.3392,-153922.2676,1
-9430.0043,68189.496,1
-8880.2232,-153763.9163,1
-15059.0342,-74367.2131,1
-9046.8436,-219094.245,1
-8225.0031,-172365.1022,1
-8332.4178,66873.9845,1
-8592.2781,122264.8327,1
-7965.0787,-172061.182,1
-7845.0901,-172059.7733,1
-7848.6014,-153700.1514,1
-8095.2564,-34068.3333,1
-7559.0374,-171458.331,1
-7214.6774,-77423.7097,1
-7318.1616,-171932.6377,1
-6999.388,-183645.7504,1
-6931.3471,-183538.6268,1
-6901.4701,-183508.5224,1
-6871.6366,-183478.7634,1
-7809.1755,-38570.6296,1
-6719.49,-183383.3913,1
-7085.7955,-36723.4091,1
-6742.0055,20013.5231,1
-6441.9697,-37619.2424,1
-5863.7201,63874.7617,1
-6194.4099,-15454.7826,1
-5602.3915,-183610.1791,1
-5579.4232,-183687.2229,1
-5913.3904,-35161.1301,1
-4980.6761,94705.9342,1
-5465.6182,-28511.0727,1
-5607.4175,64931.6824,1
-4693.7755,-73635.3061,1
-4221.4253,-160037.6658,1
-2944.6875,-35699.5625,1
-1839.7341,8525.726,1
-1369.381,65013.6346,1
-1323.4345,7888.7024,1
-1957.0517,-196801.0684,1
-690.7768,-224429.0365,1
-253.5051,-237786.8116,1
-158.0966,-237936.9925,1
-126.5177,-237965.6289,1
-0.202,-238080.1745,1
-3241.1947,-226914.4178,1
333.3365,-167258.8119,1
254.1681,-224201.7422,1
871.0396,-227938.6023,1
934.3385,-227996.8131,1
1143.5833,-228147.2862,1
1079.1461,-170436.5317,1
1214.5848,-228223.3423,1
1235.9623,66943.3405,1
1272.9491,-228285.8118,1
1327.5571,-228373.8081,1
1351.5256,-228442.2112,1
1324.9547,67193.2923,1
566.012,-230618.2075,1
1530.5769,-195282.604,1
1851.9649,-263371.8313,1
1450.7866,-219109.5154,1
2700.5507,-172702.3731,1
2425.0587,-173869.0366,1
2599.0606,-172285.0579,1
2345.6812,-62531.7302,1
2972.0633,-242622.0646,1
3004.7249,-242666.0741,1
2210.6733,-196413.8556,1
3131.5184,-242706.5635,1
2280.0697,-66199.1009,1
2403.389,-176280.0328,1
3313.2998,-242790.1855,1
3434.41,-242951.1118,1
3436.1266,81263.2258,1
3631.3142,-243117.3152,1
3571.0516,-243028.7187,1
3684.8952,-243152.5622,1
3728.5169,-243204.1251,1
3819.5674,-243209.1159,1
4302.261,-243596.2598,1
4320.7421,-243612.1601,1
4312.4816,-243708.8122,1
4452.3894,-190574.6835,1
2497.5814,-227410.0117,1
4444.6066,-243825.7361,1
4594.853,-243855.4432,1
4704.208,-243918.7543,1
4199.7625,65947.3187,1
4141.6658,-196776.1266,1
5019.1323,-244074.8063,1
5239.6764,-243648.5958,1
6570.1093,-193139.819,1
3682.7791,-238713.8059,1
6191.6827,-196376.3136,1
5031.1506,-220371.895,1
5935.7459,-244530.7769,1
7075.237,-236939.9583,1
-1610.0246,-82465.6213,1
7211.6784,-241875.012,1
7314.5526,-241866.1944,1
7326.2487,-237670.1807,1
7791.5734,-241828.9499,1
7805.031,-237877.9548,1
7850.961,-237996.4578,1
7859.7029,-239056.9775,1
7681.9707,92614.6229,1
7898.0511,-238179.1597,1
7948.1507,-238417.459,1
7976.6258,-239501.1567,1
7591.7161,99740.6963,1
8022.9196,-239634.2777,1
8005.1076,-238561.0941,1
7601.8792,65991.7084,1
8184.25,71589.1241,1
8221.7674,72205.3003,1
8260.6402,71690.4851,1
7331.5208,101990.6564,1
8952.0428,-247145.2969,1
8651.3784,-240399.9823,1
-82.2609,86938.7732,1
9523.2767,65365.5525,1
8964.1876,71469.5899,1
10448.0343,102725.8802,1
10239.186,65873.6853,1
11089.5174,76909.7392,1
11170.0049,68833.2249,1
10191.8152,67811.0705,1
11526.4074,-226517.4616,1
11552.4676,-226441.9998,1
11568.4357,93309.2911,1
12022.7349,-248822.2074,1
11698.4609,-247768.0937,1
10179.9476,-236548.7851,1
12229.5338,-218976.672,1
12614.1341,-221971.0727,1
12042.4757,-74569.1748,1
11981.334,87425.0375,1
11955.6404,-227625.39,1
12795.3065,-249613.0247,1
12830.1196,-249685.0857,1
12840.2869,-249749.3545,1
12840.6651,-249716.4459,1
12872.6713,-249808.7191,1
12229.1581,106346.3065,1
13001.7894,81215.9209,1
12966.7618,81761.6184,1
12922.0713,-218253.7128,1
12227.76,97840.53,1
13290.7608,-218494.5377,1
13442.5319,-218756.278,1
13318.1311,89102.1921,1
13464.5448,86954.5584,1
12737.0936,-240369.2745,1
14096.7832,-232466.5501,1
14552.3358,91885.6558,1
14836.1495,98148.4491,1
14611.2963,-80312.963,1
13593.7405,67199.1171,1
13659.157,-221084.5034,1
14939.0049,60433.4214,1
15349.5866,-216332.4802,1
15001.5464,98715.0535,1
15356.7108,60567.729,1
11746.9229,-244735.2997,1
14624.8962,-223522.9739,1
14999.0651,-229920.2697,1
15810.2617,97672.8486,1
15865.7501,-216689.2244,1
16014.2856,-216813.0105,1
15994.5745,97860.9214,1
15955.5186,62795.9823,1
16337.5085,98749.2116,1
16531.1487,100087.8015,1
17475.053,-224416.8411,1
16618.9888,101765.2265,1
17645.8971,-224437.8781,1
17805.5685,-224398.7694,1
17138.7351,-229690.4186,1
17850.6314,95614.5587,1
16075.727,-73398.7015,1
18530.1159,96393.835,1
17394.5611,65692.1964,1
18987.3978,67304.8953,1
18988.4825,67603.3771,1
19110.1483,79124.5707,1
19229.9977,-219330.0026,1
18938.9693,82195.0902,1
19142.3911,67848.936,1
19387.7237,79000.8007,1
19352.1829,82111.4141,1
19359.9985,-58004.4794,1
17988.7404,-237062.0902,1
19871.5927,-219961.3369,1
19996.1335,76856.7324,1
20158.4677,-220441.8302,1
20186.8413,-220473.7721,1
20131.6427,76855.9903,1
20215.2152,-220505.714,1
20263.589,-220549.5978,1
20308.7107,-220621.5397,1
19704.5894,-56965.8798,1
21045.1095,-59568.0215,1
20771.6551,76948.9186,1
21673.9219,-5727.57,1
21898.0679,-5383.6944,1
21944.2224,-5164.0798,1
22071.11,-222231.1319,1
21897.7965,96094.2061,1
22608.1383,56504.8647,1
22146.4786,-40231.8684,1
23529.4266,-188027.4844,1
23550.3161,-188005.833,1
23522.4716,-79008.2386,1
23494.4757,60999.6763,1
24192.0476,-222678.7292,1
24307.0967,-222691.2566,1
24445.802,-222691.4932,1
24626.3549,23189.5916,1
24653.5425,-222815.6647,1
24684.9419,-222844.4371,1
24716.8348,-222872.5742,1
24925.8178,-223115.6396,1
24772.1815,-188642.0339,1
24953.2572,-223148.4299,1
24989.2545,-223200.9321,1
26169.4586,-85147.5478,1
26687.9361,-188137.2754,1
18443.701,-190438.9591,1
26817.6195,-188180.4913,1
26872.6637,-188225.1215,1
27046.2505,-185744.9841,1
26935.4842,-189279.4561,1
27359.4744,78772.2849,1
27312.2751,-188338.308,1
27661.2339,77965.9596,1
27882.5836,77469.7084,1
27781.0644,82084.7728,1
28090.202,-185327.8607,1
28119.4802,82530.5089,1
28103.7653,78983.6351,1
28427.1502,-185332.8675,1
28637.5555,-208005.587,1
28709.2009,-207808.1461,1
27137.521,-73672.8151,1
28463.2675,77887.0737,1
29279.6758,79138.3928,1
29133.2955,-74803.2955,1
29417.9798,78397.1614,1
29299.7167,47600.9027,1
30148.5249,21366.6162,1
23725.3143,-217387.4625,1
29322.2199,-187408.3737,1
28762.813,-197448.2911,1
29607.2672,-210540.3995,1
30815.1415,16151.1428,1
30493.2486,-80706.3462,1
31075.354,20721.5079,1
31509.4081,15552.192,1
31589.0188,-197335.8053,1
31634.499,15552.9997,1
31725.0186,15553.0278,1
31114.0253,-82977.1519,1
31857.7449,15544.9462,1
32035.8488,-174547.8873,1
32020.332,20315.4162,1
32143.2723,20484.7489,1
32279.6914,-175260.9564,1
32296.6185,-175200.7184,1
31409.968,-182971.9915,1
32368.2787,18213.9997,1
32639.6677,-175314.3159,1
32722.2319,-175331.161,1
32393.0331,-174609.4173,1
32458.8078,20185.8874,1
32756.152,-175385.5286,1
32665.2545,-82231.1455,1
25974.2958,65260.2255,1
32505.3797,60271.3291,1
33112.6664,-175647.2516,1
33558.9209,-212639.2109,1
31867.0092,-219629.3469,1
31451.3099,-205490.2809,1
34018.5552,-183338.7096,1
34260.7398,-175838.9135,1
34703.6191,-176737.7208,1
34896.3291,-176841.0561,1
34923.4056,-176875.1875,1
34951.1369,-177175.549,1
34953.0041,-176934.7475,1
34429.1695,-174374.3908,1
35031.9023,-174497.0829,1
34664.7236,-172465.0861,1
33315.8564,-195034.9836,1
35111.7281,-174549.6784,1
35175.0117,-205359.1555,1
33797.4312,-185969.5303,1
35435.3527,80639.6253,1
35189.0848,-82601.4355,1
35857.8338,-219328.8359,1
36900.0364,-218549.9793,1
36995.2219,-218607.0318,1
37052.8147,-218638.4001,1
37145.7955,-218696.49,1
37123.5596,63286.1516,1
37102.9683,-49161.7619,1
37514.3782,-84911.5803,1
37421.3636,-83983.4848,1
37609.837,-204413.3578,1
37928.0367,-204593.5311,1
38141.2216,-204795.6862,1
37820.6,47730.2,1
37000.9445,-196172.7683,1
38347.41,-205000.0646,1
38919.502,-205369.4744,1
38150.2845,63712.7889,1
37937.0969,-219390.4621,1
39091.041,52357.2003,1
39443.1312,-219984.2246,1
38626.0924,-225283.8943,1
40031.3949,37710.6062,1
39063.6649,-84970.1682,1
39619.1241,-69875.8462,1
40543.5385,-204698.4182,1
40743.8128,-204839.7216,1
41096.25,-85451.875,1
41370.9578,-204899.6383,1
41437.6439,-204927.1652,1
41547.7368,-204910.3975,1
40723.6354,-219532.9605,1
40502.6825,-198878.5134,1
42202.6246,-174876.4352,1
42197.6315,-174749.8575,1
41179.7887,-190431.1736,1
42824.2279,-205579.934,1
42368.868,-211391.588,1
43152.8931,-205649.0393,1
43511.2918,-205748.3777,1
43769.2538,52017.9125,1
43875.4081,52015.0155,1
43834.2365,-201874.769,1
44490.3266,-201845.2988,1
42417.4862,-187280.2707,1
45141.6644,-202955.5462,1
45172.7526,-206636.129,1
45271.1505,-207149.0687,1
44872.7381,-202416.6748,1
45305.3309,-207192.308,1
45435.5077,-207680.2982,1
45558.6706,-207768.336,1
45128.904,-219883.0621,1
46324.6193,-222624.0301,1
41205.2129,-176586.2113,1
46241.6035,-222110.0566,1
46753.6662,-235468.6843,1
47226.6311,63504.1126,1
47245.375,-235810.912,1
47311.0784,63638.4197,1
46693.8379,-63933.5933,1
47491.6214,-209518.8999,1
47128.6047,-80701.2209,1
47905.612,-232875.5781,1
38725.6687,-229688.4434,1
47904.1379,-80539.1379,1
47492.0647,-223672.7047,1
48203.521,63587.7253,1
48368.6163,-230911.4151,1
46818.7864,-192219.8738,1
48569.7017,-230893.7898,1
48689.5535,-230882.4223,1
48869.6374,-223410.6383,1
49139.6034,-230855.3236,1
49771.9287,-252122.5567,1
49770.36,-83034.84,1
49436.7648,-223723.1698,1
50085.1261,-230884.7804,1
49912.4174,-227783.6963,1
50190.3738,-251581.3063,1
50518.5,-93316.5,1
50724.7808,-227897.973,1
50852.2331,-228168.2065,1
50688.0451,-230919.2423,1
51568.468,-228332.4272,1
51568.2143,-97795.7143,1
52013.9102,-229000.0962,1
52046.0544,-229056.2244,1
52072.4552,-229091.6917,1
50432.3367,-229726.5143,1
52197.1238,-229294.5756,1
52093.2405,-228348.2405,1
53184.2693,-253196.1094,1
52616.236,-94811.8165,1
53425.3759,-71422.6692,1
53243.534,31953.1564,1
53908.1429,-59746.4286,1
50779.3161,-172548.1929,1
54432.3698,-94148.224,1
55106.8125,-66225.375,1
55316.5868,-206831.7216,1
55174.0332,-265836.4531,1
56636.6172,-175492.2699,1
56490.9099,-235438.2629,1
55963.9188,-238024.1116,1
55676.4872,-249659.12,1
56018.7981,-70529.2456,1
56134.5098,-232959.2297,1
57889.5003,-213927.6169,1
57921.1454,-213892.3775,1
57951.9588,-213860.6673,1
57986.0314,-213803.3119,1
56111.9105,-253819.2061,1
58017.2123,-213744.6282,1
58011.4935,-213339.2941,1
58044.8057,-213617.0773,1
58037.9348,-70354.8913,1
57308.7736,-174670.8857,1
58519.6699,-251219.6071,1
58282.5481,-252154.2043,1
58708.3654,-69026.25,1
59041.7897,-217234.4573,1
58816.1881,-258261.2376,1
58703.9933,-212813.8132,1
59897.0853,-249662.6313,1
60544.222,-249658.7719,1
61259.3859,-218334.7666,1
60239.7896,-268998.9159,1
36289.7638,-251567.4564,1
61002.1796,-65641.9226,1
60918.951,-173311.6669,1
61287.5935,-219005.9419,1
59542.3797,-248525.0934,1
62049.2865,-261537.7504,1
63039.2992,-172701.248,1
63323.4133,-249889.6122,1
63261.7622,-236420.9721,1
63232.2648,-222294.8916,1
64077.6735,-222975.5223,1
64095.7495,19867.9438,1
64271.3108,19961.5194,1
64482.8723,-83189.8936,1
64913.6491,-18505.8262,1
64933.0279,-19278.5449,1
64888.9623,11008.9684,1
64933.1119,-211911.2937,1
64694.2102,-241813.0275,1
64945.4201,3277.7901,1
64855.1597,-250435.7684,1
65743.4482,-10240.1219,1
65485.49,-173523.9715,1
65688.24,-213361.92,1
66752.7545,-9622.9415,1
66949.0735,-173554.5614,1
65956.6717,5791.7166,1
67128.0396,-63043.348,1
66503.3364,-18629.6349,1
67296.4607,-228169.2051,1
68064.0149,-226039.7091,1
68094.7977,-226017.1615,1
68010.8567,-18359.0694,1
68153.9274,-225986.8752,1
68237.1861,-18433.3866,1
67964.5031,-64704.3579,1
68915.4311,-241516.7331,1
68371.0912,-61849.9869,1
68944.3419,-241632.0103,1
68973.9967,-241753.4415,1
69001.2378,-241854.8719,1
68964.8269,-241475.6246,1
69011.0081,-241935.8298,1
68566.3328,-22482.781,1
68100.2952,-238822.0036,1
69030.8926,-241976.3024,1
68671.1195,-12773.1676,1
69108.9663,-241444.2969,1
68771.2658,-205760.3797,1
66865.77,-244910.9616,1
69192.6622,-242147.1943,1
69211.3718,-241415.5013,1
69269.3605,-242129.5729,1
69188.1502,-12606.9643,1
69294.7813,-241385.5647,1
69388.6409,-242097.1503,1
68575.5766,-207873.235,1
69431.6667,-241354.8168,1
69434.6105,-251094.3952,1
69485.9129,-241301.851,1
69494.8779,-251122.9701,1
69515.4576,-241191.8852,1
69579.3168,-251169.9173,1
69727.6834,-251292.6456,1
69893.2675,4737.2363,1
69973.0435,-211307.6087,1
70165.8461,-91654.6868,1
70194.9211,-91685.2916,1
70224.5995,-91715.5107,1
70256.3439,-241143.0996,1
70309.0704,-241173.6796,1
70163.7453,4400.9286,1
69634.6993,-58647.7104,1
70422.1847,-241204.3791,1
70587.9731,-241232.6611,1
70720.0439,-241203.8106,1
70792.8285,-241175.4865,1
70837.3798,-241122.956,1
70865.6953,-241086.7794,1
70898.0903,-241055.7384,1
70957.7986,-241022.127,1
71077.0218,-240995.6452,1
71105.5831,-240929.3377,1
71123.1273,-240841.6724,1
71191.4746,-240811.5669,1
71223.5823,-240753.4183,1
71253.1403,-251723.0052,1
71257.8925,-240725.3114,1
71318.3871,-240694.1936,1
70413.6522,-232883.5217,1
71007.5229,-83876.4908,1
71387.442,-240665.876,1
71405.0,-233245.0,1
71445.0,-233295.0,1
71475.0,-233340.0,1
71504.7263,-240636.548,1
71505.0,-233385.0,1
71543.1785,-87380.7422,1
71522.2954,-92425.4801,1
71674.2563,-92200.3781,1
71500.0689,6899.313,1
69961.2139,-67848.0639,1
71796.7933,-86564.0286,1
72143.3889,-240246.8191,1
72159.1963,-9503.5957,1
72182.2138,-240278.5311,1
72215.3012,-240247.0439,1
72250.0605,-9592.4918,1
72102.8788,-209897.7273,1
72251.9844,-240217.7672,1
72276.077,-9621.14,1
72305.8217,-9654.4701,1
72551.989,-240274.4105,1
72161.0584,-234225.0,1
72675.0,-235005.0,1
71842.2649,-61835.5598,1
72689.8607,-240305.1344,1
72705.0,-235080.0,1
72733.223,-240532.2493,1
72744.4891,-240413.1101,1
72765.0,-235170.0,1
72387.0641,-214209.3416,1
71978.41,-65109.6339,1
72835.0,-235265.0,1
71134.0961,-10587.5889,1
72900.0,-235305.0,1
72814.44,-210452.04,1
73005.0,-235875.0,1
73005.0,-235785.0,1
73095.0,-236085.0,1
73055.8333,-235466.6667,1
73180.0,-236125.0,1
73096.0703,2611.9694,1
72500.9738,7801.5099,1
72641.4022,-248699.6675,1
73350.9259,-208955.7407,1
71375.1692,-81844.4788,1
73660.4238,-1601.0871,1
73696.6988,-11249.7185,1
73706.3923,-1448.7777,1
71944.2048,-175503.3883,1
73602.8698,-211321.7751,1
73745.1721,-10421.9758,1
73693.34,3234.7616,1
74188.3119,-249654.6444,1
72621.2683,-89678.6757,1
74439.1431,-251994.2961,1
74240.2374,-251651.8478,1
74171.0313,8994.0037,1
74642.4111,-255026.954,1
74677.8629,-255056.2155,1
74630.1823,-90200.869,1
74840.4489,-255158.5836,1
74768.617,-178146.7021,1
75014.4857,-176907.1953,1
74479.1001,-91985.9381,1
72618.3902,-245081.4256,1
75118.3571,-1838.7698,1
74910.164,4841.0338,1
74998.9481,-69007.183,1
76134.8201,-4787.2247,1
75744.4328,-85654.2249,1
76499.9726,-3517.7349,1
76518.7131,-3570.9597,1
76183.3548,-253172.5801,1
76703.6025,27389.8049,1
76706.2838,23700.8991,1
76429.5702,-87548.8871,1
77189.7241,-96039.5224,1
75786.4848,2844.6984,1
77688.4869,-93670.0034,1
76367.0141,-178218.79,1
77956.5331,-176967.1781,1
77766.7607,5189.4235,1
76771.7103,-296030.6882,1
76130.5488,-72988.9169,1
78442.4772,2064.2937,1
78482.6974,1973.9224,1
77522.4764,-92110.7246,1
78386.548,3994.8889,1
78552.7594,1939.6913,1
78605.0198,1974.6871,1
78661.4321,-69839.3639,1
78664.2831,2060.7358,1
78237.9956,-71914.5082,1
78862.2464,-70013.2645,1
78903.8461,-66422.5789,1
78930.4334,-66407.5335,1
78415.2819,-255647.3379,1
79197.5044,-71024.7148,1
79032.4719,-180979.3715,1
79786.3999,-72615.1811,1
37448.2847,-94380.2873,1
80765.9011,-94089.87,1
79356.6879,-288174.3817,1
80899.2564,-94222.7572,1
80690.4053,-256371.0115,1
80296.7992,-290836.8392,1
81136.7518,-63336.6788,1
81772.7334,-299443.9631,1
81931.4065,-299634.7354,1
80423.0868,4882.3462,1
81377.1743,-72078.8221,1
82422.485,-179060.9281,1
83054.0595,2782.3845,1
82733.4688,-290167.2626,1
83561.6773,-300739.7368,1
81591.1544,-186319.1492,1
83994.9338,-179636.3245,1
84199.9412,-217671.4813,1
84191.5057,18732.1954,1
83738.8427,-223283.4187,1
85210.3641,-187711.4899,1
85315.8027,-187781.7135,1
85668.2672,-101343.9254,1
85351.1276,-227835.3417,1
84841.9924,-99497.9569,1
86110.5838,-258419.8408,1
86287.1217,6007.4275,1
86262.9851,-101439.8562,1
86273.4407,6690.0631,1
85374.6524,7269.8601,1
86407.9844,-259171.033,1
86813.9258,-259452.9242,1
86643.6826,20015.6587,1
87057.6845,-259832.889,1
86873.9109,-218968.3663,1
87545.0699,-305557.028,1
90628.341,-86010.2803,1
88913.5984,-222071.4194,1
90285.1226,-85562.7641,1
90434.7251,-81031.9246,1
90773.5182,20674.7263,1
91415.9128,-105605.0029,1
75923.4564,-292112.9581,1
91518.0612,-222154.1327,1
91399.8123,18916.7652,1
93691.0474,-74853.1941,1
87667.792,-178161.4457,1
93210.0329,-96325.5263,1
94172.7342,-106409.4084,1
94533.4353,-94575.241,1
95108.2601,-35733.7351,1
94841.8609,-93872.8254,1
94808.6233,-36487.7748,1
94341.5749,-74319.8099,1
91920.1005,-100557.2862,1
96773.878,7094.9583,1
95737.701,-105952.3196,1
96227.285,-96295.9691,1
96886.3482,-95233.8842,1
97115.9119,-108048.7757,1
97159.3966,-211368.6853,1
97114.9432,-99093.4091,1
97724.4059,-177957.7723,1
90368.7457,-189732.867,1
97872.3699,-176081.3702,1
98406.8367,-86526.2245,1
98422.8792,-77895.6623,1
98614.6429,-193320.3571,1
98919.5754,-78241.4803,1
99059.0541,-107921.4865,1
99295.2273,-78008.4,1
99353.2617,-78097.0979,1
99179.5571,-78996.6319,1
99571.4698,-110192.029,1
98432.4425,-5223.908,1
100231.7947,-91921.5097,1
100206.0355,-176145.9763,1
100121.7778,-104974.2222,1
100657.307,-91821.5251,1
98687.7389,-309459.1605,1
100202.4022,-271462.514,1
101130.6634,-91590.7166,1
101058.833,-314752.9216,1
102926.8328,-116702.8596,1
102957.9084,-116731.8885,1
102988.984,-116760.9174,1
103164.3353,-116915.1267,1
103195.3848,-116944.1769,1
101788.551,-179291.0102,1
103802.2535,-25889.0405,1
103896.2613,-25941.7635,1
103665.8101,-237190.3631,1
105495.2754,-182785.1992,1
105829.8922,-318527.5176,1
103744.4665,-317986.1722,1
106231.7888,-318762.8149,1
101749.9304,-111900.5681,1
107749.9495,-322757.6639,1
107656.8818,-182548.8027,1
105882.0431,-286555.8624,1
107404.4342,-267304.5727,1
108354.1534,-321532.7455,1
107182.9477,-320345.436,1
108434.163,-250614.228,1
108723.057,-248239.9045,1
108328.324,-110729.8324,1
108801.0784,-249207.8361,1
109042.623,-88718.1148,1
109459.6602,-90993.0583,1
109108.3931,-267571.2181,1
110507.2643,-244674.1715,1
110481.3271,-268266.0747,1
110792.7048,-268026.6967,1
110539.9308,-323606.931,1
105489.2626,-93695.5503,1
110851.7892,-244679.0405,1
111155.6463,-244389.4634,1
111590.7426,-250896.0316,1
112736.3,-19530.5005,1
113330.1567,-269934.8373,1
113415.0785,-269901.1518,1
112906.7997,-274133.9561,1
108976.2588,-115579.0995,1
113638.3643,-269769.4621,1
113712.9167,-91712.7083,1
113706.1019,-308282.1997,1
115031.7699,-18706.7933,1
115373.0967,-116463.1436,1
115435.0562,-116492.2513,1
115497.0156,-116521.359,1
115729.567,-270841.2404,1
115450.8616,-112660.8494,1
116535.12,-111962.16,1
115189.2073,-291607.5242,1
117290.3097,-94144.9115,1
116789.005,-288235.9068,1
118055.3642,-232762.4507,1
119399.1822,-255169.1625,1
118741.4578,-272047.5407,1
119655.2752,-223925.9174,1
119766.9242,-255115.6897,1
120052.9324,-254901.5296,1
120081.2084,-254869.7177,1
120174.4059,-254904.6742,1
120395.6681,-255267.5134,1
119806.152,-310956.8391,1
120230.4523,-301363.9295,1
118287.5469,-115214.5229,1
121976.5419,-38073.4115,1
123289.6215,-274699.1002,1
123673.5958,-275149.0743,1
123874.7641,-192563.7529,1
122798.5221,-272864.306,1
122983.3073,-251474.9483,1
124665.5044,-275564.6292,1
124251.1149,-193665.4576,1
120573.4958,-297349.1329,1
115838.8587,-318445.8998,1
124757.9479,-300252.9479,1
125313.8521,-90848.2296,1
126093.3012,-115701.306,1
126064.1486,-320235.1661,1
127323.4819,-272895.3737,1
125155.6072,-308763.5842,1
125910.7763,-197648.9601,1
127133.9208,-301704.2375,1
127939.2589,-248285.5451,1
128064.1025,-248494.844,1
128116.4098,-248529.9643,1
128150.1439,-248557.0581,1
128362.8033,-271545.1995,1
128773.3077,-251342.4133,1
128210.8924,-304396.3456,1
127332.698,-313368.1852,1
129368.869,-271665.3761,1
125763.1898,-219409.0551,1
128120.6519,-251162.5217,1
130465.4636,-295755.9934,1
130881.5016,-249906.3878,1
130327.4282,-198063.4547,1
131878.3697,-127093.3252,1
131904.0966,-126992.2134,1
132160.1158,-93105.8583,1
131933.4704,-198232.102,1
131796.7596,-102192.6823,1
132182.4105,-93169.487,1
132266.8954,-273689.2475,1
132244.5864,-93039.8016,1
132371.6076,-92993.3817,1
132475.1596,-93085.0856,1
132505.435,-93055.9408,1
131986.5325,-311162.7554,1
129759.831,-120002.0309,1
132073.1922,-273917.8782,1
131329.8508,-292609.998,1
133126.572,-126797.0001,1
133714.8494,-275221.3939,1
133506.395,-274960.0151,1
133900.788,-278741.7098,1
133967.1309,-275166.2215,1
133147.4783,-94157.9623,1
134078.541,-278918.7564,1
134243.9299,-275174.7707,1
134333.8406,-275225.5321,1
134428.0036,-275311.737,1
134459.4972,-275340.4374,1
133888.2859,-311050.9098,1
134652.3237,-118737.9461,1
134727.1492,-275482.875,1
134742.6334,-279158.4959,1
135350.1435,-92277.9036,1
135354.6372,-275477.8282,1
135065.1944,-92184.3497,1
136060.0348,-198215.5448,1
136182.8684,-103560.2947,1
140444.1577,-79254.3305,1
140093.6167,-296052.6945,1
141097.5474,-275761.9145,1
142116.3839,-274452.8389,1
142281.9549,-277667.6186,1
138091.8571,-126872.265,1
142802.5287,-197262.61,1
143947.995,-278752.8758,1
143850.4918,-213963.4426,1
144388.1517,-267389.0285,1
144769.3243,-12361.4865,1
144371.1069,-324760.0477,1
145379.8375,-128262.6173,1
144967.7315,-279412.3184,1
145850.6471,-215621.1765,1
146010.7653,-127362.8571,1
146460.2093,-120238.814,1
146301.5664,-131574.2618,1
146710.0952,-268616.2745,1
147582.0361,-113438.8072,1
148313.7892,-132329.3491,1
148774.0818,-38062.1356,1
145037.6233,-265187.3492,1
149661.0413,-327965.1461,1
149468.393,-284969.8739,1
150793.0359,-37100.5423,1
151045.794,-37658.2838,1
151753.8897,-37698.2373,1
152055.0733,-37606.4611,1
151791.4878,-35213.3237,1
151038.7386,-270506.7463,1
153156.1765,-132085.1471,1
153518.0758,-268235.789,1
153813.6811,-268597.8028,1
153732.7335,-269816.3178,1
154091.7203,-219519.6011,1
157219.2239,-25410.0067,1
157211.2135,-286898.7064,1
157012.9966,-97404.0691,1
157259.0373,-26570.4024,1
157666.8987,-286743.245,1
157909.6454,-286238.484,1
158018.6897,-286147.5142,1
158068.2617,-286102.5211,1
158200.0758,-285240.5054,1
158224.1603,-285944.5515,1
158234.964,-97578.5256,1
156377.172,-286003.0651,1
158580.1556,-284202.8022,1
158449.649,-95010.7959,1
158666.25,-127415.625,1
158924.8048,-289540.8839,1
157180.3119,-295067.3407,1
158764.6438,-97017.9024,1
159202.3231,-283827.5748,1
159163.5026,-97660.8027,1
160617.7978,-196762.2092,1
158374.7923,-131583.142,1
160930.2235,-269623.2821,1
161193.2491,-254048.7269,1
162230.8861,-127317.5316,1
161026.5893,-284175.1258,1
162643.9304,-284899.4396,1
162711.9466,-284977.1215,1
162460.1984,-288811.2782,1
162743.0704,-285007.005,1
162776.1156,-285066.7205,1
162803.1123,-285097.4397,1
162834.5124,-288748.1797,1
163013.1358,-288687.5338,1
162950.374,-285217.4461,1
163096.4109,-285367.8041,1
163137.9999,-285390.5433,1
163169.2322,-288629.7514,1
163244.742,-323888.2967,1
162889.3315,-327988.2193,1
163346.2772,-288568.4888,1
163464.9159,-288506.8015,1
163770.8385,-288323.3589,1
164071.8194,-288106.9697,1
164154.6138,-288056.2038,1
164246.0476,-287967.323,1
162964.8027,-278738.6267,1
161976.245,-290140.0901,1
165767.935,-326317.0421,1
165938.1011,-129371.9207,1
165285.2287,-287987.7506,1
166011.3458,-287977.7499,1
165107.9296,-277812.8592,1
166417.0185,-327059.9225,1
165541.6536,-286722.6527,1
166886.6303,-129910.5136,1
167064.6199,-327189.7266,1
165284.2787,-130410.0155,1
166732.5719,-127874.7123,1
167714.431,-326828.9359,1
168059.7643,-326791.6558,1
167734.5657,-327215.4127,1
168681.7104,-131807.8625,1
168335.6529,-133023.4224,1
168811.321,-131749.6346,1
168321.2556,-126110.1121,1
169811.4534,-116991.9581,1
169436.8988,-198927.2322,1
169983.8454,-201425.2544,1
167920.0763,-197230.2153,1
172496.4925,-197380.3731,1
173115.3838,-43936.95,1
172941.7836,-43477.4139,1
172975.7266,-40553.27,1
173243.4833,-41360.7276,1
173697.6471,-197277.6471,1
173906.1654,-40920.7031,1
174082.7154,-44621.9714,1
173995.6986,-196501.7104,1
172134.1758,-296079.9425,1
174874.8029,-32306.5857,1
175748.2467,-196282.1862,1
177355.3382,-60008.8727,1
177423.8124,-59658.6494,1
176098.1255,-292705.7001,1
177193.3243,-59414.3493,1
177277.0854,-36286.8307,1
177613.7182,-59470.5502,1
172086.9568,-140801.9166,1
177423.4568,-60128.4498,1
177326.1142,-218304.6936,1
177948.9589,-60030.4676,1
177965.5421,-60147.6415,1
178723.1211,-195718.3362,1
179568.544,-35936.1298,1
172959.2669,-125491.8889,1
177137.2957,-310177.4921,1
179360.5619,-30877.4448,1
180448.3548,-196647.9677,1
180659.5235,-145641.9455,1
180913.5547,-42302.1039,1
176847.0851,-133908.3813,1
181325.7143,-298253.6243,1
181834.3812,-137550.7426,1
180908.4381,-194499.2577,1
182058.3611,-30883.9555,1
154118.0324,-313693.9227,1
182592.9665,-30727.0387,1
182317.7072,-141477.4309,1
180659.8595,-294514.8562,1
182683.6475,-273184.6721,1
181755.2268,-1505.3957,1
183095.4098,-194524.1803,1
182639.186,-35864.0875,1
183998.0876,-29830.1059,1
183092.7544,-276593.6283,1
184201.1571,-194597.8989,1
184380.0246,-195209.248,1
184363.8882,-21911.5179,1
183968.6273,-20066.505,1
184465.1798,-27594.7264,1
185629.6667,-148677.0,1
186073.4601,-198077.162,1
186613.7857,-324799.4214,1
186901.8878,-18942.6593,1
187228.2011,-199709.6145,1
187567.9351,-200299.1859,1
187598.555,-200351.9035,1
187186.2621,-310051.7718,1
187891.822,-200548.3468,1
188592.4164,-200766.9815,1
188685.3034,-200726.0742,1
189563.7125,-18556.4955,1
189595.9522,-151904.8336,1
189643.8424,-18519.1889,1
189689.9324,-300092.2228,1
189698.4629,-18485.7475,1
189829.9179,-300379.1914,1
186754.1526,-299754.5136,1
190376.8841,-48231.4493,1
190648.6644,-32589.7081,1
190306.2457,-18188.0398,1
190263.4554,-314789.4208,1
191121.4138,-199555.5517,1
192474.418,-18049.5874,1
193094.4118,-207982.3529,1
193258.9103,-317200.4274,1
194016.8852,-52223.4836,1
193758.191,-17928.7371,1
193614.872,-312697.0256,1
194547.0312,-32982.6562,1
196013.8995,-215427.6316,1
196824.7771,-311396.1687,1
197345.2764,-278191.3931,1
196411.808,-299043.6191,1
197390.5745,-194354.7031,1
198253.8916,-278267.5778,1
198180.3037,-157410.9297,1
197464.8766,-301889.4641,1
199342.2967,-33245.9517,1
200299.5356,-193895.0096,1
200344.0478,-194096.1483,1
200390.3109,-32250.4201,1
202151.3052,-279986.4265,1
202275.1005,-280100.8875,1
202024.8829,-160051.228,1
201847.754,-320626.5239,1
202516.7868,-273458.1709,1
203065.8506,-165112.3429,1
203000.3465,-158252.2277,1
201708.7097,-304588.5484,1
202848.1119,-164192.7291,1
199971.9156,-19917.6987,1
203876.1717,-165312.5718,1
204511.1143,-305608.5714,1
204915.5279,-274693.2817,1
205028.0222,-279128.1696,1
202564.2857,-191658.6235,1
205002.2998,-309421.4229,1
205646.4361,-163998.8472,1
206968.9291,-324466.935,1
208224.0335,-101365.1487,1
207687.3141,-272972.0851,1
208956.2169,-203109.246,1
209675.4214,-188926.9728,1
209470.8088,-102089.6691,1
210077.2008,-275109.7334,1
209256.6807,-168530.4667,1
210517.7055,-203205.2055,1
210807.7357,-173724.3124,1
211438.2321,-189354.8982,1
211611.2219,-196468.4583,1
212420.1487,-173816.5235,1
212140.0465,-190213.5248,1
212677.3002,-190795.8937,1
212309.5536,-193080.4464,1
212977.4546,-194442.4593,1
214857.6711,-1881.8114,1
216001.7318,-173575.7828,1
216477.8571,-205058.5714,1
216470.1597,-170069.5209,1
217142.0149,-171618.4101,1
217244.2347,-4958.1122,1
217612.2179,-305363.2296,1
219214.0341,-311358.8237,1
219852.8233,-191101.7956,1
220224.2187,-189011.856,1
216694.0885,-5501.8591,1
216366.7745,-195766.3247,1
220339.1448,-188461.0367,1
224185.7692,-9007.8205,1
224892.3768,-311544.0476,1
225905.9204,-13074.403,1
228500.949,-334476.1084,1
227815.7629,-176436.3675,1
228789.1779,-323967.8148,1
230337.8654,-347024.1871,1
230506.688,-346788.4098,1
229614.154,-335980.4127,1
230610.6246,-347420.3952,1
231073.8034,-347801.447,1
232394.3086,-15356.0074,1
232025.863,-774.6452,1
233871.6591,-176613.3958,1
234441.7806,-20028.5285,1
234826.6764,-324702.254,1
236387.9502,-178232.1006,1
234753.9689,-293414.7899,1
235484.2317,-74917.4559,1
236511.6279,-324070.3779,1
236873.0945,-107084.7485,1
237949.5961,-100442.6323,1
238657.519,-29819.2479,1
238844.8681,-331055.9763,1
239109.574,-179020.3887,1
239674.0179,-332815.0081,1
240840.0,-289630.5096,1
241549.2179,-339098.4886,1
239980.4163,-325109.858,1
241794.3263,-330744.514,1
243381.3491,-182093.1329,1
244010.6855,-190128.5087,1
244223.5078,-190354.0494,1
244364.1998,-189403.3546,1
244480.3949,-189351.699,1
244524.0126,-189327.4649,1
244574.1107,-190423.2982,1
244619.7987,-189269.8686,1
244675.1183,-189236.8134,1
244571.4787,-185853.0974,1
231773.6489,-193833.8932,1
246598.6017,-187288.2795,1
246696.7414,-186255.3763,1
249882.1011,-189114.0638,1
249996.0216,-189147.2804,1
250082.6239,-189179.3036,1
250200.3015,-189209.92,1
251564.9756,-189172.7055,1
250660.6336,-335893.2831,1
251990.6677,-345068.2068,1
253704.0326,-43966.506,1
253438.5789,-336791.2121,1
251229.9134,-80454.7122,1
254498.8432,-44870.9082,1
254615.9323,-44995.1518,1
254091.701,-308329.9045,1
255531.1972,-36660.7231,1
255521.5877,-80432.1327,1
255740.1492,-46656.2686,1
254529.8989,-349307.2117,1
256515.0,-46455.0,1
255659.8178,-41847.1882,1
256875.0,-46695.0,1
256905.0,-46770.0,1
257020.3125,-47133.75,1
257125.0,-47615.0,1
255389.9859,-352624.1733,1
248987.7663,-98066.7349,1
257288.2233,-354764.1076,1
260765.6133,-48339.0549,1
260912.5014,-38574.524,1
260724.1232,-37356.6785,1
260644.8036,-41451.2488,1
260959.143,-46647.1624,1
260085.1038,-44051.6738,1
261009.3902,-200964.5122,1
260508.7917,-368354.6732,1
261713.8627,-369550.4386,1
261787.2892,-54437.8188,1
261892.7897,-186802.2103,1
261751.2326,-55458.8362,1
261628.586,-322257.4214,1
261628.8753,-359412.6965,1
262146.6338,-51046.2401,1
262439.0766,-186289.6229,1
263048.3077,-193821.3251,1
257435.0571,-325672.5376,1
262617.3913,-184117.3043,1
264509.2972,-35310.9981,1
264536.338,-35345.2011,1
264563.4045,-35379.4941,1
264804.2341,-49928.5897,1
264926.4413,-50081.0516,1
264967.3114,-83488.1846,1
264895.6717,-190251.3473,1
265417.8694,-196360.6897,1
265447.7599,-45860.908,1
266067.4615,-195764.3077,1
265471.9497,-342244.5841,1
265574.0978,-36542.2497,1
266663.9995,-52583.8831,1
266610.1314,-29252.0472,1
266896.1496,-193822.4222,1
267235.6374,-21067.4435,1
266334.6919,-337944.4799,1
267363.6587,-29206.0868,1
263010.0994,-25264.6853,1
265041.3657,-365799.2332,1
267529.3416,-38136.3588,1
269402.7731,-50909.2437,1
269370.4092,-18696.3282,1
270452.1801,-192885.1171,1
271390.2,-51652.04,1
271079.7359,-223280.6934,1
271037.2239,-353289.0318,1
272056.377,-355349.2212,1
273689.4378,-80956.9945,1
273035.7662,-206721.8173,1
273801.7135,-81398.5648,1
273582.5741,-23099.9215,1
275123.125,-189961.5625,1
275078.2432,-90207.3423,1
275698.7957,-198452.4033,1
275712.0321,-198801.1794,1
275732.2193,-198564.776,1
274965.5492,-351668.41,1
275425.3769,-362709.2461,1
276312.9345,-189558.7783,1
276896.7804,-361903.0613,1
276734.1495,-199949.4532,1
277391.1176,-21192.2157,1
275738.4838,-337471.4269,1
278438.1494,-373039.9687,1
278602.426,-206939.569,1
278963.589,-206050.63,1
279543.1395,-51118.2558,1
278975.2095,-349861.2208,1
280061.2082,-303519.5166,1
280554.2081,-347521.7512,1
280151.3766,-38790.3027,1
281056.4985,-89591.2668,1
280744.221,-305098.6643,1
280934.3701,-143577.4147,1
281434.3243,-22842.1622,1
282193.4098,-19641.754,1
282292.1295,-326854.6998,1
282769.2771,-89150.624,1
282746.0832,-26353.358,1
283329.7436,-184348.3654,1
284306.3174,-22040.0299,1
284626.6667,-187830.4762,1
284819.4,-185952.6,1
281985.5727,-52236.6357,1
285495.8869,-194640.9391,1
286028.8655,-351017.9209,1
286442.4735,-85848.7619,1
285060.0709,-90793.8826,1
287046.5976,-351631.2421,1
287744.8125,-188143.875,1
285960.9586,-271048.0915,1
287904.5516,-328346.5947,1
287902.9502,-266597.3412,1
289549.0351,-188881.3158,1
289941.2773,-94690.4772,1
290358.8228,-95196.6672,1
290406.8899,-95241.4592,1
290443.0241,-95293.8552,1
290852.4574,-368503.346,1
291448.7755,-43121.1145,1
291616.6544,-98269.2379,1
291782.6992,-98706.3288,1
292378.3461,-202488.6845,1
292958.3694,-107342.0426,1
292338.356,-329785.8852,1
292163.7667,-56840.8009,1
293336.5833,-99040.9102,1
293254.5109,-108643.3644,1
283267.5782,-362260.6339,1
292136.1032,-97410.6483,1
293775.7324,-108356.872,1
293345.2973,-326312.8216,1
295547.4488,-293883.8643,1
296018.5161,-293961.7045,1
296234.7159,-293887.2842,1
296672.4573,-294140.8535,1
289355.6869,-64511.3689,1
296637.4411,-327478.0066,1
298806.7633,-100670.9986,1
294889.125,-42785.9149,1
299128.5388,-77028.452,1
300473.2769,-78350.9536,1
300348.8593,-331506.741,1
300565.0407,-333383.6979,1
301390.1064,-168949.0851,1
297545.3933,-58869.8926,1
300992.4647,-343997.7241,1
305864.4444,-26204.1667,1
305707.6887,-765.3408,1
307238.9943,-325444.3768,1
308957.6655,-1132.1641,1
308862.4564,-58749.6883,1
309122.9164,-20181.572,1
310187.5477,-18936.4211,1
311012.3264,-56667.3249,1
311519.9472,-45855.1407,1
312480.443,-50202.2152,1
312641.4,-123073.2,1
312930.163,-53700.4891,1
312744.1171,-22081.2988,1
313004.5489,-20485.8271,1
312436.5977,-59954.6805,1
314114.0408,-66641.6537,1
314811.4914,-66890.3151,1
314339.9715,-324084.2505,1
314343.7455,-61483.2364,1
313949.8369,-327761.281,1
314670.3588,-54426.8023,1
315581.692,-59691.8188,1
316430.5297,-33287.4788,1
316634.3919,-68606.1486,1
318418.1897,-145039.9138,1
319226.6725,-40501.9479,1
319283.7546,-40533.6561,1
319377.9188,-40591.2183,1
318753.2895,-88127.4558,1
319435.0009,-40622.9265,1
318775.0203,-34849.0279,1
318317.7679,-92928.3254,1
319289.4089,-86427.6355,1
317914.8413,-322676.1269,1
318827.7238,-56930.3342,1
321139.3552,-82172.9601,1
321602.9797,-127827.7132,1
321120.3451,-22606.3344,1
322557.4818,-140305.292,1
322932.218,-25668.3126,1
323473.9286,-139339.2857,1
324215.1896,-117680.4739,1
323758.2742,-324267.4227,1
325547.13,-336957.6559,1
320280.737,-16111.6634,1
324939.6649,-323135.7223,1
327208.6134,-42868.8655,1
326942.2746,-76441.242,1
326611.8546,-144640.755,1
327856.5517,-18679.9138,1
328072.8473,-77140.7747,1
323601.1029,-45674.1501,1
329627.0109,-12920.6581,1
329347.7132,-11816.1425,1
329241.9416,-19757.921,1
329535.8232,-324534.9695,1
330619.8214,-74872.6339,1
331167.3177,-40701.7708,1
331247.2312,-321701.4188,1
331780.9942,-99928.6284,1
332530.7676,-108142.8529,1
334603.2577,-323129.887,1
335457.4,-16000.5662,1
335715.0668,-16063.5652,1
335145.8176,-13342.9245,1
335790.2503,-16064.4729,1
336040.3293,-16070.4746,1
336419.1437,-16343.8289,1
335406.4959,-113477.8757,1
336001.059,-44559.8547,1
336670.8365,-127490.4028,1
337023.272,-127583.3235,1
337114.8159,-127851.6784,1
337144.2133,-127987.075,1
337176.525,-128033.4768,1
337252.7239,-128075.7954,1
336896.8203,-17512.4631,1
337317.2097,-95803.3255,1
337405.8887,-128096.1459,1
336014.0579,-39514.6577,1
337521.5952,-128099.4317,1
337595.5048,-128133.869,1
338725.625,-11210.0,1
338125.2525,-321370.4243,1
339197.6777,-322039.0989,1
338705.1617,-136421.9515,1
339719.1463,-21534.0244,1
340214.1557,-31718.8456,1
339009.5798,-56810.9424,1
341966.8,-99676.6,1
342725.9028,-75989.2289,1
342900.4437,-76025.6799,1
343396.5934,-46810.1781,1
341821.1183,-33596.7816,1
343387.944,-127499.0316,1
342784.0214,-61794.7973,1
343720.4997,-100987.4341,1
339860.3684,-92358.9386,1
343437.4577,-121275.3597,1
344980.9295,-90456.6082,1
345504.8374,-87947.7677,1
345840.4412,-81083.1708,1
345293.1298,-117788.4143,1
346144.7201,-132147.9008,1
347844.0937,-331671.8723,1
348543.928,-331087.3615,1
348698.12,-330884.6707,1
348376.593,-330471.6267,1
349836.4408,-330720.3809,1
350279.9073,-330601.5081,1
350760.3218,-330485.1048,1
350587.5411,-100531.8921,1
349252.9511,-323680.4298,1
352144.9802,-1328.257,1
351995.6431,-11277.2681,1
347509.2386,-75686.0496,1
352289.314,-8630.1916,1
353602.0638,-1650.2458,1
351583.5604,-705.0317,1
354314.4,-42920.1,1
353930.0582,-98748.8052,1
355100.4588,-45098.7787,1
353523.0762,-33398.2664,1
355185.688,-25557.8686,1
355282.8436,-43683.6343,1
355273.5592,-78235.8576,1
355895.1353,-42696.6978,1
355858.501,-8974.4567,1
356149.0195,-42116.2109,1
356148.8662,-42436.4896,1
356818.6745,-24282.9169,1
356277.8081,-71371.0781,1
357108.7547,-36425.7582,1
356889.1775,-35910.244,1
356572.8009,-8080.7372,1
357152.6394,-39727.996,1
357439.2964,-36689.9864,1
357517.1051,-9455.8633,1
357736.7714,-236164.2138,1
357280.6415,-326397.4634,1
358213.1125,-70639.7313,1
358365.1982,-70638.0895,1
359264.5702,-97124.947,1
359320.9921,-327630.5418,1
360638.5951,-42873.7936,1
358942.5948,-6435.2563,1
360796.344,-30516.8552,1
359383.117,-39739.2115,1
360459.6634,-35846.4246,1
361211.2388,-80697.8796,1
360968.5595,-81085.2913,1
361425.1487,-80664.4479,1
361471.1671,-81003.3542,1
358289.356,-25929.1188,1
361701.4695,-7621.0519,1
358947.4528,-75730.0079,1
362162.7865,-7887.9012,1
362269.2518,-331893.8928,1
362378.7036,-331867.827,1
362451.8662,-79741.4128,1
357611.489,-89378.1602,1
365383.488,-104256.7146,1
365665.6669,-31299.9408,1
365289.4243,-40583.1999,1
366470.4477,-210155.1104,1
365316.7463,-105387.168,1
366647.8662,-212056.2394,1
365787.6617,-119372.7475,1
367519.7301,-46783.5588,1
367293.993,-32090.9832,1
367699.2557,-46822.2979,1
365170.7597,-9966.4976,1
365557.1463,-332070.649,1
368484.6646,-110927.9111,1
367812.9677,-108253.9677,1
368897.6011,-28109.1403,1
368825.7426,-28763.2517,1
368688.5867,-333523.7869,1
369663.1546,-28728.4877,1
369997.5775,-332644.3296,1
370053.4209,-332612.1327,1
370089.4613,-332585.8984,1
370145.5016,-332553.4298,1
370177.9644,-332527.1907,1
370069.9996,-28291.6888,1
370303.2535,-332495.3656,1
370533.4771,-332401.9885,1
370564.6247,-332374.1894,1
370595.6639,-332345.1307,1
370713.2686,-332307.1101,1
370806.374,-332256.1701,1
370959.4221,-332256.0996,1
371266.5866,-42327.8502,1
371315.8485,-332340.9964,1
371412.1837,-30205.6164,1
371474.2256,-332314.0973,1
371538.7515,-332289.5631,1
371584.9249,-332255.4966,1
371664.0978,-332160.695,1
371745.0482,-30621.0531,1
371765.5765,-332074.5677,1
371854.5161,-332011.0614,1
372086.4679,-30947.512,1
372080.1027,-179334.3909,1
372427.5702,-117289.8542,1
372655.977,-119895.4966,1
371986.2045,-186293.4794,1
372983.0737,-208694.9083,1
373037.0998,-208976.1772,1
373179.0077,-118575.0406,1
373162.4973,-118815.4119,1
373057.8537,-119358.3723,1
373335.1381,-117925.1216,1
373384.9218,-209328.6128,1
373455.1131,-117924.044,1
372692.3973,-331350.0493,1
373461.3714,-118101.9718,1
373780.3318,-208995.0746,1
374055.9709,-121145.3264,1
373039.9179,-48115.4321,1
371924.4401,-31296.1238,1
374231.3197,-186615.2987,1
374308.9351,-330756.9379,1
374824.1239,-330691.4343,1
374879.7533,-330818.1025,1
374904.3789,-331269.12,1
374894.5905,-331132.248,1
374906.3585,-330737.442,1
374891.8259,-330664.6609,1
374936.5817,-331324.3524,1
374964.6576,-331356.5377,1
374945.3892,-217346.6674,1
375030.9335,-217345.468,1
375080.8012,-331381.0366,1
374825.8826,-186594.2025,1
375294.5167,-331444.656,1
375326.2935,-331473.1473,1
374747.3643,-176554.6168,1
319601.8075,-340647.2918,1
375024.7706,-185423.559,1
375628.6526,-332071.6888,1
375619.6364,-331886.9425,1
375545.8681,-175519.3717,1
375440.8744,-41757.2935,1
375650.7948,-331812.7301,1
375677.4098,-332101.408,1
375806.3182,-332131.5666,1
375937.9787,-145390.0459,1
376004.9415,-145389.5573,1
374324.6055,-56117.4051,1
374704.7243,-10954.2112,1
376646.8976,-332253.9532,1
376780.3403,-332312.1646,1
376325.2446,-47881.217,1
376183.134,-177748.4495,1
376966.102,-178239.8287,1
376352.6753,-337722.5153,1
377109.2892,-110684.8795,1
377096.0473,-176928.8333,1
377228.4068,-177144.3426,1
377479.2994,-111386.2628,1
377484.5549,-111254.0048,1
377497.2724,-111074.8525,1
377325.7217,-332179.2533,1
377419.2868,-11064.1676,1
377546.5729,-332193.9067,1
376984.668,-216151.7659,1
377587.4082,-332254.2491,1
377548.7033,-109412.6145,1
377970.2204,-62430.1995,1
378097.574,-333192.1428,1
375658.7256,-59256.9245,1
378364.6202,-333179.874,1
378082.995,-335858.0372,1
378469.1171,-176920.2737,1
378778.745,-333034.7991,1
378450.2117,-236566.1586,1
378970.6402,-333064.7522,1
379099.3671,-238047.3363,1
379126.4098,-333094.9813,1
378986.8602,-237495.0301,1
377988.277,-99430.4561,1
379177.3458,-238090.1236,1
379287.5668,-333150.5928,1
379450.1905,-333157.7991,1
379506.7884,-333187.405,1
379353.75,-11967.3214,1
379571.0001,-333270.1485,1
378846.8197,-109672.1941,1
380056.2609,-123033.1992,1
380042.1535,-333403.4538,1
380110.298,-178486.762,1
379223.5007,-177475.0266,1
380250.6524,-72546.5938,1
380369.3644,-333930.4753,1
380572.0968,-30611.7742,1
381078.4744,-334142.8459,1
381221.1434,-334154.5032,1
380891.3899,-12356.6224,1
381152.5801,-122050.6064,1
381337.5564,-13574.4361,1
381634.3674,-173657.3144,1
381139.968,-176286.5962,1
380025.5588,-55725.8415,1
382213.5898,-177569.3972,1
382575.9717,-31847.5506,1
382014.5298,-33708.2958,1
382935.7538,-140418.4694,1
383145.0678,-140415.7762,1
382550.5472,-174699.6728,1
383519.2862,-34906.2133,1
383536.0003,-34986.3687,1
383434.2339,-14162.9073,1
383884.348,-335032.1477,1
382061.4811,-48392.5188,1
383184.0441,-62271.8646,1
384155.0343,-335040.5279,1
381045.0834,-72565.5777,1
384119.7532,-13088.8555,1
384896.6347,-172190.1751,1
384130.3154,-66421.7957,1
384532.6789,-52118.1083,1
385811.4885,-66118.7244,1
385819.6835,-52732.7057,1
382172.0022,-58899.9247,1
385918.898,-171753.169,1
386927.5481,-190279.8383,1
386953.8625,-237335.8763,1
387411.7305,-236861.2294,1
376284.7779,-40360.312,1
385624.0916,-34737.7518,1
388742.301,-58101.1141,1
387558.9573,-47674.1269,1
389159.3409,-190778.7751,1
388468.1096,-42221.9694,1
389972.7523,-178019.6102,1
389898.3476,-177733.7488,1
389736.5917,-33621.2284,1
390764.9176,-237019.1213,1
390619.4678,-192153.7893,1
390567.3426,-178910.7123,1
390320.2444,-211798.3835,1
391592.1895,-203998.1641,1
392331.7925,-211440.0,1
392469.4444,-31668.7681,1
392021.0321,-177489.7619,1
392499.496,-70031.6806,1
393203.6197,-178286.1144,1
391704.2598,-200129.7113,1
393994.9772,-78304.443,1
394006.7062,-196011.3981,1
394646.5272,-77587.0906,1
394596.335,-78142.2504,1
394842.8914,-331659.6659,1
394067.7292,-212582.7597,1
395239.9545,-340710.5492,1
395181.1777,-197757.638,1
396130.1384,-4815.5689,1
393370.903,-14662.9368,1
396601.0907,-52898.9808,1
395969.4755,-31395.8129,1
396828.6225,-212918.0065,1
397108.1389,-52953.5307,1
397952.9823,-235090.7103,1
397333.5058,-3044.1006,1
397783.7969,-15236.1974,1
398067.8571,-202850.7143,1
398310.8257,-7657.789,1
398154.6429,-243696.7347,1
399766.19,-340514.2381,1
399700.4492,-8846.8253,1
399237.8291,-54126.8636,1
400095.1961,-31631.4706,1
399585.8328,-56360.503,1
400171.6021,-9134.7087,1
400328.8298,-194616.844,1
399857.8652,-33636.6854,1
400762.1251,-237005.1535,1
400588.3283,-209096.0164,1
400492.2632,-247611.0,1
400896.1425,-124255.9699,1
401373.727,-9637.1797,1
401865.3749,-127470.9283,1
401925.0162,-166726.3164,1
402100.0938,-166730.875,1
402069.1619,-211273.7799,1
401911.2325,-126767.0425,1
402238.4328,-167247.7612,1
402732.0777,-166781.7458,1
402367.6565,-8082.6558,1
403205.7909,-34282.5327,1
403419.388,-6362.1815,1
403824.3995,-5543.0426,1
403881.5379,-2211.4735,1
404039.9773,-2232.6161,1
403851.6667,-199760.5128,1
404305.6561,-238985.5143,1
404333.6076,-239017.9921,1
404369.6044,-239070.4946,1
404397.6028,-239102.9971,1
404425.5992,-239135.4944,1
404510.8157,-239230.8231,1
404579.2408,-240749.8518,1
404633.2697,-239377.8591,1
405071.3208,-245630.566,1
405115.0323,-240120.0705,1
404893.9797,-641.7976,1
405376.7927,-953.5777,1
405032.1441,-8126.3025,1
404617.1824,-1789.9224,1
405144.5683,-244340.8993,1
404662.3149,-241794.6173,1
405713.2878,-169011.2929,1
405855.9086,-342225.3473,1
403112.3384,-201235.7839,1
406743.6131,-196307.1898,1
407545.8607,-70627.8948,1
407393.8242,-79356.7991,1
406968.2923,-212772.8297,1
407541.5305,-57820.6038,1
407222.6219,-7658.1813,1
407928.0928,-196339.9485,1
408006.0829,-70386.3732,1
407255.2065,-152107.7613,1
409259.9,-129885.2944,1
409460.0381,-9353.8805,1
409667.6123,-196629.9816,1
409878.3437,-200033.2655,1
410599.4678,-9140.0924,1
411085.1301,-9028.5329,1
411034.6928,-213216.3179,1
410994.6896,-201096.827,1
410928.4604,-69099.2941,1
411293.2832,-7285.1024,1
411336.9443,-67632.5398,1
411428.7423,-204588.1288,1
412016.6288,-6855.6058,1
411462.7082,-196701.5546,1
411905.1047,-108186.6754,1
411914.9526,-213906.8212,1
412297.9863,-213895.4888,1
412353.4868,-213927.7313,1
412218.2634,-202451.057,1
413005.8282,-203398.781,1
408947.2101,-30762.1757,1
413713.9681,-184743.0462,1
414119.9132,-185672.3264,1
414517.5586,-31290.2053,1
414270.7762,-183551.1043,1
414680.0322,-203457.7556,1
414483.3514,-185521.6164,1
414494.7892,-74795.2568,1
414962.3759,-208727.2451,1
414537.6225,-108718.7464,1
415027.783,-200066.5127,1
415345.8507,-31192.8794,1
416864.1785,-31263.8217,1
417174.9281,-199249.964,1
418201.6981,-214158.1132,1
417974.6304,-155938.4292,1
419021.2322,-203643.9532,1
418438.5482,-31446.9272,1
420039.1373,-743.8361,1
420743.2768,-184581.6301,1
417455.0496,-150707.3542,1
421220.8888,-171855.649,1
421143.9719,-180104.0897,1
421671.8581,-202550.5126,1
421611.9915,-81990.2553,1
421385.0168,-5724.9419,1
422315.6884,-178249.1142,1
422024.9588,-184098.0192,1
422454.9464,-6350.1505,1
422450.1684,-113893.5401,1
423493.9703,-204622.0368,1
423474.3368,-2305.9576,1
423511.8705,-203876.2283,1
423614.3836,-143877.9452,1
419930.3592,-167951.9634,1
424092.2932,-202708.985,1
423639.4111,-87811.2603,1
424696.8859,-338373.4424,1
424518.989,-338159.4725,1
424961.1298,-166589.3211,1
424528.0277,-207143.4083,1
424878.4258,-3107.4695,1
425030.7391,-198645.2609,1
425689.0772,-60738.1629,1
424974.9061,-144678.4742,1
425978.2193,-60324.0572,1
426135.7539,-110025.5793,1
426173.4862,-110535.1619,1
426271.2021,-109681.0143,1
426218.4063,-59731.5682,1
426094.6308,-4544.4927,1
425755.8543,-148007.6131,1
426402.8452,-109585.3834,1
426445.3561,-60065.2059,1
426580.5482,-56702.2673,1
426615.0523,-12647.4369,1
426424.5763,-149169.5975,1
426775.8195,-339046.1743,1
426646.2136,-58822.8796,1
426806.6633,-12688.2198,1
426925.3125,-6304.6024,1
426789.9014,-57092.9356,1
426955.4719,-6334.2953,1
426614.8962,-203220.3633,1
426904.3333,-108637.2222,1
426703.5338,-132491.7336,1
427177.0172,-1792.3732,1
427179.4721,-1331.8847,1
426479.217,-2450.1998,1
427319.7364,-6200.0212,1
427137.7134,-57729.5712,1
426986.3225,-132120.5891,1
425749.8996,-163172.3214,1
425286.8275,-6603.6836,1
427080.2101,-154789.2017,1
428269.2273,-130719.9924,1
428291.9454,-5394.2376,1
428476.6416,-6616.0703,1
427867.2242,-158786.9388,1
428559.654,-3243.3505,1
429035.0274,-4654.1666,1
429281.0417,-82102.7022,1
428738.9635,-131530.6354,1
429568.9818,-3671.3859,1
429697.9021,-4095.0155,1
429184.7799,-6127.4453,1
430039.3189,-132176.7418,1
430358.8125,-133025.0262,1
430530.8226,-49325.2067,1
430541.9878,-49637.9001,1
430516.2857,-109703.1429,1
429773.8845,-188521.3103,1
429721.5878,-149250.8395,1
430662.7699,-6886.4062,1
430319.7435,-80926.5167,1
430796.6809,-6313.4188,1
430969.1326,-49967.4783,1
430748.18,-5641.6656,1
430592.525,-110747.4374,1
431460.079,-186686.1514,1
430969.5843,-82869.2985,1
431257.6238,-48968.7573,1
429850.5498,-10608.6956,1
431019.4128,-30206.8438,1
432045.8365,-186678.2218,1
432342.5842,-82236.2513,1
430934.1325,-156724.5824,1
433285.8447,-49964.7991,1
433288.9824,-50057.36,1
433300.552,-49464.5167,1
433015.4097,-188500.5617,1
433250.8252,-172513.835,1
433668.8046,-170361.1404,1
434197.6676,-49377.482,1
434381.1204,-111280.5897,1
434501.9775,-48568.5404,1
434523.6809,-111242.5678,1
434259.2237,-186784.7543,1
435892.7351,-110940.6229,1
436387.6718,-17766.4135,1
436456.6342,-197689.2023,1
435498.8272,-196495.2881,1
436437.8198,-339248.1686,1
434783.3684,-132518.0181,1
437723.7023,-167859.9618,1
434297.8019,-2154.8567,1
438601.9598,-64135.6008,1
438472.2835,-64556.8828,1
438689.4489,-64064.1207,1
438740.9663,-10252.382,1
439219.1078,-55104.566,1
439298.044,-45203.3986,1
439170.4503,-111638.2661,1
439694.1801,-111752.6877,1
439671.5025,-55373.5229,1
440110.2753,-111876.1731,1
438413.273,-157553.0528,1
440354.8574,-55706.8806,1
439987.1268,-10317.6588,1
440932.9343,-159485.9061,1
439688.1357,-132166.3581,1
435733.8807,-149261.7674,1
440956.4487,-44695.6686,1
440839.1974,-111700.4134,1
441388.8757,-343800.6866,1
436648.8103,-27052.989,1
441595.7511,-3025.992,1
441833.8395,-162732.5519,1
441004.9577,-340777.9093,1
442293.7131,-161731.3407,1
411947.6749,-341489.1679,1
441508.7548,-166266.5316,1
441847.1033,-130240.103,1
443056.3624,-132763.2525,1
442331.6545,-157842.7102,1
443789.26,-151876.8309,1
441912.5814,-155038.2556,1
445750.07,-216173.011,1
446374.595,-346922.3799,1
-600093.4545,286758.8312,2
-600936.3629,289714.3488,2
-594728.8228,317802.2111,2
-594275.3397,288625.3492,2
-593204.3846,289792.2308,2
-593211.1699,340119.2713,2
-592665.4337,288447.4115,2
-593700.8795,333816.4838,2
-591433.4651,337693.9521,2
-591316.1358,338431.4274,2
-590994.7895,330239.8421,2
-590441.0263,338658.2127,2
-589903.5251,338466.5328,2
-591227.009,320710.4564,2
-588301.2704,282301.9067,2
-589147.7951,317731.1105,2
-586218.6029,353564.4326,2
-586996.9497,343639.91,2
-585095.8268,358982.7198,2
-590447.9721,350746.4957,2
-584535.5923,360271.0476,2
-584814.4543,351636.1743,2
-584304.3595,356156.3789,2
-584343.1756,292879.6988,2
-583506.0932,350353.0776,2
-584063.9241,349068.0916,2
-582988.464,284577.4757,2
-580872.2782,329177.9784,2
-580701.4149,290107.8371,2
-579982.3451,352111.03,2
-580346.4229,352703.7025,2
-579965.3042,354583.7502,2
-580478.4185,347004.1845,2
-577071.5616,290748.6025,2
-578974.1141,329481.879,2
-576387.1848,343815.2826,2
-575362.0068,290666.2996,2
-575265.8039,290629.4923,2
-575220.3076,290579.7281,2
-575144.9734,290506.4248,2
-573606.1869,290031.3714,2
-571811.8983,304881.7627,2
-570970.7485,290887.3808,2
-570579.3711,304332.8351,2
-570692.7651,292683.7476,2
-569298.9796,292190.8109,2
-569246.3927,292162.8266,2
-569283.198,309217.1825,2
-569099.7926,309355.85,2
-571196.3006,301362.8255,2
-568638.8335,291402.055,2
-566069.1371,287730.5804,2
-566064.9965,287777.0428,2
-566725.3676,286905.524,2
-566987.9748,296091.2548,2
-565119.0,293321.1429,2
-565618.2191,288284.2096,2
-565086.2371,286018.7973,2
-559096.831,333724.68,2
-557510.3307,333735.1113,2
-558108.5085,333856.2055,2
-556350.6905,264811.2798,2
-556289.2389,264255.8352,2
-552109.6622,298071.6892,2
-551899.3052,321629.0091,2
-550969.8077,300027.6923,2
-550167.9432,269397.5083,2
-550324.2375,292304.3482,2
-550136.1382,269427.3623,2
-550105.2265,269444.0556,2
-550302.9799,269107.5335,2
-549958.6642,343149.8852,2
-549828.09,295093.0141,2
-550327.7641,298054.0502,2
-549264.7221,295433.57,2
-549761.9275,265676.3293,2
-548417.4452,336237.3946,2
-547083.153,291044.5353,2
-551378.0025,261211.8295,2
-547267.9091,286670.6727,2
-547282.5233,294687.0083,2
-545593.3742,281235.5032,2
-545205.2927,279651.4108,2
-545901.0882,292587.0509,2
-544472.6899,271789.1587,2
-544599.9616,294906.7083,2
-544406.2616,303506.8522,2
-543678.479,304554.6352,2
-544039.1354,300639.6492,2
-542779.969,284618.5501,2
-542969.2261,270323.464,2
-542600.4861,269605.1197,2
-542524.6391,284909.7888,2
-542561.3865,269753.3004,2
-542206.5021,284939.4379,2
-544257.5627,336133.9766,2
-541204.0534,277956.2008,2
-542768.6509,333284.8255,2
-541065.4657,277953.3373,2
-540838.8031,278051.8106,2
-539661.3567,279184.5266,2
-540348.4737,276673.8956,2
-539900.63,329941.4802,2
-540093.7712,324321.6395,2
-538976.804,267839.2227,2
-539158.3251,267705.2011,2
-539289.1641,278416.9753,2
-538793.6819,277240.7082,2
-538745.6233,276872.8398,2
-547885.8066,341465.5372,2
-536425.6921,323822.2934,2
-535203.204,269488.0488,2
-535156.0507,270072.9194,2
-535151.7501,270180.2666,2
-534690.3541,273344.8552,2
-534613.9062,273666.888,2
-533697.1734,264798.6722,2
-533593.1472,264554.9082,2
-533638.297,271207.4405,2
-533504.4608,271972.8076,2
-533366.3609,272208.6027,2
-532894.4887,265171.5234,2
-533247.1249,271531.3426,2
-533024.2421,264132.7994,2
-532262.3269,265768.8391,2
-532202.2836,265738.8607,2
-532172.8567,265643.0415,2
-532739.5622,266036.9977,2
-532397.4151,261433.602,2
-530915.5263,263922.1579,2
-530328.6702,269649.2553,2
-530132.5954,261017.5156,2
-529665.5455,282564.8182,2
-529567.8689,277282.5,2
-529492.7377,260637.835,2
-529146.8751,260501.3101,2
-529631.8376,285285.1425,2
-527895.5242,259684.9558,2
-527727.1164,259678.6247,2
-528297.7855,269662.5164,2
-527496.801,259612.4183,2
-526288.4157,256382.5717,2
-526514.8305,277190.7627,2
-525591.3622,278212.9412,2
-527892.9511,327364.9574,2
-524949.8624,263573.7462,2
-524378.6667,308802.3333,2
-523852.8616,277033.4464,2
-523248.1081,259497.1622,2
-522185.5067,283776.8936,2
-522857.2592,273269.0768,2
-520871.8168,278340.9531,2
-521388.3118,262523.8214,2
-524288.4546,270991.5253,2
-520360.2581,275612.4901,2
-519498.7952,257150.4217,2
-519116.0294,262204.0107,2
-518939.1758,271123.6813,2
-519005.3113,279821.6148,2
-522358.234,256749.4838,2
-519055.7639,284684.0278,2
-519088.589,273814.9276,2
-518680.303,275181.3636,2
-518807.8958,269393.125,2
-522720.2414,308041.5289,2
-517727.4766,256365.8681,2
-518221.0362,281252.3843,2
-516446.8782,264688.2487,2
-515672.4244,280129.536,2
-515649.6462,280270.4457,2
-515511.181,280251.1525,2
-515494.0972,280139.4481,2
-515465.634,280362.5079,2
-515598.577,279569.5262,2
-514384.8529,265585.5882,2
-512192.9506,272486.0679,2
-511920.5334,272195.4158,2
-511857.8093,272305.4814,2
-515605.7345,260420.3889,2
-511778.4561,302208.3904,2
-510735.6791,255634.5392,2
-510294.4681,262745.5319,2
-509627.6492,257629.1733,2
-509834.6429,259910.8676,2
-509312.6687,263310.6442,2
-507787.0014,299931.4467,2
-506467.0979,250062.8322,2
-506329.7532,295340.013,2
-508881.1807,266713.4673,2
-504754.7198,251693.6638,2
-503980.2571,270826.7086,2
-503964.9144,270991.0756,2
-503528.1012,270592.6626,2
-503428.2379,270697.2632,2
-504111.1306,339482.0009,2
-503436.7428,247278.7139,2
-509595.4155,334709.3106,2
-502525.0,289212.7083,2
-503139.637,334229.2927,2
-501764.5,261181.1667,2
-502285.814,254525.6395,2
-500069.4069,345862.5725,2
-500377.1675,258891.9458,2
-499835.5461,343523.4219,2
-499284.3277,258321.0504,2
-499398.8627,261085.5579,2
-499414.4456,252978.629,2
-501421.8263,257305.1437,2
-498935.9304,335399.1148,2
-498505.383,335773.6045,2
-498008.3091,345856.5835,2
-497908.9563,273989.6995,2
-498133.3807,282073.2955,2
-497612.2455,260176.2575,2
-497761.1186,346479.5944,2
-497234.17,335803.9165,2
-497468.4118,308203.597,2
-496633.0328,276967.377,2
-496582.0485,312432.813,2
-496272.2652,224705.3867,2
-495425.4236,270115.5345,2
-495234.3507,222384.9005,2
-495140.936,222337.647,2
-495886.3761,314463.0275,2
-494038.5162,298468.3677,2
-493494.9283,211695.6612,2
-493469.3584,211734.0173,2
-493309.1025,203471.4251,2
-493785.7614,250097.8934,2
-493070.4619,270448.8608,2
-492508.5514,270926.6115,2
-492898.526,248534.6532,2
-495070.5131,298045.9586,2
-495797.2035,273494.861,2
-492121.8454,202149.6624,2
-491701.3252,307304.5352,2
-491527.3996,308765.9788,2
-490892.3396,269274.4235,2
-491045.339,278731.0169,2
-491062.7027,250370.0,2
-491262.1018,274657.3629,2
-490691.2159,271304.3936,2
-490616.6241,248901.6821,2
-489134.9265,269209.5273,2
-490561.2429,223599.4435,2
-488939.0568,269207.5286,2
-488507.5652,270691.1365,2
-493174.2575,218939.903,2
-488115.2292,220514.8257,2
-489788.6129,308928.0898,2
-487580.4136,220678.6963,2
-487605.1911,273128.5987,2
-486959.4594,270772.2459,2
-486806.1478,270770.1026,2
-486033.0642,270771.5746,2
-485728.7805,332001.3282,2
-484988.9069,249571.0044,2
-484845.1669,249345.9553,2
-484735.5041,249216.4435,2
-485083.3058,335909.9946,2
-484147.1208,270052.0206,2
-486377.524,224384.6214,2
-484093.564,266491.7306,2
-484245.48,272128.68,2
-483986.2806,332548.676,2
-483447.556,332823.2177,2
-483209.6809,271828.7234,2
-483585.2952,334213.2078,2
-482994.3313,337038.7149,2
-482562.2951,332138.5538,2
-482151.0183,245413.3543,2
-481074.0871,338150.6867,2
-481129.3212,225593.112,2
-480275.0512,242593.5007,2
-479649.977,265639.6957,2
-478973.5817,333983.372,2
-478731.813,241226.9671,2
-478480.556,241453.7884,2
-478085.402,241667.5461,2
-478274.2501,267899.2036,2
-477706.2234,310344.9796,2
-477451.4065,308756.4578,2
-477367.9037,281200.7462,2
-476284.7507,266674.182,2
-479976.7275,336064.6358,2
-476206.6007,268125.1115,2
-476181.0442,246114.5807,2
-476209.348,269075.9855,2
-476155.4717,269309.5871,2
-476113.815,246072.7714,2
-476659.6349,335505.5922,2
-479293.8564,272004.4986,2
-475229.1777,247020.9957,2
-474420.3929,250149.2056,2
-474498.4034,275531.1196,2
-473970.8176,239246.9982,2
-473582.7031,237787.9272,2
-472843.2576,240385.5509,2
-473287.0136,250477.5538,2
-472784.0621,319604.4762,2
-472434.4266,284092.1497,2
-472245.3781,238703.9948,2
-472114.9554,270692.4642,2
-471520.6251,270487.4,2
-472090.8816,271253.6307,2
-471658.6364,251888.2536,2
-470428.8874,290431.1268,2
-470560.8551,273370.5097,2
-470558.1129,291209.1864,2
-469950.3973,291687.6093,2
-469922.0812,291527.353,2
-471905.9979,288859.4623,2
-469585.1549,232250.2904,2
-469443.6858,254503.962,2
-468746.9729,289068.9641,2
-468776.7233,264365.5444,2
-468540.2422,272626.1532,2
-468453.1253,232339.0082,2
-468416.3793,211259.4828,2
-467954.8623,316670.006,2
-467687.3894,230996.1918,2
-468061.9312,314670.1939,2
-467621.4567,270316.6535,2
-468184.5489,274208.9289,2
-466986.7857,250420.8929,2
-467063.8702,253720.5954,2
-466464.91,316744.8766,2
-465912.2096,231622.8497,2
-465854.8634,231591.596,2
-465780.0503,253922.3461,2
-468036.3704,252382.0211,2
-465761.9466,263519.7345,2
-465005.5128,251855.5128,2
-465386.7782,316951.4145,2
-466114.918,243440.0761,2
-464505.4402,264613.0499,2
-465134.068,314448.8727,2
-465156.6306,231285.047,2
-464015.5263,239948.9474,2
-464234.7842,246779.4604,2
-463771.175,315173.4888,2
-463770.2635,315216.1523,2
-463648.0705,315447.2851,2
-463551.7069,255193.226,2
-463748.4298,267325.0982,2
-463724.6732,315907.1182,2
-463662.4172,243394.8675,2
-463140.3647,255191.0112,2
-463012.3723,268705.9311,2
-462949.4102,255147.8692,2
-462868.6925,268710.3263,2
-463147.1624,234910.4643,2
-462679.7123,261023.5888,2
-462449.9637,250691.3013,2
-461548.0242,254074.7218,2
-462000.7322,308049.1158,2
-461233.0583,248022.6514,2
-460500.4269,229128.0307,2
-460076.4665,266034.4428,2
-460254.2246,228668.2918,2
-459886.5113,272028.8825,2
-460614.1281,269804.3048,2
-459526.9897,228175.6386,2
-459455.2825,228148.2625,2
-459588.739,315143.8333,2
-460308.1638,311763.2408,2
-460344.2804,236932.8909,2
-458461.595,232932.0955,2
-457868.5002,267496.5157,2
-457442.6173,214163.6818,2
-457428.3148,214137.3429,2
-458290.598,239182.1923,2
-457292.5574,214105.0467,2
-457261.7706,214046.5177,2
-457234.0736,213973.5518,2
-457276.9684,244440.4646,2
-458053.2608,265648.9547,2
-459426.7628,244003.2897,2
-456236.421,235549.468,2
-456208.5473,235314.8983,2
-456309.1074,234608.6855,2
-457876.3552,261645.6312,2
-456230.6818,239613.9602,2
-454058.4572,292644.2001,2
-453934.1955,201281.3901,2
-453982.3191,296515.7811,2
-452831.714,219255.3563,2
-452952.84,301066.6047,2
-452155.6783,268933.7885,2
-452542.3009,298199.15,2
-450973.8725,266789.3886,2
-450884.1832,279312.5985,2
-450487.4206,292058.8102,2
-450145.1967,297262.0835,2
-451408.4102,303325.8106,2
-450654.9742,305245.0012,2
-449482.1791,305171.5067,2
-449381.56,296868.7647,2
-448610.7642,297276.9548,2
-449120.0417,300820.8634,2
-448473.286,299257.2226,2
-448213.3181,308097.8653,2
-448861.5972,308196.8073,2
-448099.9126,308108.0031,2
-448141.4101,309371.8279,2
-448123.4448,308462.8697,2
-447852.4254,293276.3526,2
-447816.6862,294053.0952,2
-447061.8537,293355.0616,2
-450671.0888,294433.1056,2
-447060.2636,292749.8593,2
-446927.6353,292586.2185,2
-446853.4147,291994.6464,2
-448345.9306,303949.3977,2
-446538.9113,261598.8275,2
-446204.3267,293080.5414,2
-445968.5243,302647.4241,2
-445943.8937,302811.1944,2
-445333.0634,191747.0848,2
-445131.465,276001.9772,2
-445357.5389,282471.5139,2
-444698.581,277290.483,2
-444691.7308,285750.0,2
-443821.7424,186062.9484,2
-443541.5587,251912.7328,2
-443244.5695,185355.3381,2
-443836.5578,279557.983,2
-442757.8438,182271.5444,2
-442274.3684,308994.1579,2
-441986.7663,296750.8712,2
-441605.4984,320724.5016,2
-441355.6017,278360.1246,2
-441564.3173,183351.54,2
-440696.7705,131303.6046,2
-440979.9711,296915.7446,2
-440525.6556,251267.5035,2
-440833.7928,251966.812,2
-440551.8492,321575.8476,2
-438268.3076,255926.1887,2
-437624.3856,250540.3848,2
-438225.9395,200485.8907,2
-437416.8383,199410.6108,2
-437321.7383,297895.3412,2
-437250.9462,300127.545,2
-437232.6216,264601.0238,2
-437291.0984,296717.0767,2
-437228.1746,264913.2008,2
-437269.7792,294755.4663,2
-437152.6831,197053.3556,2
-436429.8263,197693.5171,2
-436349.3728,265730.498,2
-436675.3775,299736.977,2
-435896.3931,198657.0502,2
-436131.1948,199342.0184,2
-435960.2658,198030.0216,2
-435867.3857,266239.1222,2
-435113.0652,322072.1449,2
-434823.8923,266927.3666,2
-434372.7354,267358.48,2
-434034.9061,267891.8982,2
-433917.7104,268572.3168,2
-433916.0637,268681.0022,2
-433776.7793,269207.9697,2
-433606.6958,270523.1728,2
-433604.4083,271548.7394,2
-433574.9922,270584.0554,2
-433499.8113,270593.8684,2
-433499.0063,270646.183,2
-434141.8792,324138.2898,2
-432842.1508,319525.69,2
-432701.9927,271787.7812,2
-432135.8684,320953.4089,2
-431345.7111,86416.4147,2
-431292.0692,335339.5507,2
-431292.7961,334969.3676,2
-431095.2702,339945.6159,2
-431080.9262,340304.8703,2
-431051.5456,341023.6552,2
-431046.7503,341232.688,2
-430962.1155,323606.8553,2
-431035.1411,340639.1945,2
-430946.5717,341310.2334,2
-430814.8146,339322.1408,2
-431064.0287,321936.0734,2
-430593.9623,87407.2409,2
-430449.1912,318297.29,2
-430314.5831,323744.1782,2
-430183.2979,317772.9788,2
-430148.5898,323472.8795,2
-429973.3169,323784.1033,2
-429958.1587,323882.5432,2
-429957.0455,323955.3887,2
-430075.8351,318547.9836,2
-429945.8661,319050.3754,2
-429971.5124,319208.654,2
-430879.1815,324682.4783,2
-429724.4287,324747.5965,2
-430623.64,338526.97,2
-429782.5951,324017.8039,2
-429417.33,324057.2578,2
-429319.0209,306877.0872,2
-429067.5428,309542.7993,2
-428987.9922,307507.0803,2
-429844.4242,343500.9716,2
-428756.2235,88634.4878,2
-428586.7388,307445.9276,2
-429674.9338,320729.9689,2
-428532.7955,319725.1187,2
-429046.3003,100617.3529,2
-428895.15,323807.6779,2
-427747.5901,319471.3146,2
-427962.5346,305523.042,2
-427409.5827,309199.1014,2
-427395.4583,311797.626,2
-427475.4327,207134.5068,2
-427367.3282,322664.7336,2
-427444.1624,323214.1254,2
-427527.0896,87361.2464,2
-426895.5565,313062.4216,2
-426090.3783,100092.1938,2
-426044.2159,100255.3811,2
-426000.0757,320613.3274,2
-426058.6036,100884.8571,2
-427724.3038,307546.7269,2
-425931.8404,320833.4975,2
-426805.6721,310619.1191,2
-425520.3772,321579.4382,2
-424257.334,308715.5094,2
-424533.6906,308854.1355,2
-423259.5902,307344.6083,2
-422451.4032,241233.7652,2
-422320.0255,241138.461,2
-424733.532,241815.1354,2
-424582.3703,314383.9691,2
-421953.2356,242877.2316,2
-421802.8112,240901.8654,2
-421554.5808,240842.3735,2
-421525.2725,300673.278,2
-421491.7483,240813.614,2
-421468.8916,300892.1164,2
-421283.547,240698.6739,2
-421747.2116,242258.4105,2
-421097.4398,240637.2659,2
-420414.9489,301649.0068,2
-420630.4427,241653.8421,2
-419626.5901,302432.4507,2
-419609.9089,302546.9473,2
-419967.4167,319251.3939,2
-419908.1658,314382.7174,2
-418931.604,108506.9293,2
-418365.3684,93326.1997,2
-417826.8784,302532.5447,2
-417576.9643,94260.5357,2
-416857.8506,313360.6876,2
-416819.3038,313807.5727,2
-416775.9948,313974.8324,2
-416832.9253,313109.6757,2
-416784.717,314712.7065,2
-416559.1834,87517.9641,2
-416628.4228,238076.6779,2
-416713.0364,91392.4207,2
-416444.8975,312109.8663,2
-416426.3582,312701.5934,2
-416471.7824,313193.9346,2
-416475.1951,93361.6232,2
-416309.5097,93687.5028,2
-416892.7778,105691.6207,2
-415739.1477,296464.3452,2
-415679.7051,297552.9434,2
-416327.3353,98872.6982,2
-417735.5817,317296.2894,2
-415574.4943,318584.4586,2
-415382.7555,290417.9414,2
-415050.1018,80879.8674,2
-421381.2778,322824.7072,2
-415377.9979,81995.6091,2
-415085.6856,318034.9589,2
-415095.9778,311890.1233,2
-414757.0369,62842.2442,2
-414499.9064,317749.6028,2
-414452.8965,290569.0315,2
-414246.6562,284883.351,2
-414315.8739,317268.6815,2
-414348.1403,283806.3326,2
-414212.7578,284944.2475,2
-414139.3034,281864.3552,2
-414098.546,281850.8125,2
-413880.1992,281959.6557,2
-413859.2765,281979.6069,2
-414283.0042,318105.4534,2
-413795.9137,74353.0561,2
-413878.9179,282762.6496,2
-413861.4776,317165.154,2
-413635.1012,86204.5303,2
-413513.4594,87385.7226,2
-413497.7574,149729.6183,2
-413809.5968,259185.0,2
-413584.4512,316506.2363,2
-413373.1061,75215.4766,2
-413820.459,309444.9061,2
-412916.4244,146684.0418,2
-413056.1478,75441.877,2
-413549.2688,282385.2779,2
-411535.5728,311820.1671,2
-412230.2881,76849.8085,2
-411315.9664,311679.0324,2
-411635.573,96636.8306,2
-412172.7793,292056.7595,2
-410326.9251,294317.0572,2
-409671.3153,84198.0809,2
-410127.274,78697.3072,2
-409865.641,293891.2813,2
-409486.7166,99963.1406,2
-409378.9175,246528.5052,2
-409253.8924,293055.9239,2
-408538.7655,245047.9993,2
-408502.7631,246135.5991,2
-408359.937,86357.3974,2
-408185.174,284882.7769,2
-408268.2599,246601.0565,2
-408131.4052,284973.2236,2
-408143.5741,285334.1072,2
-408196.7895,247255.3167,2
-407627.8049,289973.782,2
-407546.2243,289999.7427,2
-407575.5864,289942.6353,2
-407517.9388,285371.9379,2
-407461.4416,289959.9576,2
-407549.2986,286473.6024,2
-407447.4494,289722.2091,2
-407559.3747,286793.3579,2
-407427.3044,289544.1865,2
-407352.8019,289518.8586,2
-407304.43,290001.4093,2
-407304.3376,289725.287,2
-407245.4723,290016.9727,2
-406480.9172,92868.8727,2
-405391.0138,285418.633,2
-405343.5975,285371.6653,2
-405319.7821,285327.8259,2
-405415.6916,282055.0054,2
-403624.5281,252780.2503,2
-403532.1206,253116.3743,2
-404242.0724,228735.0697,2
-402943.2557,48923.8388,2
-403138.6024,253149.9067,2
-402440.3897,253198.0717,2
-402347.507,48383.0944,2
-401727.0652,288900.6522,2
-401491.8268,131228.6669,2
-401432.1343,105759.2416,2
-401413.0821,105794.3341,2
-401352.2027,64253.3068,2
-401361.7892,105975.6922,2
-401311.7921,64040.0488,2
-401311.5967,131268.6163,2
-401023.6214,131229.959,2
-400878.4546,131199.3471,2
-400772.9405,131169.731,2
-400701.6534,131142.3056,2
-400964.2795,64370.6941,2
-400979.8171,63739.7561,2
-400363.215,285608.5718,2
-400336.9946,257323.9764,2
-400256.936,254591.7521,2
-400153.4639,256787.4528,2
-400078.8144,256800.0492,2
-400057.6058,238732.4048,2
-400952.44,239128.0458,2
-399715.5901,237081.1579,2
-399634.9272,41293.8003,2
-400501.9301,45308.3042,2
-399734.3741,41953.3027,2
-400325.8623,108725.8878,2
-399598.6123,236895.8967,2
-399701.8569,256685.7217,2
-399462.2498,40808.0814,2
-399199.8891,256695.6749,2
-399143.2434,236957.6086,2
-398977.5558,98524.6574,2
-398923.977,275945.3931,2
-398835.928,256711.6832,2
-398914.4154,276147.9496,2
-398847.5232,277960.6735,2
-398728.6173,275836.9919,2
-398708.4655,276342.5335,2
-398664.8822,277453.747,2
-398644.0417,278154.2163,2
-398463.0652,277547.3517,2
-398616.3463,278446.2804,2
-398528.1717,284528.4385,2
-398410.6795,279271.7424,2
-398257.6321,280124.8215,2
-398434.7365,275674.0256,2
-398512.92,124732.2,2
-398949.3631,277339.0423,2
-398349.1016,277944.1392,2
-398174.9921,256680.6662,2
-398140.0471,253574.8501,2
-398191.2085,278628.3539,2
-398111.4086,253682.7475,2
-398146.8643,275410.3096,2
-398129.0437,275813.4977,2
-398355.1329,276007.9492,2
-398320.7632,65570.6572,2
-398172.5446,277335.5645,2
-397846.9896,272647.1006,2
-397988.2919,256838.02,2
-398879.7471,287401.459,2
-398046.973,302951.6921,2
-397719.2855,8909.7808,2
-397688.9389,276913.8311,2
-397669.2828,277420.6744,2
-397725.2097,278525.4887,2
-397502.6409,35870.9952,2
-397470.918,35756.8673,2
-397442.1652,35662.4486,2
-398315.4869,128021.9715,2
-397413.4163,35569.1291,2
-399209.8529,241618.3097,2
-397482.1515,277007.6825,2
-397454.6842,277713.9884,2
-397990.0893,98475.4464,2
-397676.4771,242681.2141,2
-397215.1396,242410.2762,2
-397389.6729,276801.5141,2
-397073.1855,270651.9808,2
-397065.6291,12762.4093,2
-397111.2956,276081.8091,2
-397048.8222,277701.4802,2
-397041.4603,277901.0743,2
-396984.9885,270529.2738,2
-397152.2449,233856.4286,2
-397698.5646,294197.0023,2
-396878.6589,276887.0688,2
-396774.7815,147866.5103,2
-396909.0654,30555.9848,2
-396814.605,148487.4236,2
-397143.6257,33249.127,2
-396529.346,13504.5417,2
-396592.6553,27172.784,2
-396495.7695,276365.1226,2
-396805.4011,30866.1158,2
-396462.6219,277180.1702,2
-396499.3073,26120.1644,2
-396198.2053,13764.9621,2
-396019.1875,22307.6858,2
-395972.8646,22415.3155,2
-396051.4144,14400.4201,2
-396152.4941,67306.9291,2
-395977.1652,294286.9249,2
-397083.4607,237648.2682,2
-395583.7315,15846.6748,2
-395596.8512,67395.1328,2
-395529.2515,23498.9027,2
-395442.5,2587.25,2
-395253.7671,16482.1878,2
-395199.8982,-2239.9693,2
-395706.6964,19773.4464,2
-395458.4806,75241.3061,2
-396034.1588,10835.6282,2
-394951.9671,65911.8909,2
-394417.5956,73370.2094,2
-394196.4919,125158.7903,2
-394546.0882,16841.821,2
-394111.4143,238005.9987,2
-393445.351,254623.0404,2
-392301.6834,283806.0343,2
-392226.0759,276056.6515,2
-392111.5021,275785.5005,2
-392348.7655,114467.1847,2
-390985.0986,126837.0038,2
-390984.4841,126946.1571,2
-391147.5366,164960.7073,2
-396542.6694,219788.5706,2
-395242.2224,269933.6368,2
-390700.9714,-44979.8406,2
-391629.0342,198268.6737,2
-389086.9313,126751.8789,2
-389464.1677,127376.7523,2
-387629.9907,-47069.9919,2
-387598.597,-47098.7686,2
-387565.2904,-47148.833,2
-387536.8555,-47212.544,2
-387508.4206,-47276.2551,2
-387013.8242,-48084.8451,2
-386275.9462,127926.7996,2
-385092.0327,8828.5038,2
-384935.0915,179826.965,2
-383475.0036,83878.0817,2
-383457.324,84308.8432,2
-384299.2822,-17753.4294,2
-383236.2787,172474.8689,2
-382767.2381,11483.3947,2
-382578.9016,-8796.4587,2
-382109.7108,-49213.7869,2
-381066.7886,824.6463,2
-380857.4954,-13968.13,2
-381233.8614,-10714.0789,2
-380955.4799,-49464.2155,2
-380270.4054,148390.6757,2
-380122.67,-47869.3527,2
-379354.9568,-47793.3604,2
-379320.2059,-47820.1396,2
-379230.7041,-47880.4773,2
-379767.2994,9081.5327,2
-379387.5889,-17329.6975,2
-378973.9831,-39911.6949,2
-378395.0956,56839.567,2
-378503.28,-27277.8,2
-378754.2712,58002.4068,2
-378261.9065,-20391.259,2
-378489.3367,-29779.0561,2
-378001.695,-16892.4328,2
-377826.8519,-28456.4815,2
-377451.6502,-35323.3744,2
-375360.0557,-49350.1323,2
-375540.706,-43833.4181,2
-375336.1988,-49392.1816,2
-375165.6203,-48089.96,2
-372831.0456,112317.7757,2
-372395.8266,80905.4435,2
-382615.5675,-32766.1199,2
-375093.8148,-13192.1722,2
-371201.6355,146937.3364,2
-370887.0497,-41405.1212,2
-370368.465,-40743.9666,2
-369394.6292,-55197.128,2
-369337.4019,-55162.2165,2
-369553.3516,-39649.9451,2
-369507.075,66982.6695,2
-369526.2642,-54749.4551,2
-369114.5034,-55246.7529,2
-369123.5859,-54976.8645,2
-368995.1811,65755.4231,2
-368720.4647,67769.9122,2
-368475.0559,59240.043,2
-368667.0887,66641.1555,2
-368041.8082,57327.2178,2
-369565.6078,-33269.6155,2
-367592.9157,56635.275,2
-369016.2709,61643.2405,2
-367562.7324,-31037.277,2
-367180.2902,57566.4989,2
-366380.0845,-18602.0563,2
-376572.9446,-851.1509,2
-367924.6171,-38229.3594,2
-365982.6246,151107.7595,2
-366376.4141,-36026.3889,2
-364685.845,-20502.0085,2
-366976.7963,-42858.3012,2
-362966.7348,-34874.1126,2
-362119.9424,86758.4757,2
-361950.3958,79797.6208,2
-362895.241,-41269.7222,2
-361891.5532,80096.9715,2
-361710.7949,80424.085,2
-361530.2999,-30269.0441,2
-361568.5878,136927.2137,2
-361451.3541,-30141.8805,2
-361417.1767,-30116.3649,2
-361345.6273,-30187.4866,2
-361286.1475,-30284.2497,2
-360746.7668,136922.9988,2
-361275.2118,134912.6352,2
-360849.8235,-30418.0336,2
-360488.1291,-29970.4878,2
-363086.8459,83145.112,2
-365706.4447,-13080.9756,2
-360169.9963,83691.2522,2
-360119.7465,130410.3083,2
-360214.5103,52043.9311,2
-359798.5368,84853.1089,2
-359525.5051,51321.6883,2
-359169.8627,-28147.2478,2
-359764.7774,-35921.6605,2
-358373.865,-40294.8731,2
-357501.4089,-40504.4259,2
-356892.5939,-40645.0151,2
-357364.7384,50913.4105,2
-356705.9498,88873.484,2
-355149.3595,47909.5829,2
-354427.9839,96537.0968,2
-353820.0949,-46325.1371,2
-353666.7579,-44648.3705,2
-353230.4965,-52229.9304,2
-353175.1722,84519.8199,2
-353154.3233,-52338.7285,2
-353074.0809,-52525.6281,2
-353713.4903,46503.257,2
-352994.7205,-53590.6688,2
-352687.962,-50913.7531,2
-352626.7474,-50943.1805,2
-352687.8037,46812.957,2
-353610.425,86661.9134,2
-354186.1178,-15921.1721,2
-352272.0976,-51086.3817,2
-351994.6005,-51242.1686,2
-354520.8773,48826.989,2
-351924.2623,37317.5575,2
-351783.3094,-51362.0885,2
-351926.7351,37074.8948,2
-354309.7985,-37017.95,2
-351184.6458,47127.5345,2
-359646.3624,-24896.1094,2
-350144.878,-20570.9287,2
-349780.4594,45901.3275,2
-348739.0402,59004.0507,2
-349246.6875,-18591.9062,2
-348073.8983,58239.1686,2
-348078.4891,-18617.942,2
-348359.0451,134037.8122,2
-348189.4958,-19782.5353,2
-347627.8184,57897.2768,2
-346673.0683,57137.5573,2
-347104.5152,102344.7294,2
-346302.12,101166.84,2
-346036.288,58468.7186,2
-347591.4237,46165.2851,2
-345684.3509,75734.1537,2
-345439.7124,75734.2357,2
-345738.6475,77040.7837,2
-344567.027,75750.3142,2
-344529.8566,77010.1109,2
-344514.0751,77115.0942,2
-344513.4052,77205.0847,2
-344512.0654,77385.0704,2
-345791.7257,94647.6719,2
-344216.0168,77609.6522,2
-344082.2104,81725.131,2
-344175.1075,-24890.1344,2
-343453.573,91566.0514,2
-343304.8479,91496.2114,2
-343195.7627,91519.9813,2
-342904.3881,80624.6761,2
-342900.0829,80852.1896,2
-342883.1394,80954.892,2
-342805.8973,51213.8142,2
-342505.7099,-51897.7426,2
-343305.8529,19579.3201,2
-342466.7047,-51923.0044,2
-342407.6995,-51953.5278,2
-342253.0989,51944.4366,2
-342227.9532,56419.5039,2
-342976.658,142389.9867,2
-341737.9008,98028.8931,2
-341918.8106,53585.355,2
-341903.0387,142861.8712,2
-341437.8073,101911.3272,2
-341903.4069,141404.1838,2
-340688.63,-56095.8874,2
-340160.2423,52172.8751,2
-344766.2338,-24990.1387,2
-340017.1875,38194.9219,2
-347109.9996,-51653.7115,2
-339746.1386,141209.6814,2
-351171.1984,124214.2116,2
-338551.4528,46995.203,2
-337550.5069,147868.0567,2
-336909.7886,147719.7497,2
-337018.242,148001.7655,2
-336714.123,50158.9864,2
-336615.8074,147781.787,2
-336987.0916,128926.5344,2
-337106.7902,148674.4738,2
-336257.6087,12837.3913,2
-335726.8848,148664.0391,2
-335519.2543,50755.4916,2
-335471.4187,148389.6127,2
-334904.4312,50068.1796,2
-338912.592,107889.0409,2
-335069.6543,-53682.3218,2
-334517.4285,149871.0883,2
-334468.5884,150705.2964,2
-334012.3729,-37247.2881,2
-340048.6432,138226.0095,2
-333749.0137,140256.9201,2
-333850.4808,-54692.0666,2
-334028.0731,155772.2379,2
-338599.7988,-30796.3783,2
-334068.9572,144374.7581,2
-331275.386,143614.6801,2
-331116.043,143966.8802,2
-331067.9444,38041.0953,2
-330847.0644,37730.7222,2
-330835.4075,37968.8012,2
-330590.6619,37804.8956,2
-331316.5505,120831.8206,2
-330358.2565,11631.3165,2
-330362.3702,11352.4126,2
-330713.1277,38252.2362,2
-330323.5225,35890.7737,2
-330045.0704,34780.371,2
-329754.0217,34745.8705,2
-329719.2916,34527.2369,2
-329330.9458,29452.6833,2
-329191.4421,-48061.0223,2
-329339.8491,42042.8884,2
-329116.5472,36641.0473,2
-329599.7145,36038.6945,2
-329264.5809,34014.5939,2
-328996.7858,29581.643,2
-330304.021,-38676.9281,2
-340012.5104,21485.8101,2
-329734.1174,144693.7804,2
-328391.7528,31365.432,2
-328274.8068,32732.2444,2
-328126.8441,31226.1562,2
-328266.7311,31651.4212,2
-328101.3015,32566.7372,2
-327998.7437,35101.8035,2
-328009.8976,-51999.3464,2
-327750.1821,24355.6502,2
-327809.2696,25472.6537,2
-327573.3992,26922.4623,2
-327302.9288,24749.2723,2
-327640.582,34747.6422,2
-327208.8087,31398.6919,2
-326905.242,29934.7273,2
-326948.1089,27230.405,2
-326543.5219,26909.9376,2
-326484.1833,30259.7424,2
-326599.2245,30419.1339,2
-327949.3478,-26309.7826,2
-326185.3106,26308.9334,2
-326285.2639,38621.1474,2
-326293.7075,37467.7994,2
-325979.821,-47310.5673,2
-326878.8696,24611.9699,2
-325911.9538,38625.6344,2
-330569.6596,-52450.3871,2
-325873.4871,-47172.4832,2
-325701.785,32786.6407,2
-325706.2413,32856.8656,2
-325662.9862,32937.6174,2
-326067.5568,45248.2543,2
-325621.5323,33068.5567,2
-325582.6013,32887.3553,2
-325582.15,32967.8587,2
-325549.505,33019.8993,2
-325516.9564,33167.323,2
-325501.3421,33066.6465,2
-326396.6269,32260.2459,2
-325555.6143,33678.8318,2
-324555.7652,32075.4965,2
-324475.1359,32622.2148,2
-324528.8777,38230.3055,2
-325000.0459,-56532.11,2
-324310.3249,32124.93,2
-324280.6879,32076.5659,2
-324260.7393,32086.6605,2
-324268.0421,32031.109,2
-324197.6513,32051.1632,2
-324180.3608,32094.7774,2
-327846.9122,767.318,2
-324126.4652,32068.6885,2
-324124.9683,32268.567,2
-324713.9662,-57386.1962,2
-322992.2419,157527.5609,2
-322502.801,17772.2918,2
-321404.6083,33246.6412,2
-320620.1177,11095.909,2
-320570.1707,11635.8417,2
-320501.8361,164008.9652,2
-320458.7188,164417.1463,2
-320455.1532,164619.4596,2
-320460.1332,29472.4385,2
-320382.3471,164031.9601,2
-320059.7614,164102.7942,2
-320323.3585,28959.6627,2
-319954.639,164301.6877,2
-319948.3677,164707.5634,2
-319568.8777,163582.3175,2
-319495.7657,162422.5425,2
-319488.6391,162708.8919,2
-319879.3318,10378.1869,2
-319227.7952,154251.4302,2
-318970.7718,27315.0022,2
-319036.3441,162501.9727,2
-318945.8394,29167.7815,2
-318709.4932,30093.8894,2
-317746.5497,46678.4428,2
-317920.5983,156800.5604,2
-317207.2834,-68703.1622,2
-317134.4738,-68975.7621,2
-317716.7303,-59209.0592,2
-316809.4367,-61041.1368,2
-316779.4551,-61095.4804,2
-317130.4701,1197.1179,2
-316743.6842,-61142.4085,2
-316705.7188,-61379.7986,2
-316653.0908,-61202.0206,2
-316745.889,-61805.6425,2
-318547.2757,162389.4004,2
-316523.6273,-61314.7019,2
-316546.3858,-61258.7666,2
-316461.8969,1109.9418,2
-316425.018,1125.0742,2
-317927.7496,-52443.0922,2
-321833.4814,-44214.5785,2
-316673.779,124177.9497,2
-315500.6575,250.702,2
-315243.5953,-63665.587,2
-315225.4226,-64142.0412,2
-315165.0524,-64637.9959,2
-315098.7794,-64777.6806,2
-315067.3296,-64806.6935,2
-315834.824,-39094.4951,2
-314243.0015,12408.84,2
-321527.924,-32355.2999,2
-313597.5195,36054.7541,2
-313473.2367,35341.0095,2
-313352.7545,35590.7566,2
-313252.0807,-39358.2298,2
-312349.6361,35384.4858,2
-311932.4432,30904.0807,2
-310843.5382,37574.9993,2
-314135.2549,-58361.8535,2
-313800.6628,-71515.7644,2
-311002.6266,17167.0402,2
-310834.1139,32239.9405,2
-311059.7737,160187.1873,2
-321994.609,136310.4774,2
-313863.4946,22195.5192,2
-311187.873,-17804.4256,2
-309422.1347,19435.5581,2
-309634.9866,-7978.8606,2
-310047.793,-64210.7628,2
-308594.5855,19069.4011,2
-308518.7411,-61943.9052,2
-308340.0717,28690.3375,2
-308194.5794,-62387.1559,2
-308041.8243,-62246.9515,2
-307844.9316,19019.2652,2
-308504.6523,-79819.813,2
-307709.9509,7405.5968,2
-308051.9334,20390.729,2
-307581.725,-62173.739,2
-307859.717,-53400.5094,2
-307343.2887,-62245.2916,2
-307207.1735,-62361.5569,2
-306089.5732,-81555.8345,2
-306111.6191,9017.4449,2
-305808.0293,-57283.9671,2
-305753.4563,-57133.038,2
-307470.806,128852.8019,2
-305564.9355,-57074.2655,2
-305580.717,-64200.5302,2
-305506.5996,-64266.8334,2
-304762.5858,2933.4751,2
-305234.2584,178185.6414,2
-305045.5256,-81006.6463,2
-303120.6599,16028.8443,2
-301809.6317,161362.6383,2
-301684.1617,-62847.8464,2
-301577.7731,-33651.3025,2
-301593.629,-71154.4355,2
-301920.9531,179787.99,2
-301114.878,160472.2991,2
-300841.5681,180781.4846,2
-300811.0065,180810.953,2
-300775.4417,-38148.0899,2
-302051.3361,-66320.2042,2
-300760.4455,180849.8906,2
-300817.0897,-37571.9735,2
-300932.9235,160354.4646,2
-300729.8845,180879.3594,2
-300699.3235,180908.8282,2
-300668.7625,180938.297,2
-300900.1579,-73383.9474,2
-300629.562,-75029.4175,2
-302548.4291,162637.5019,2
-300627.5048,-74737.277,2
-300409.4327,181120.9061,2
-300249.0458,181327.6067,2
-300217.154,181356.0159,2
-300185.2622,181384.4251,2
-300078.7802,-66568.4269,2
-299698.2905,-66985.2402,2
-299707.2499,-65308.0195,2
-299642.1538,-77940.5434,2
-299909.0278,-65925.6427,2
-299311.5681,-66020.03,2
-299205.0792,-65965.9542,2
-298653.5514,-55657.8647,2
-298570.2301,-55739.4906,2
-298514.5606,-52416.5915,2
-297248.0523,-74898.1996,2
-300207.0034,-36162.9535,2
-298995.7678,161188.4638,2
-301740.7962,120120.5324,2
-296330.4232,-62972.6985,2
-295966.203,124790.7187,2
-294599.2875,-74461.5325,2
-294563.4487,-74347.4519,2
-295479.5594,164930.1639,2
-293202.4092,119018.3333,2
-292830.9184,116780.0362,2
-292352.1429,18937.7473,2
-291210.1545,-77309.6708,2
-291219.5651,-77425.5597,2
-291180.6778,-77248.5494,2
-291155.9932,-77207.4899,2
-290873.1868,39529.8964,2
-290849.9299,39629.3948,2
-290894.2297,39738.5073,2
-291436.7452,118266.9114,2
-290637.2099,-66538.6053,2
-290787.9397,19094.5865,2
-291016.7277,-40901.6887,2
-289785.2555,18748.7901,2
-289839.4093,16789.3013,2
-289034.1999,17859.7548,2
-288352.7236,-27473.4001,2
-285783.4068,108336.6994,2
-289168.4101,134595.6797,2
-285752.9361,108395.7839,2
-285724.757,108467.535,2
-291679.119,-70734.5019,2
-287044.6154,-26156.289,2
-285701.5883,108532.4587,2
-299478.143,-53495.8622,2
-285426.2813,-80914.6656,2
-285357.3645,-80972.2906,2
-286205.3885,13412.1748,2
-285460.2445,164551.7125,2
-285292.2525,-81060.4778,2
-286287.5338,105405.723,2
-284954.8848,164837.5507,2
-285130.4338,165093.2275,2
-285481.8816,-31807.667,2
-284246.3854,162654.6562,2
-284887.0297,118659.4439,2
-283113.4319,116771.7199,2
-284114.0517,-36939.5745,2
-282243.6166,10200.0995,2
-282359.0024,162231.8605,2
-283422.7631,-66637.9742,2
-281603.8338,162245.3729,2
-281412.4983,161063.4421,2
-277516.0653,89973.7568,2
-277607.2842,469.4182,2
-277244.9234,90770.0175,2
-277361.4707,163311.524,2
-276350.2817,-65338.6499,2
-273200.617,-68582.9423,2
-272032.1794,-68019.1287,2
-273069.3916,-98263.6186,2
-270413.1616,-66648.7923,2
-269288.1009,-75447.8991,2
-266289.4927,-86693.5173,2
-266141.5968,158060.6228,2
-266112.8932,158533.3051,2
-272472.304,160119.009,2
-266077.8682,-86864.6237,2
-265652.4779,157641.3532,2
-265347.1236,-57916.5739,2
-264787.0075,138759.4405,2
-276295.2306,98679.2685,2
-264851.5739,149705.347,2
-265426.1725,-11705.8095,2
-266289.8282,114298.9731,2
-263664.9113,156553.0066,2
-263015.6122,156306.2776,2
-263653.1464,105732.0913,2
-262794.0694,139014.9608,2
-265945.5465,138312.097,2
-262558.2541,143520.7072,2
-262528.3079,143493.0139,2
-262466.9996,146555.3844,2
-263826.8905,143422.9164,2
-262661.8475,139257.1027,2
-261989.1959,156131.0573,2
-261885.6852,155260.2669,2
-261662.4298,-83255.6281,2
-261495.5396,-79653.9323,2
-260872.4334,115383.1972,2
-260609.7758,-110296.8175,2
-260563.9448,-111763.4172,2
-259478.1396,-99184.1547,2
-258676.2993,176316.9743,2
-258818.8923,140780.5453,2
-258570.6178,-69795.6324,2
-258341.3937,176099.7923,2
-258883.1068,121203.2039,2
-258609.7507,-72737.6204,2
-258177.055,175636.3392,2
-259338.9427,114101.1784,2
-257653.9003,175483.6871,2
-257343.0547,-53971.6126,2
-257149.7551,139676.157,2
-258630.0899,-111394.1906,2
-257091.3423,175624.4145,2
-256657.7975,159889.7167,2
-257474.3688,-114224.0329,2
-256223.0701,142069.5998,2
-256545.4955,167235.1689,2
-256117.7556,175518.3589,2
-255880.2489,167361.0692,2
-255789.1068,175373.4084,2
-260204.2799,153242.4057,2
-255706.1546,175252.9273,2
-255330.6351,174929.6091,2
-255827.2259,161624.1732,2
-254734.6309,-86279.094,2
-254821.5537,166177.5666,2
-254919.7852,123934.2885,2
-254725.7256,169885.3663,2
-254219.6267,169435.9419,2
-254048.6564,169081.2241,2
-253288.269,168547.5192,2
-253954.687,-117400.9894,2
-253392.2182,167105.0032,2
-253221.2019,-86538.8942,2
-252453.8889,-87798.7037,2
-253311.6153,122852.9945,2
-253013.9809,153376.556,2
-252135.6569,-90545.6934,2
-251656.0949,-86127.9197,2
-251457.9899,172945.8145,2
-252361.1791,165478.6408,2
-250860.7394,165677.5099,2
-251958.5483,112188.4448,2
-252778.2127,170854.0333,2
-252972.3512,-80137.4823,2
-251764.9188,120628.345,2
-249290.5311,-117975.0107,2
-249290.2084,-118215.0103,2
-249129.3283,-117547.3571,2
-248903.1632,-117479.9376,2
-249964.2624,168175.1705,2
-248428.33,175582.9792,2
-247866.1867,-118972.6945,2
-247712.7849,-119129.8801,2
-248252.078,119282.464,2
-247979.3832,-83339.9159,2
-247365.6653,176062.6944,2
-247334.9101,175146.9156,2
-246875.4332,-105967.8427,2
-247490.1901,-75837.2719,2
-246540.2793,190275.3737,2
-267305.1511,-92351.0666,2
-246082.528,-118117.4245,2
-245895.0032,-65646.4021,2
-251278.4264,115845.7343,2
-245680.6337,-121325.2668,2
-245506.9972,191251.7852,2
-245259.1148,-114563.7742,2
-245103.8328,-114858.9452,2
-244808.2668,-115958.9987,2
-244611.7273,-122193.8052,2
-245303.9029,112276.3489,2
-244363.0868,-116595.9068,2
-244623.3658,-115404.2481,2
-244162.9786,101193.8369,2
-244260.3555,-116828.2489,2
-244793.5035,183697.6294,2
-244089.8834,-18494.6939,2
-243647.0733,114498.653,2
-244222.8794,118472.2374,2
-242702.3306,-23069.1421,2
-242732.0359,-21178.4936,2
-241731.0894,190156.0066,2
-243308.4592,191753.2604,2
-241965.6813,105641.8285,2
-240731.3306,191303.5629,2
-240553.3772,190730.1171,2
-240397.5714,191132.0028,2
-240393.915,191433.4475,2
-238320.3847,-93669.2331,2
-238141.4358,-93254.1971,2
-238937.787,191201.315,2
-238170.0035,-95839.6836,2
-238530.7413,114551.9186,2
-237534.4909,-96038.2205,2
-237706.4904,-18261.3498,2
-237204.5325,117204.3661,2
-236581.6738,-95089.125,2
-236308.5563,-125324.9131,2
-236256.0026,-129200.9589,2
-235901.0188,-125642.8611,2
-236847.32,-96689.3348,2
-236455.4307,-53227.7521,2
-237351.6197,-60424.3863,2
-235349.0463,-99663.5246,2
-235379.4255,-100234.991,2
-235344.9693,-100440.0097,2
-234772.2606,-101465.5391,2
-234949.7388,-101050.2354,2
-234637.2425,162425.5596,2
-235004.3141,118699.845,2
-234027.4889,-17443.2396,2
-233831.6204,100294.5456,2
-232011.3464,172341.4697,2
-231147.3966,-128745.8479,2
-230570.0712,188581.9417,2
-229700.1051,-8813.836,2
-229654.2399,-8891.9018,2
-229545.6689,-78837.8009,2
-230135.2915,-55172.4573,2
-229257.0784,711.1343,2
-228807.3506,-132367.6005,2
-228535.8493,-13208.8004,2
-227950.5632,-79925.7213,2
-227579.3391,187140.6,2
-227462.3851,-80312.4837,2
-227399.1235,-80369.0211,2
-227361.2153,-80420.1892,2
-227388.3497,186684.533,2
-227273.8133,-80513.2364,2
-227244.4004,-80544.1789,2
-237836.2293,4446.1349,2
-225823.2164,-131754.4369,2
-225587.1489,-132514.9891,2
-225486.7124,-130091.1249,2
-225225.3954,-130080.4205,2
-225872.2525,169513.1195,2
-225016.1483,-131281.2037,2
-225008.2115,-132948.9847,2
-224594.9911,90090.8547,2
-225175.2834,-81797.8296,2
-224849.0157,-130512.4949,2
-224367.5816,90109.945,2
-223751.8535,168047.139,2
-223663.4048,105970.9052,2
-223418.3031,168148.9483,2
-222845.2766,169521.1615,2
-222892.7486,168773.055,2
-225823.9899,186954.9257,2
-222263.0639,167613.2936,2
-222201.1606,184763.1353,2
-221951.1748,184811.2,2
-221798.8431,184861.3257,2
-221761.1645,105297.9074,2
-221763.5862,105470.0525,2
-221735.5995,105259.9382,2
-221704.4693,105201.969,2
-222405.2589,-75209.3096,2
-220063.5858,-136911.978,2
-220336.4291,-51967.2666,2
-219686.6667,-40648.4577,2
-278955.4895,-5417.366,2
-219069.9534,-139136.3206,2
-218138.5725,-106081.9674,2
-218104.0699,-106121.7402,2
-219959.2205,169254.2524,2
-218064.3748,-106204.661,2
-230728.6664,-96107.3285,2
-218145.3409,-65256.0511,2
-217646.3128,-12372.5224,2
-217422.3397,181975.3554,2
-217029.7177,184398.4366,2
-242453.5073,105904.6142,2
-215153.9637,180153.6024,2
-217027.4767,-57615.4941,2
-214918.5085,-141445.4228,2
-214800.3357,158297.9728,2
-215029.5302,-55006.641,2
-213468.6117,-142556.898,2
-212910.7597,-61091.9017,2
-213007.1639,-143726.5573,2
-216074.2131,-14092.9712,2
-210730.1594,-39358.9257,2
-213272.6586,93554.5407,2
-210586.2845,-39368.5665,2
-212787.5615,183560.3282,2
-209978.0007,181126.6446,2
-214326.2415,-46616.4334,2
-207375.1091,-33476.6447,2
-207573.8728,157033.5501,2
-206981.2841,157708.6976,2
-208389.3706,182665.9956,2
-206755.1038,182797.1789,2
-206387.9309,-91294.29,2
-207171.4448,-64809.0105,2
-204498.6104,-100889.6562,2
-204549.2116,166034.0955,2
-203311.3512,-103379.3468,2
-206864.6777,184541.5453,2
-214065.4573,-93727.1582,2
-203174.5004,117870.9956,2
-202718.4821,-103396.4564,2
-202340.9748,-103494.4172,2
-202305.1353,-103520.5325,2
-202554.1613,-115678.1472,2
-201500.3377,-151382.8342,2
-202098.3325,186446.5523,2
-200700.3111,-41507.8644,2
-201473.0147,-152438.0046,2
-200060.5266,186580.6651,2
-201327.9812,-118429.1029,2
-200990.7059,184733.6471,2
-200110.2098,-113753.3215,2
-199271.8454,179324.6992,2
-198987.5088,163254.0336,2
-199004.0313,-47105.9295,2
-199623.0069,177929.2196,2
-200208.5421,181253.2152,2
-202256.278,-61377.9058,2
-197497.9925,-106801.0547,2
-197974.1596,175353.6256,2
-197124.5928,175205.729,2
-197162.9617,157436.6075,2
-196856.4612,-156468.2222,2
-196880.2283,-155621.2388,2
-196728.3571,-156363.8831,2
-196608.8698,-156365.1694,2
-196555.2459,-156275.8481,2
-196597.8994,-156104.8749,2
-196263.2401,176945.9863,2
-196007.769,-156943.7741,2
-195596.6188,-108986.3338,2
-195926.6465,-154501.2905,2
-196455.9409,-117297.8842,2
-195544.6371,-109051.5968,2
-195587.6832,-39467.8223,2
-195280.6273,176745.6742,2
-195024.5755,158394.6104,2
-195623.6821,186559.4101,2
-195954.6516,-64096.5164,2
-195069.9003,-117405.3643,2
-195199.3431,-109702.2506,2
-219304.1673,-79667.3211,2
-194064.7875,-110932.092,2
-194891.6747,-91384.6164,2
-194032.9316,-95101.6389,2
-193929.339,-122908.0638,2
-192479.6754,108789.6809,2
-193763.3488,-89451.686,2
-192258.1546,108792.1821,2
-195035.6227,-114561.3533,2
-191648.5856,124684.0,2
-192778.1466,83314.9588,2
-190700.0022,-165788.9108,2
-189333.0367,104647.547,2
-189128.5713,-162135.2219,2
-188985.7614,-163676.6651,2
-188650.485,-167224.867,2
-188263.7477,104839.2855,2
-189329.8413,-92261.2992,2
-186365.8639,-160873.3835,2
-185815.3735,182890.905,2
-185069.1115,84778.7432,2
-185034.9725,84832.8885,2
-185905.8738,-121306.4594,2
-191183.6869,178669.271,2
-184860.276,85132.74,2
-184677.4678,85346.2927,2
-184149.4851,85704.5003,2
-184151.7663,-119728.5799,2
-184718.3299,-91351.3495,2
-183836.5772,177278.0868,2
-182868.4034,-165922.0174,2
-182717.706,177253.5885,2
-183167.7062,-120155.1655,2
-182555.3659,-166787.4986,2
-182687.5332,-164353.6532,2
-181860.1374,-81438.6814,2
-181523.5925,88244.8984,2
-181858.8971,-120923.6029,2
-181568.9461,88489.2834,2
-198041.309,99750.2881,2
-182023.1683,-71764.1825,2
-181623.0963,-109997.6955,2
-180361.6545,-122893.1302,2
-178019.7683,94379.6597,2
-180113.5327,-83288.2203,2
-177378.4504,95016.0834,2
-177319.2547,94985.2195,2
-177252.8858,94956.6302,2
-177107.5829,94959.0447,2
-177030.0688,95011.7565,2
-177001.1285,95040.7886,2
-177151.4192,-124997.3581,2
-176855.0562,-53658.7859,2
-177343.0334,175608.0698,2
-178045.6996,-148297.3013,2
-177324.0057,-125978.1166,2
-179358.9065,101246.5485,2
-176379.2042,175066.5922,2
-176167.5606,-48794.9023,2
-175965.8983,-137403.8442,2
-175960.5886,-50213.4719,2
-175603.8156,177798.0669,2
-176632.3033,-114109.6771,2
-176521.9043,-81361.7969,2
-176172.0787,-101267.0068,2
-175038.885,-62006.4806,2
-174758.7653,-127547.189,2
-175263.7346,-164979.1752,2
-174557.6524,177409.0306,2
-174957.5389,-128093.2111,2
-173820.6997,-130959.1609,2
-173559.0802,125903.7801,2
-173521.6024,125879.1759,2
-173434.8671,-118115.2033,2
-173300.8895,125837.5499,2
-173019.8506,175142.8062,2
-174214.7495,-129571.491,2
-173128.0681,-66867.911,2
-172543.4258,-140052.2266,2
-172172.6728,-131578.0162,2
-172119.1996,-131543.172,2
-171629.0419,-67551.707,2
-171270.0585,126466.0829,2
-171444.1829,-131132.9937,2
-171962.6984,-101137.619,2
-170529.3179,101943.8237,2
-171899.1335,100597.9788,2
-170497.0442,-49760.267,2
-170313.1615,102172.9464,2
-174756.647,97175.9131,2
-171129.9731,-90246.8671,2
-171436.7096,-117498.7738,2
-169739.9062,-64878.4657,2
-170125.1555,-66585.5569,2
-169668.4059,-66921.9211,2
-169565.6568,79340.5298,2
-169414.9866,79529.7811,2
-169318.5126,-66983.4271,2
-170106.5929,173099.3983,2
-169331.4171,-48049.1628,2
-168910.0752,-155313.0672,2
-168961.7177,-67489.1347,2
-168722.446,-155500.0091,2
-169579.7915,92775.9524,2
-168919.8695,-64194.5453,2
-168901.3742,-50089.0483,2
-168299.755,-68250.2168,2
-168131.4554,-155963.1908,2
-167946.2008,-156065.4905,2
-167726.4837,-57400.4014,2
-167275.5073,73603.7893,2
-167221.1323,67678.5456,2
-167416.5459,-156526.7139,2
-167730.1784,174164.9088,2
-167279.7536,-96353.1314,2
-166822.0944,-119101.2425,2
-167940.3149,-92799.042,2
-166275.7083,169858.9369,2
-165957.5426,176090.9519,2
-165843.8044,176036.1272,2
-165879.4183,176126.2664,2
-165716.7947,-68197.8676,2
-166447.8631,87640.4424,2
-165584.2602,-63107.6577,2
-169292.4308,-133444.1404,2
-165026.3813,-69930.1431,2
-168679.6851,175801.7494,2
-165287.8861,-56042.5378,2
-164522.466,-161500.1067,2
-164522.5255,-161446.4024,2
-164495.6321,-161591.6803,2
-164616.6049,174692.6367,2
-169951.6237,-62452.7433,2
-163845.0403,-50889.7424,2
-163453.2428,186905.2352,2
-163365.1772,186985.439,2
-163330.5865,-64349.7767,2
-163283.7024,-64884.1312,2
-163821.6408,86491.7959,2
-162875.6721,-69761.9252,2
-186888.2978,-90099.2173,2
-162839.9644,186279.934,2
-163252.4057,-115282.0286,2
-161970.0976,69870.3725,2
-161926.8695,-170568.4463,2
-161931.5971,174507.1731,2
-161895.7119,-170204.8823,2
-162205.7143,-138631.1905,2
-161879.9497,165632.5854,2
-161937.1456,69596.5318,2
-161482.0273,-71133.3264,2
-161295.2705,-71926.2583,2
-161135.3605,-126514.9546,2
-162592.7653,-163394.4708,2
-161012.0836,-126631.9258,2
-160981.2643,-126661.1686,2
-160950.4451,-126690.4114,2
-161124.5618,-71618.4517,2
-168044.151,82063.0675,2
-162104.8491,84820.5611,2
-160921.2308,165082.9921,2
-161947.0912,-103176.086,2
-161112.5549,185455.3508,2
-160771.7186,-162582.7085,2
-159876.9952,-59810.4283,2
-159831.8311,-173151.0602,2
-159499.6381,-60208.9241,2
-159368.4946,163243.4411,2
-159910.6071,-103932.551,2
-159197.9142,-174290.3375,2
-158767.6532,163271.3357,2
-158671.7193,172459.7816,2
-157812.7309,-176807.0072,2
-160516.0103,171288.4704,2
-157543.772,63693.3495,2
-157819.0403,162861.4267,2
-157907.8385,172063.3296,2
-158088.8312,-61011.0088,2
-156853.136,170685.9214,2
-157607.0943,88156.1967,2
-157096.5094,-146084.1509,2
-156558.0069,167669.454,2
-156178.4928,-60171.4153,2
-155489.5901,179324.9864,2
-155849.9669,170049.2409,2
-157123.6585,-106240.4146,2
-155138.5059,-58869.2822,2
-154980.1793,-172499.4534,2
-155706.5438,-87634.5375,2
-156405.6335,-174389.712,2
-155024.4167,-59260.1347,2
-154290.0489,178296.5229,2
-196245.2171,-34820.7068,2
-153990.5964,178285.3919,2
-156293.4389,78420.7636,2
-153500.1475,-150113.6053,2
-153510.6241,-72992.3611,2
-153422.8358,178865.6296,2
-167632.3045,-151074.6377,2
-155103.7628,82067.4558,2
-153527.7964,-60051.9447,2
-152957.3127,-63501.3996,2
-152563.6096,162833.2469,2
-151317.5453,64334.9941,2
-151148.8345,170249.1524,2
-152088.2428,-110915.0548,2
-150738.3935,166832.906,2
-150590.1762,91125.0771,2
-151760.4726,-61899.9691,2
-152864.3517,-90685.4552,2
-150385.7232,166794.6693,2
-150806.8938,-96747.6606,2
-150437.2826,79813.7189,2
-150424.3295,-103090.9771,2
-148961.5738,158178.6966,2
-148441.6912,64150.4714,2
-148460.2224,64314.6242,2
-148541.1377,165481.5941,2
-148409.3698,64479.0329,2
-148231.3072,64499.1255,2
-148173.2293,64664.8365,2
-148793.6306,80386.5924,2
-148079.7627,165873.2775,2
-149735.3016,165595.2679,2
-151733.008,89176.9235,2
-147481.8006,169478.5008,2
-147559.5816,-70729.9684,2
-147681.9679,-128227.1866,2
-149013.6395,-111992.8336,2
-146554.5213,61465.2862,2
-148287.1736,168876.5565,2
-146856.1918,78133.1785,2
-147125.1062,176001.8914,2
-147811.8848,82900.2867,2
-145872.9185,62774.9673,2
-145846.5223,174978.8657,2
-146856.8031,52418.4557,2
-145852.8852,79789.4109,2
-144980.693,-68994.7676,2
-144155.2247,50241.9368,2
-145039.8304,81849.8419,2
-143909.0569,76882.9524,2
-143002.2777,-75045.1036,2
-144197.1038,-80367.5566,2
-143038.6957,-112876.9565,2
-142193.0852,-74565.1119,2
-144405.8648,165120.5701,2
-142041.3934,-123735.4918,2
-141086.554,173670.0445,2
-140975.0032,113135.59,2
-140763.532,-81469.4916,2
-139675.9792,112079.0133,2
-138798.1984,110594.7412,2
-138856.1077,63139.5846,2
-138198.5318,172761.6926,2
-138032.8231,103883.2647,2
-137894.9366,103826.1751,2
-137750.8627,103825.7051,2
-137837.0666,113919.8573,2
-138083.6824,157885.9896,2
-141196.4574,77639.4571,2
-136961.0926,-136123.9057,2
-136139.212,-118617.1633,2
-136106.2974,-118729.7219,2
-141736.6958,-118150.9772,2
-135600.5625,146935.6013,2
-136337.533,-89561.7282,2
-135450.5122,-91290.5685,2
-134892.219,-93781.0459,2
-134813.316,154222.8077,2
-135000.3045,73486.2076,2
-134595.7989,-95709.747,2
-133660.7477,50618.1115,2
-133605.2774,50621.9702,2
-133541.6652,50616.2181,2
-133460.6872,50584.1949,2
-133316.0823,-124331.3915,2
-132507.0494,-129417.1787,2
-133634.5612,-113152.8976,2
-132634.5279,154169.2467,2
-132003.8397,-153816.8104,2
-132229.5382,59120.2709,2
-131978.3358,-153849.3244,2
-131949.4952,-153880.2227,2
-132106.326,60561.8354,2
-132664.0256,64226.8786,2
-132925.9033,-125983.9806,2
-131500.4383,59966.3708,2
-131045.1434,-128353.5067,2
-131182.8836,60572.4945,2
-132415.6177,-83238.8871,2
-132463.8494,-94315.7386,2
-130543.9444,69584.5859,2
-130921.9513,-126774.8588,2
-131541.6182,73951.0078,2
-130299.4287,168019.0305,2
-130512.7146,-116522.4735,2
-130738.9401,68287.2527,2
-129124.1182,59175.7124,2
-128818.6197,58921.078,2
-130095.9494,-128675.9347,2
-130651.2865,166716.5782,2
-129425.6358,-97222.052,2
-127440.1377,59279.8533,2
-127410.7514,59249.1994,2
-128544.045,-95493.7449,2
-128571.3272,-99215.8147,2
-127165.4143,165629.3223,2
-126215.0939,-154376.8776,2
-126129.2784,165358.5558,2
-125732.3654,-154357.4365,2
-125520.9427,165029.9267,2
-125547.2914,-154508.3929,2
-126302.2696,-133281.202,2
-125355.789,-152542.3073,2
-124468.2211,164888.9248,2
-124205.2882,-139342.8956,2
-124096.7387,-139373.7318,2
-124258.2297,153234.1707,2
-125426.6738,-96682.9227,2
-122111.8717,163721.7958,2
-122784.3142,-98344.7608,2
-121493.3964,-138007.9586,2
-121441.8076,-137942.6048,2
-144094.1502,63788.9613,2
-121139.8743,163290.1367,2
-120869.1481,-74339.332,2
-120836.3958,-74367.1737,2
-123073.2227,-135531.3103,2
-120229.18,163290.2685,2
-119392.3835,28540.0157,2
-120149.2549,44759.7843,2
-143201.9675,-75048.9893,2
-119989.5236,46447.6492,2
-120623.3309,48429.9528,2
-118699.6605,161890.9971,2
-120140.4623,56987.7957,2
-118287.2262,161588.2547,2
-117969.6582,162927.6,2
-117502.0743,161166.8286,2
-117446.6245,161131.8918,2
-117408.7811,161106.2874,2
-117350.9377,161075.0788,2
-117293.184,161043.8908,2
-117180.1294,153707.6336,2
-117216.1724,161536.1963,2
-116480.7229,21531.7715,2
-116449.4486,21560.6412,2
-116722.3734,70035.6233,2
-116035.653,-121948.4422,2
-116001.1399,-121970.3279,2
-115976.8114,-122004.1395,2
-117838.2366,49245.855,2
-117144.1026,60538.0435,2
-116123.1141,59224.9528,2
-115212.6766,-160883.4128,2
-115168.2526,-160946.0746,2
-114555.0628,32264.1734,2
-114327.7257,-139916.2166,2
-114332.9832,32211.9752,2
-114267.979,-139958.4308,2
-114588.302,67085.2414,2
-114145.2918,31509.269,2
-113804.9277,159971.6943,2
-114159.5533,28958.5225,2
-113875.981,66723.1133,2
-114240.0494,33243.6463,2
-113428.376,25077.8467,2
-113383.0813,25004.4898,2
-113345.3588,24952.8097,2
-112524.7826,-162686.7391,2
-112071.4413,-145944.0247,2
-111794.621,59429.1919,2
-111690.5773,-183929.9523,2
-114175.2299,20665.327,2
-112389.0474,60264.6232,2
-112071.354,34215.7253,2
-111257.9509,13889.4532,2
-111144.4491,-145164.0421,2
-111367.6702,-192718.0817,2
-110515.4858,-118323.2101,2
-110481.4231,-118296.0991,2
-110427.3604,-118261.877,2
-111030.0203,11188.083,2
-110138.9645,-118076.868,2
-110701.1741,158857.4901,2
-110783.5611,91868.2734,2
-109529.0736,-180790.4889,2
-109097.08,-180531.182,2
-109684.9778,-193898.9226,2
-108949.1911,-180629.5532,2
-108815.7027,-194391.7972,2
-125328.4041,159183.2881,2
-108350.4053,-194976.9256,2
-107871.7353,-195262.7117,2
-107716.2002,-195356.1828,2
-109999.7319,-118738.847,2
-132434.637,-106344.9214,2
-107034.5911,-91555.0364,2
-107459.1148,-104500.4306,2
-106644.999,-196161.3549,2
-106587.12,-196193.0242,2
-107774.5245,-109845.2378,2
-118785.0253,-88808.65,2
-107200.2629,-85867.4996,2
-106309.0124,-91840.4454,2
-107106.6196,-106358.484,2
-106052.8438,52355.9654,2
-105452.7591,-108063.7677,2
-104791.7963,-107571.3978,2
-104530.8636,-87840.1606,2
-104390.348,-89993.6654,2
-104330.7561,-90219.0779,2
-104754.8801,146086.7882,2
-103087.4545,47458.9832,2
-102690.8039,91248.7427,2
-101829.7413,-200946.3954,2
-101794.5095,-200972.9606,2
-101740.0481,11273.5543,2
-101608.8141,-201078.9171,2
-101526.499,-201140.8178,2
-101467.887,-201185.178,2
-101432.6553,-201211.7432,2
-101240.9175,-139531.9911,2
-101153.506,-139583.5451,2
-101720.5468,36308.7806,2
-100661.2118,80479.0391,2
-100429.0868,146652.124,2
-99828.7009,81722.315,2
-100012.748,159336.5756,2
-112594.7191,41973.8757,2
-100644.3487,37110.2595,2
-99010.8686,-140663.8871,2
-98940.4543,-140730.1916,2
-99226.5698,64611.1047,2
-98882.0951,11223.4305,2
-99318.1595,-147931.9319,2
-98451.9396,-148302.1861,2
-104669.9202,-146390.8451,2
-99584.3944,-153522.141,2
-98579.8699,56535.8902,2
-98180.2194,49385.0486,2
-97899.3684,142538.6558,2
-98748.6657,62734.2135,2
-98008.0806,-109746.9314,2
-97018.3831,-141675.1736,2
-97735.1822,159520.7073,2
-96989.941,-141749.963,2
-98208.8478,50603.3508,2
-97017.213,-141901.4373,2
-96954.0059,-141776.2384,2
-98920.4914,33450.3141,2
-97467.9328,-148502.9893,2
-96624.1762,147877.4349,2
-97545.6133,44169.6658,2
-97538.9503,35861.4568,2
-95986.4472,77636.1004,2
-109195.2333,-129776.9915,2
-95958.5964,156493.5315,2
-103287.0534,152896.5045,2
-95282.9337,-166922.3946,2
-94738.7973,-205949.9499,2
-94198.7952,-155790.8074,2
-94165.4019,-154798.5015,2
-94108.9494,-155730.704,2
-94103.0072,-93596.4807,2
-94074.0265,-155704.0029,2
-94039.1035,-155677.3018,2
-94693.0859,140115.0827,2
-93969.7771,-155623.9206,2
-93681.8103,135567.7834,2
-93814.5096,53438.2734,2
-93654.7956,53550.5033,2
-96027.3121,-154010.3497,2
-94929.6649,32701.4072,2
-93604.7066,135217.2913,2
-94064.4668,41123.2998,2
-93584.1594,45158.5217,2
-93581.8836,-144363.9522,2
-94731.9699,154953.5459,2
-93017.8017,-144027.0078,2
-93888.9507,-142637.5094,2
-93154.2393,52709.2549,2
-92410.6362,42675.0774,2
-92124.6847,45953.6942,2
-91979.9023,148641.5971,2
-94441.848,-151403.3279,2
-91525.1437,45653.7015,2
-91868.7315,-170678.6799,2
-90750.597,-160728.7942,2
-90723.22,-160670.8677,2
-90702.3984,-160642.3732,2
-90691.8533,-159485.0689,2
-90662.1672,-159517.9327,2
-90643.219,-159547.4271,2
-90629.7013,-160562.545,2
-90602.1775,-160496.3621,2
-90660.6061,70673.2794,2
-91146.3869,-12232.5684,2
-90483.8385,-159630.7523,2
-90813.2999,-159244.7379,2
-90428.0019,-159966.2299,2
-90440.5599,-159931.7752,2
-90444.7935,-159727.6182,2
-90396.2905,-160000.3129,2
-90356.3865,-159805.3556,2
-91129.596,-172614.4124,2
-91665.4672,-175217.7599,2
-90252.785,-160614.0025,2
-90859.565,37718.7221,2
-89715.6062,38279.3341,2
-89369.5134,25942.7963,2
-89104.3296,-171240.2647,2
-89445.5074,69941.4892,2
-89678.576,57049.5037,2
-91019.3668,34668.1256,2
-88991.418,139975.4159,2
-89435.4545,-176405.2941,2
-89478.5538,32036.5795,2
-88733.746,-147572.0209,2
-88493.3183,70638.8867,2
-88419.6218,70918.2268,2
-87915.3797,-144570.605,2
-88576.5613,-106668.4572,2
-87694.14,-153123.0316,2
-87729.4533,-172994.8267,2
-88519.0465,-176049.6351,2
-88850.0604,-141668.9338,2
-87479.5546,-176092.6771,2
-87561.7154,-144962.7028,2
-87736.4658,-170742.935,2
-88567.0694,-173927.2752,2
-87353.9389,-176086.8669,2
-87185.7591,-160563.2339,2
-87165.0421,45132.4515,2
-87881.733,32459.4817,2
-86973.0462,-160849.5918,2
-91816.2186,-164440.7776,2
-88712.3789,-158560.1979,2
-86846.668,-158330.1508,2
-86885.1754,45134.6335,2
-87486.293,-161439.1602,2
-88839.9147,-187192.3047,2
-86765.5344,43924.4945,2
-86779.6812,68550.0904,2
-86275.0466,124018.4407,2
-85527.4201,-213109.6209,2
-87484.7489,35515.8287,2
-85395.8729,-213125.1388,2
-85590.9524,124326.2994,2
-87274.2173,-151954.5784,2
-85254.8799,4386.1551,2
-85633.4725,72268.6864,2
-85071.0484,-213092.0291,2
-86584.6754,-147721.7651,2
-85077.1722,4383.4131,2
-85575.5383,98328.7006,2
-85623.5322,126980.641,2
-84696.913,153871.6936,2
-84461.9599,39059.1081,2
-84930.479,-177570.1422,2
-84494.2406,96912.6294,2
-84232.8056,137101.7836,2
-84307.0645,95526.1378,2
-83914.3807,4585.3664,2
-84503.598,-181220.5833,2
-83903.9354,162653.036,2
-83688.0805,-153727.5885,2
-83649.618,-153789.9767,2
-88855.2411,42095.807,2
-83485.0371,-181185.0969,2
-83541.1898,135085.086,2
-84697.2238,-188462.0514,2
-83561.6945,-147909.0957,2
-82525.5206,5258.9074,2
-81836.408,122861.7965,2
-82211.2013,152906.6495,2
-82041.8585,-182800.1941,2
-81485.8982,152960.7857,2
-81880.4232,123885.9304,2
-81289.8392,25418.2286,2
-81323.9817,-210487.1342,2
-80720.996,127218.5866,2
-80252.5873,123311.4008,2
-80219.8125,122535.4468,2
-80148.1067,80620.8351,2
-79823.2903,122623.4216,2
-82082.6634,-153288.2577,2
-81189.8939,-148456.6911,2
-79575.8076,-151087.464,2
-79515.3402,-151118.6491,2
-79946.9747,-108428.9176,2
-79440.0766,-151145.7108,2
-79855.7198,128998.7693,2
-79405.438,123002.2454,2
-79114.7831,-151122.2727,2
-79029.4802,-151206.1833,2
-78994.1482,-151232.7056,2
-79196.6203,156144.0042,2
-80689.557,30952.3287,2
-78875.5929,-151296.1571,2
-78196.7913,-155002.4013,2
-78892.1729,130561.4622,2
-78525.6907,122785.2829,2
-78644.1603,-154146.7355,2
-77881.9869,35842.3286,2
-77895.9571,123905.7085,2
-77474.4457,-185069.6547,2
-79422.5281,-186629.8869,2
-77384.6671,-185069.4265,2
-77324.737,-185069.2741,2
-79121.0687,19217.6384,2
-77145.0497,131857.5558,2
-76989.1927,136357.6343,2
-76612.5513,127484.6432,2
-77106.3044,-188771.7379,2
-76424.8998,126287.4824,2
-75972.506,130437.8407,2
-75796.237,151238.3753,2
-75700.5462,59773.2281,2
-76401.4825,123444.3877,2
-75223.6202,133826.2777,2
-75536.6728,132718.8597,2
-75103.5685,36574.0751,2
-74655.3195,36559.0021,2
-74593.4435,142011.0439,2
-74553.0209,151792.7489,2
-74295.5466,127051.6313,2
-74040.1827,-189261.8937,2
-74095.2161,125733.4995,2
-74876.6744,-185328.8209,2
-73774.3726,-188352.5905,2
-72817.5922,133125.7606,2
-72201.2599,115808.1688,2
-72129.3068,114862.0278,2
-72112.4502,114733.6596,2
-72112.3169,133208.8932,2
-71905.1237,-194737.5279,2
-71878.646,-194702.0902,2
-71819.2131,-194611.2148,2
-71786.2578,-194555.7771,2
-71667.3919,-194374.0263,2
-72151.6777,140506.5357,2
-71634.4366,-194318.5886,2
-71609.6164,-194287.6344,2
-71656.1648,152603.2113,2
-71827.1444,-14477.1336,2
-71140.9546,138319.5663,2
-70595.5161,32925.322,2
-70549.6776,113609.6326,2
-69855.998,141901.2063,2
-69300.2049,130167.3267,2
-69670.8447,123743.5954,2
-69813.9372,91025.3602,2
-69021.1881,117900.7378,2
-68982.0847,150193.1881,2
-68825.4075,-208833.3362,2
-68906.4208,4969.5228,2
-67613.0418,149452.9378,2
-69251.6898,3139.1427,2
-67254.7791,-101097.2065,2
-67588.5207,119119.6891,2
-66515.6804,-213214.775,2
-73346.8162,28507.7754,2
-66788.4539,132105.2781,2
-67765.7369,15309.9713,2
-67563.0819,125634.5148,2
-68823.7449,14294.4882,2
-65853.071,122402.189,2
-66127.3824,-213492.6612,2
-66935.0814,17486.1645,2
-66023.1834,-160108.527,2
-80233.8794,-102150.9299,2
-66874.6899,7658.871,2
-66516.4419,-13592.0427,2
-67766.9965,-111574.4246,2
-64887.9951,-213917.2838,2
-71073.1478,-154323.9235,2
-64260.7748,-102651.2225,2
-76950.336,144869.6963,2
-62924.4801,162103.2268,2
-63129.1845,47126.589,2
-63538.9496,-208390.5869,2
-62037.763,149933.2246,2
-62139.1678,46948.9514,2
-62908.9556,-114285.9082,2
-61977.4306,48238.4144,2
-64511.7822,-104119.4812,2
-61761.275,151315.3662,2
-61746.6555,-205171.5844,2
-62224.8946,5115.8727,2
-61833.8274,150568.6263,2
-61553.5321,48841.8061,2
-61299.4715,161951.0759,2
-61021.79,-201992.3782,2
-60994.2633,-202025.6642,2
-106688.9972,-172590.2316,2
-61207.7743,-205540.4117,2
-60804.6981,-205825.8825,2
-64066.2375,1728.3204,2
-60876.2631,-202097.0723,2
-60727.9101,-202176.4627,2
-60697.4636,-202208.5555,2
-61157.1451,-106310.5337,2
-60505.2845,-202382.9053,2
-60427.641,-202505.8116,2
-60394.4933,-202533.4175,2
-60361.3456,-202561.0234,2
-60277.8909,-202727.6072,2
-59808.9721,-204500.1718,2
-60044.0166,-203451.2032,2
-59608.5308,-200856.5737,2
-59037.8235,-107512.0588,2
-58170.6387,38873.0236,2
-58844.8834,40622.8375,2
-60924.6188,-159975.2906,2
-57977.3702,38897.191,2
-58097.9576,48181.9809,2
-57916.0606,2045.303,2
-57910.7541,41537.4643,2
-57465.2744,147303.9692,2
-57414.9776,-201225.9835,2
-57340.8292,-201218.2892,2
-57350.0639,147544.8495,2
-57766.492,39326.1731,2
-57286.145,-161214.8473,2
-56755.7371,37653.7192,2
-56165.0687,-202402.5655,2
-56138.2509,-202367.898,2
-56104.6153,-202313.2304,2
-56059.0495,-202267.6852,2
-58259.62,-204285.5156,2
-55499.3045,43837.5068,2
-56921.6031,120467.0381,2
-54100.6775,123330.3237,2
-54691.0628,134948.0415,2
-52954.6362,61776.7954,2
-52746.1324,-15025.8446,2
-52600.6756,-15194.9797,2
-52600.9356,-15104.9802,2
-56098.2979,-111998.6524,2
-52444.9119,61420.3319,2
-52167.5753,-111777.8555,2
-51747.4136,60737.9151,2
-50689.135,121538.964,2
-50476.0146,123645.026,2
-58771.0085,124533.3449,2
-50688.076,-220915.6746,2
-50332.2827,-220924.3519,2
-50265.0609,123495.8732,2
-50123.7473,123455.1251,2
-48908.4092,122513.0416,2
-48710.2825,116414.6006,2
-48644.0,116407.6514,2
-48634.9569,116528.4062,2
-48618.2718,116670.0905,2
-48543.0006,116633.7166,2
-48565.4474,116514.1893,2
-48558.7613,116445.1746,2
-48525.6093,116829.9558,2
-48513.6162,116711.5084,2
-48438.2215,116382.1496,2
-48453.2008,116603.9505,2
-48420.63,116781.4473,2
-48380.4361,116556.7731,2
-49636.6662,121636.5215,2
-48324.2777,116651.3711,2
-48544.9733,117351.2038,2
-48054.2514,122280.0493,2
-49455.599,-23853.4179,2
-48126.158,-45693.6555,2
-47997.2282,-45545.7253,2
-47916.3201,-45322.846,2
-47798.3015,122227.0855,2
-47631.583,-23543.8561,2
-47649.095,-44568.2651,2
-46578.9139,118687.4755,2
-50352.5783,-211445.1721,2
-48827.8706,-165773.7277,2
-45798.3955,127450.9902,2
-45924.2497,-216417.3768,2
-45231.2245,126600.9347,2
-44436.4794,126727.0044,2
-44658.2285,-23153.9165,2
-45600.2904,-24183.5118,2
-46213.494,-219723.0548,2
-43369.7905,126254.0658,2
-43416.3231,127268.6238,2
-43266.1579,-152933.2105,2
-43103.4667,-213741.303,2
-42601.8013,99957.5269,2
-41955.0465,-165934.0968,2
-42825.1366,-24243.5764,2
-41744.3588,-165973.8593,2
-41706.6549,-123181.9175,2
-41158.4117,144976.709,2
-41316.77,-167232.6997,2
-42257.3856,97606.6136,2
-40480.8245,101928.7842,2
-40605.1577,-9744.7372,2
-40491.0655,-25414.9042,2
-40693.0247,-177878.4892,2
-40090.0085,95213.6778,2
-39184.8402,124483.5138,2
-38870.4352,107359.9333,2
-38542.5967,107875.8853,2
-38533.4743,106875.8122,2
-38174.749,-20337.6151,2
-37683.4732,107248.0325,2
-37399.9496,-169089.6319,2
-41575.3481,-170514.6487,2
-36688.9735,118663.1013,2
-36280.7701,119051.9048,2
-35943.2412,-20701.2814,2
-35833.19,124155.0224,2
-35399.7359,-179024.4561,2
-35452.8562,121213.9815,2
-34316.8234,-179517.4292,2
-34214.5875,-37618.4058,2
-34013.8885,-35995.4571,2
-33923.3057,-36235.8668,2
-33814.6475,-5872.4188,2
-33366.442,-179880.819,2
-33317.4043,-54581.4618,2
-33505.2914,129943.2932,2
-34885.3725,-175483.0788,2
-32806.214,128763.4122,2
-32439.6979,-158924.9927,2
-32448.2605,-158824.5522,2
-32374.5371,-158724.9411,2
-32705.7807,-155871.844,2
-42547.8239,109687.6139,2
-31166.3252,116210.3646,2
-31391.0789,-32438.0425,2
-30748.7026,-7336.4085,2
-31085.8612,131466.5473,2
-32778.7879,105320.5726,2
-30770.2707,-11523.5772,2
-29729.8609,-33019.1112,2
-29721.2588,-8629.7582,2
-30731.3659,-186281.4603,2
-29443.9005,-7969.0455,2
-29082.1459,-136914.6959,2
-28895.5199,76080.8142,2
-29473.6556,105980.2309,2
-28815.0841,94826.9441,2
-28302.9321,94006.1296,2
-28269.1781,94637.3157,2
-28103.7581,110098.4611,2
-28925.4814,-12703.4683,2
-28611.7443,155846.2448,2
-27674.9508,-8212.5986,2
-27632.2312,94765.756,2
-28167.2483,124182.4637,2
-27446.1984,77633.0374,2
-27417.7653,77754.6719,2
-27420.0313,77873.7882,2
-27588.0666,78357.1212,2
-27408.1172,79185.0201,2
-27317.655,90061.156,2
-27303.597,85456.5623,2
-26986.838,77244.0372,2
-28756.8317,100400.1303,2
-26711.4675,77155.4241,2
-26483.8944,77300.3728,2
-26312.287,77250.6534,2
-26083.092,77154.8349,2
-26160.6496,-32230.2455,2
-26021.3505,80875.083,2
-25970.2762,76699.4221,2
-25915.9895,76766.6328,2
-25964.7249,77111.9766,2
-25888.3897,76795.9892,2
-25841.0657,76821.9814,2
-25904.4005,76658.8756,2
-25711.9223,80941.1154,2
-25655.8823,80697.3948,2
-26025.0729,77048.8469,2
-26406.0561,80130.5245,2
-25573.223,80655.5631,2
-25465.5797,-32190.0214,2
-25579.7765,80754.4161,2
-25391.3821,80656.8816,2
-25274.321,80663.9764,2
-25650.2601,-33347.6755,2
-25739.0479,-31782.9805,2
-25205.5412,-32189.9524,2
-25012.7779,-66266.9105,2
-25118.1665,-66879.9283,2
-24980.6521,118556.2676,2
-26053.4043,-27662.8491,2
-24239.6478,82050.386,2
-25590.4582,132883.8225,2
-24839.6983,81304.0705,2
-24636.2396,-34329.9587,2
-23745.0,-35955.6667,2
-23567.14,-63759.7159,2
-22811.0244,-63264.8592,2
-22797.9698,-63254.6551,2
-22738.4032,-63221.634,2
-22714.3067,-63213.4468,2
-23712.6931,125735.575,2
-22316.8361,83226.5482,2
-22256.0085,83129.5466,2
-22725.1759,-10084.1571,2
-22007.8916,-10956.4733,2
-21547.6385,-17828.5805,2
-21056.1451,-191347.4044,2
-20999.2245,-191280.4002,2
-20959.8478,-191255.2394,2
-20900.4709,-191224.9178,2
-20841.0941,-191194.5961,2
-20781.7174,-191164.2745,2
-19974.7882,77347.4952,2
-19992.868,-22663.8712,2
-19918.3839,-30997.4144,2
-19648.7877,-168768.9898,2
-19545.4743,-168805.7118,2
-19770.8676,138153.763,2
-19224.4664,-169800.1843,2
-19654.9487,-190687.358,2
-18537.5277,131681.0598,2
-18504.2022,77500.1568,2
-18420.9236,133639.9352,2
-18447.6963,133727.7491,2
-18883.9423,-33121.6346,2
-20537.6069,125101.9005,2
-18127.7115,-171474.1978,2
-18128.4359,85152.0914,2
-17933.6116,85635.0457,2
-18784.7471,87311.1661,2
-18668.7532,78622.5659,2
-21892.3091,132683.8507,2
-17209.0578,106969.3146,2
-16477.1071,133948.5905,2
-15811.9278,-41809.5858,2
-15901.0101,-43394.0911,2
-15685.0541,-43045.0444,2
-15970.9516,135934.2551,2
-15476.1307,-219503.3629,2
-16704.9525,-156165.7775,2
-15404.1473,-194378.6496,2
-15251.505,-37507.1914,2
-15418.4636,109876.2199,2
-15058.4185,-35549.3033,2
-16183.5868,120008.4531,2
-15015.7187,-35573.7086,2
-14940.822,-194730.62,2
-14957.0866,-35601.6233,2
-17870.1462,-22091.255,2
-14854.3048,-194793.2468,2
-14821.0462,-194820.7891,2
-14865.686,74092.3776,2
-14796.7203,74627.7858,2
-14879.4134,111800.8791,2
-14476.1795,-194949.2433,2
-14152.6699,-194772.021,2
-15576.895,-34260.5369,2
-14127.092,-194735.0263,2
-14051.4133,-194703.3786,2
-24925.735,-178645.5766,2
-13770.0697,-194790.0206,2
-13687.3483,-194859.6103,2
-13652.0557,-194912.6884,2
-13624.4093,-194945.7666,2
-13598.3068,-194977.3231,2
-13544.4475,-195007.4342,2
-13505.6665,-195033.1971,2
-13410.2184,-195090.1232,2
-13272.7105,-221201.7911,2
-13091.9652,-222786.9465,2
-13045.5846,-223369.6171,2
-13132.3135,-221458.6819,2
-12948.6943,-220681.1184,2
-13233.9609,-220871.7121,2
-13281.1296,125312.6693,2
-13713.2903,132519.6094,2
-12500.8147,-196171.6843,2
-12553.9384,-44011.5556,2
-11661.0958,-223816.2438,2
-12124.7573,-46009.8439,2
-11430.2217,-45420.4654,2
-11491.7905,-152193.2613,2
-11362.9946,-152271.7443,2
-11673.0767,-48166.8844,2
-11311.4497,-45662.9314,2
-11357.3541,-45531.3027,2
-11281.541,-45723.0141,2
-11480.7844,124952.3687,2
-11307.2115,-152409.2149,2
-11256.4283,-45762.5731,2
-11243.1082,-152540.2316,2
-11515.434,112123.0431,2
-11741.2459,-224379.1535,2
-11850.8036,121566.0656,2
-11093.3173,-43296.9216,2
-11390.5678,-42591.2697,2
-11587.8607,130714.8987,2
-10773.3114,-225995.2143,2
-10955.5603,-226388.4425,2
-10536.8908,-226783.7966,2
-10636.7983,75111.9322,2
-10788.6626,-152657.3048,2
-10321.0848,-46380.4408,2
-10976.4498,-46481.5145,2
-10197.1035,-227336.3917,2
-10169.0761,-227368.8491,2
-10327.1508,124540.4416,2
-10131.0814,-227454.5506,2
-10196.594,74746.7773,2
-11921.1006,113447.552,2
-30859.1674,-146431.6828,2
-9735.3812,-53505.1386,2
-9553.0903,-39509.8203,2
-9544.8234,-39301.0436,2
-9396.6661,-189021.5278,2
-9399.7207,-188904.25,2
-9367.4018,-189131.6526,2
-9336.6578,-189195.0489,2
-9325.6746,-188818.4285,2
-10256.1597,-45548.8296,2
-9286.0803,-189326.051,2
-9282.0474,-188674.2643,2
-9234.3091,-188573.4349,2
-9185.436,-188540.3399,2
-9472.6942,76635.6599,2
-9161.5229,-188460.3034,2
-9151.4957,-188373.7873,2
-9125.3413,-188305.0868,2
-9096.044,-188194.4882,2
-9067.6928,-188118.0802,2
-9057.9639,-156591.2333,2
-11446.8155,-223444.0366,2
-9051.1114,-226012.8951,2
-8991.7813,-226031.5819,2
-8955.4124,72409.7029,2
-8962.0636,67574.2155,2
-8984.1061,68539.2021,2
-8550.5097,-225929.483,2
-8520.6513,-225899.3393,2
-8730.0228,122899.922,2
-9229.6407,-229482.6347,2
-8490.793,-225869.1956,2
-8531.3615,66924.6124,2
-8453.2317,-225836.7813,2
-8424.5071,-225864.5222,2
-8348.0538,-225862.0226,2
-8342.1188,-225719.0917,2
-8317.9577,-225832.1168,2
-8324.3352,-225764.4862,2
-8271.5944,-225473.1653,2
-8202.644,-225517.6058,2
-8762.3474,92568.3519,2
-8397.1311,-47949.2623,2
-14172.6959,-172619.3757,2
-8168.7436,122634.5678,2
-10152.6414,-52459.1925,2
-8041.5711,74581.419,2
-8432.2933,75828.3814,2
-8039.8025,-225339.621,2
-9218.87,81827.4675,2
-7901.8578,-225296.5719,2
-7852.8834,-225344.9954,2
-9108.1969,-226977.2212,2
-7828.1405,-225386.0794,2
-7850.1125,-40821.4273,2
-8929.7451,121966.6778,2
-7810.8812,75274.1467,2
-7655.689,-170190.2568,2
-8788.0221,-155959.9287,2
-7126.852,-238729.4839,2
-6842.3086,89823.2669,2
-6781.1087,89911.5689,2
-6754.042,89945.7199,2
-7791.3993,-231354.1183,2
-7840.1254,-24401.9743,2
-6726.9754,89979.8708,2
-6692.8421,90034.0218,2
-6665.7754,90068.1728,2
-6631.6421,90122.3238,2
-6700.878,21587.8378,2
-6542.5963,90308.0279,2
-6422.9585,-232051.5966,2
-7116.0098,-40454.2219,2
-6654.2665,20257.5132,2
-6204.1137,-232131.4648,2
-6014.399,-160321.1671,2
-5578.5571,-183690.5039,2
-5399.3305,-33270.7912,2
-5139.8184,-21742.0221,2
-5172.1425,94743.0398,2
-4776.8642,-21104.4228,2
-4639.8018,-21254.6207,2
-5420.7295,91339.8839,2
-4546.8954,-22158.141,2
-7079.5461,-236707.9175,2
-6178.9195,116392.4619,2
-3855.4577,-20163.7725,2
-3659.0973,118629.4837,2
-3666.5217,-228620.5435,2
-3514.9392,11651.1262,2
-3157.8574,-20399.9723,2
-3035.9682,13378.298,2
-2871.8971,13550.6964,2
-6314.0859,-21704.4119,2
-2115.3668,-33624.0186,2
-2523.681,-232783.8344,2
-3604.9988,102890.1301,2
-2393.6524,-229548.7592,2
-2425.5422,-39199.9105,2
-1390.433,7748.9695,2
-1670.0581,8645.3559,2
-9098.9703,-33111.3322,2
-654.8535,101126.6947,2
-326.3795,-21524.8005,2
-60.5179,-21809.6643,2
-1.0084,64443.1131,2
112.6419,-21607.2746,2
-22.6264,-223854.9445,2
362.2254,-224035.8462,2
409.0128,-224154.5117,2
380.9752,78738.3023,2
544.5991,-224307.0559,2
633.3466,64405.8785,2
845.3301,-227706.2467,2
-2492.0936,-234986.7371,2
-2954.6354,-166523.1491,2
713.0338,79607.189,2
1415.6422,80334.137,2
1468.688,-197045.5631,2
1492.0234,-197107.9913,2
1493.485,-195312.7736,2
1493.4463,-195250.4757,2
1523.5044,-197134.9824,2
1589.6526,-197190.2653,2
1638.1724,-228630.7222,2
1679.1133,-228751.9724,2
1653.7328,-46096.6878,2
1511.0946,-196321.1097,2
-2512.4568,-27211.0592,2
1298.8851,-224969.2673,2
2192.7018,103132.3033,2
1857.0393,68177.158,2
2029.6717,72107.0704,2
2742.6607,-173674.005,2
2757.194,73827.972,2
2726.8351,-225846.5596,2
-9417.2018,78990.9074,2
1574.916,-57656.9888,2
3053.9438,74508.2553,2
3300.8474,-46364.3784,2
2360.077,-26243.7198,2
1975.1485,-46815.5356,2
3646.4825,95533.9888,2
3726.7494,95466.5044,2
3699.7903,66801.0575,2
2747.0756,-174774.7025,2
3694.1114,66310.3284,2
3878.6325,95318.3192,2
4067.1936,-47029.4652,2
4054.4559,95118.7534,2
3884.7897,81092.6705,2
4142.83,-222706.8668,2
4680.776,94474.0011,2
4745.2211,94356.6837,2
4773.0327,94323.8823,2
4808.656,94271.0809,2
4836.4677,94238.2795,2
4883.0957,94172.3025,2
4927.7143,94119.8754,2
4758.6076,81218.4718,2
4955.526,94087.074,2
4958.8335,81491.1365,2
4983.3376,94054.2726,2
4983.9697,81532.8528,2
5011.1493,94021.4713,2
5015.1028,81565.1713,2
5045.6704,81594.6342,2
5076.2381,81624.097,2
5106.8058,81653.5598,2
5137.3735,81683.0226,2
4272.0977,-59082.8381,2
5264.8948,-222220.252,2
5388.0404,-222242.6271,2
5324.2775,81769.3585,2
5475.6764,-222252.2523,2
5533.5647,-222273.6102,2
3317.3893,-244348.6699,2
3941.4426,-46194.2281,2
6150.3147,-238379.5361,2
6224.8639,-238429.8943,2
6391.1628,78503.62,2
-854.1797,-191233.6224,2
6510.6386,-238474.1626,2
6596.8783,84542.3328,2
6745.3185,111134.8851,2
5320.1782,72879.3107,2
7396.1408,78298.5022,2
7813.7951,-238919.3896,2
7020.9095,82519.1001,2
7021.9997,92163.9977,2
7990.2441,102335.4566,2
8080.4911,-50057.5207,2
8113.7212,-50110.079,2
8173.3466,71627.9086,2
7708.3385,80005.6977,2
8228.5671,71741.4187,2
8292.2494,101988.0537,2
8509.1749,71643.066,2
8534.8744,101728.0837,2
8429.5794,85264.0172,2
8930.8591,-248442.2965,2
9038.4982,-248495.0158,2
8906.1348,76120.0464,2
8857.5444,87580.123,2
9499.4076,-242669.8481,2
9427.2857,71630.1874,2
7351.9072,103446.7498,2
9635.79,-249594.2341,2
8787.7124,83917.9043,2
10077.1725,102907.486,2
10908.4689,66129.8948,2
11366.3054,-251014.1786,2
11636.2122,-248522.1297,2
11885.266,-248684.1528,2
11559.1557,106806.7006,2
12264.0906,-228353.3148,2
11604.8646,86227.6584,2
12533.0137,-221885.8424,2
11693.4048,68129.872,2
12346.0859,-221844.3357,2
11996.6709,74279.6755,2
11820.4829,77688.5644,2
12605.1931,-221932.5968,2
12875.2986,-248157.0336,2
12632.2139,79084.0667,2
11710.4693,-60534.4044,2
11998.1907,66090.3101,2
13167.7682,66533.226,2
10544.5089,-248970.1397,2
12346.3997,-38154.401,2
13065.5165,73748.6633,2
12828.82,-218749.2639,2
11873.7824,82859.0929,2
13597.472,86400.5729,2
14186.1355,89308.5381,2
14226.5165,28507.2366,2
13825.2041,76688.3121,2
14685.1731,-72322.072,2
14823.8225,56752.4788,2
14263.798,67201.1729,2
14894.4676,68053.4704,2
13498.6562,-40206.4815,2
15558.4409,-253591.3942,2
15770.8128,-253945.024,2
15633.6456,56799.9889,2
15385.951,-62254.3007,2
16364.2817,67831.8833,2
16783.9679,66266.9002,2
16612.5774,72873.0962,2
16918.8774,99310.4309,2
17310.4531,101405.2166,2
16997.3002,76119.2527,2
17543.9804,67030.6186,2
18374.0733,96845.3033,2
18752.6904,96035.3069,2
19223.7623,79059.1526,2
19460.2436,82038.1962,2
19631.0035,-67461.7916,2
19448.3245,74253.2652,2
19849.0727,71173.4455,2
19514.0016,83416.8886,2
19658.5024,82641.3709,2
20416.4306,69628.1151,2
20107.4892,69837.6207,2
19879.5294,77022.4749,2
20612.3252,69856.0969,2
20639.7578,-59250.9648,2
20843.0589,-59634.9396,2
20875.3878,-59603.1775,2
20809.3235,-65591.0459,2
20902.0403,-59553.9062,2
20930.6099,-59477.0608,2
20701.9153,70888.2643,2
20966.9329,77516.3738,2
21198.3578,77202.2177,2
21221.4494,70219.2312,2
21606.1348,86600.7777,2
21228.1182,58942.2687,2
21658.4614,-5779.899,2
9990.6739,-53739.367,2
22227.6944,93369.286,2
21354.6344,96974.0669,2
22142.517,74063.3819,2
22633.9111,70604.2839,2
23089.6134,95756.761,2
23494.6533,-188034.0397,2
22049.1489,86646.3568,2
23651.1209,87890.9654,2
23249.1312,72008.6452,2
23865.6161,94544.452,2
23885.1272,95336.0995,2
23632.7814,52532.8078,2
23247.1718,-63237.358,2
24306.4335,96114.5168,2
24244.8893,70590.6835,2
24654.0308,93726.721,2
24790.736,56301.5805,2
24674.1939,94524.1453,2
24863.3389,58151.7115,2
24859.5534,-188695.6071,2
24732.0779,23322.7925,2
24910.3952,77719.2778,2
24941.0817,80922.1849,2
25251.3012,-74742.2935,2
24806.8168,-74325.8488,2
23531.5725,-41866.2301,2
23737.5202,-252332.0773,2
25365.7509,-74909.4621,2
25584.7338,-75031.4401,2
25673.4303,-75405.4061,2
24173.6038,-48278.4089,2
24601.6104,-44266.0353,2
24321.1161,-38665.1748,2
25641.1829,94708.7136,2
26120.545,77689.4085,2
26194.5925,80096.8406,2
25537.1065,-79532.4785,2
26525.0001,76872.3474,2
26982.5184,93272.0192,2
26350.232,82265.2681,2
27329.0025,-65088.974,2
26321.5748,72661.645,2
27348.0574,78940.2346,2
25307.1889,90386.1037,2
27101.9032,80785.6221,2
27655.0221,82244.8065,2
27717.324,78589.3502,2
27955.6241,82002.578,2
28067.4566,82650.3254,2
27759.0288,77728.1559,2
28090.7476,78802.1517,2
28128.639,74410.079,2
28139.6288,75608.9515,2
28341.033,78000.1025,2
15034.4153,-237114.5215,2
28052.646,58946.0086,2
28239.6202,81237.6769,2
28050.2905,87665.8783,2
28291.728,82421.9701,2
28059.8039,86658.8484,2
28256.0722,67948.7183,2
28496.2692,68372.5559,2
28519.0725,73990.31,2
28615.8114,77711.2271,2
28341.6021,76809.9208,2
28634.5087,80822.6601,2
29189.8435,78516.9838,2
29224.106,78273.8253,2
29239.333,78575.7714,2
29251.1333,17787.7985,2
29254.1025,16214.9294,2
29190.1082,73103.6549,2
29473.3287,79212.6452,2
29524.6968,17136.8164,2
28660.9852,64870.4196,2
28860.7084,-70361.7351,2
29809.0326,17113.2749,2
29646.5665,15592.3351,2
29536.4982,74376.7792,2
29777.3614,75551.289,2
29856.7312,79988.6447,2
30303.5214,-218168.5333,2
30106.5323,47579.357,2
30267.7901,79177.9645,2
29282.004,-61934.4308,2
29982.5851,-38463.1911,2
30792.5192,18421.9965,2
30434.2248,-101660.2113,2
30793.1086,16593.3021,2
30828.286,-211033.7597,2
30485.2871,73229.6242,2
30584.7805,20450.1708,2
31049.7955,72400.2243,2
31570.431,-211886.9553,2
31638.2215,-61661.9799,2
31248.5428,77365.4553,2
32281.5278,-183692.4426,2
32314.472,-183609.5232,2
32143.6311,20226.3388,2
32584.5064,17721.4011,2
31910.6326,-204177.0823,2
32795.0538,-218699.2609,2
31550.5356,-71717.5105,2
30881.6652,85973.8045,2
32469.2889,83758.0418,2
32213.7102,80147.9898,2
32958.7158,-218724.8931,2
33268.673,-185560.4404,2
33311.1405,-185675.2729,2
32936.7031,61549.8067,2
33460.5667,-175843.7524,2
33484.3325,-175804.7325,2
33173.0938,75541.0206,2
23196.0714,64488.2211,2
33524.3188,-101418.575,2
33699.357,-212730.6288,2
33728.3704,50845.921,2
33871.2562,67536.6591,2
33906.2206,38873.4873,2
34154.0525,46850.068,2
34523.4867,50829.9562,2
34859.2331,78131.8385,2
34609.2795,-218904.107,2
34494.9054,-64610.1591,2
34726.7459,81020.6528,2
35684.4037,51413.5021,2
35709.1263,40106.0234,2
34629.7421,49841.1614,2
33361.0738,-67956.6481,2
34966.0563,-72383.1602,2
36095.6156,49206.6803,2
35299.9219,-68459.3191,2
35352.7222,-53916.0109,2
36491.9199,49587.9893,2
36212.8434,-61156.3607,2
36436.4572,41163.0424,2
37685.0104,43068.4835,2
37905.3926,64115.0213,2
38187.954,-175196.5672,2
38140.4149,64475.0016,2
38206.2429,-83871.3491,2
38040.1671,48977.9535,2
38290.4804,-83844.5161,2
38126.8208,75751.1463,2
38229.2027,75417.9374,2
37831.7898,-245534.5612,2
29828.7206,-192047.346,2
38526.5679,-71950.7611,2
38216.4598,74951.4686,2
38188.8866,76957.4575,2
38480.2598,64536.7886,2
38451.9367,49967.6361,2
38435.8876,63650.9517,2
38809.2805,52232.256,2
38684.5436,44445.3219,2
38059.5536,-87919.724,2
39028.432,77702.7259,2
39237.3764,64194.9855,2
39255.4003,49951.0714,2
38681.0936,50762.5744,2
38354.4225,-73830.262,2
35507.592,-180607.1238,2
38524.5962,-176531.2833,2
39670.7027,50343.1513,2
39694.841,51143.7585,2
39867.0218,-196901.1314,2
39958.8073,-197040.6393,2
40016.9919,-218872.6709,2
39135.3429,-190457.4,2
40208.9882,37621.3509,2
40228.1257,37855.6988,2
39684.7051,-6750.3761,2
40188.61,-218736.7808,2
40392.3137,-197925.665,2
40516.3908,-69785.9012,2
37994.5218,-78352.5565,2
40691.0147,-62039.353,2
40039.5181,-9514.6901,2
36206.0877,59008.7105,2
40794.9764,-62213.0579,2
40829.1634,36530.8098,2
40898.75,-186699.0625,2
40394.7638,-247368.7366,2
41041.0967,57512.5954,2
41167.1223,58007.2298,2
41224.135,36144.0552,2
37911.1588,47488.9968,2
41222.7905,-60756.6337,2
40653.9715,-46997.5015,2
41621.3581,47923.2618,2
41818.237,-173800.0748,2
41924.7824,-173833.1706,2
42069.755,58465.7293,2
42178.5105,58439.2796,2
42009.8246,34564.6545,2
41720.234,-191307.383,2
40917.3777,-71549.3085,2
39047.8526,-67981.0659,2
42491.3641,-67964.5376,2
42869.3827,-257698.5802,2
42966.5115,-73761.7401,2
43337.3992,-48630.1365,2
44017.2948,67610.8044,2
44161.2494,70264.8753,2
44239.5992,52120.9439,2
36640.9619,-207658.8793,2
43265.0776,-62418.7781,2
44843.2159,48064.6928,2
31118.2142,-223351.0001,2
44680.0907,66636.0355,2
45012.5704,-220543.9779,2
45033.8953,48333.1857,2
45080.1635,-206747.0354,2
44083.1132,-70551.0916,2
44848.8308,-11342.5808,2
39978.5414,70622.7328,2
45369.3431,48335.1223,2
45531.0206,-203102.417,2
45584.7205,48311.178,2
44630.7194,-68755.5846,2
45803.0745,48302.091,2
45646.6147,-8592.2147,2
46008.1543,-203318.0784,2
46042.8189,-203344.9,2
44741.4622,-212535.7812,2
46289.894,48262.6897,2
46555.8768,48251.4762,2
46218.2591,-10417.8665,2
47042.7047,47873.2901,2
47715.0361,47899.9357,2
47536.7782,68657.0653,2
47986.6245,-9450.0843,2
48233.879,60938.7824,2
48274.9561,61332.9449,2
46288.3898,-209622.5683,2
48487.047,61982.5742,2
47585.4422,-65354.0633,2
48474.2744,-197968.0599,2
48543.6316,-199107.3158,2
47520.0366,-6550.8599,2
48870.5009,-252719.373,2
44470.1408,-264155.4262,2
48730.2317,47718.7931,2
48131.2426,67438.8671,2
48694.17,-269161.26,2
47920.0236,63958.047,2
49486.7831,-204937.6,2
44959.0256,-200987.0664,2
45576.8366,-232988.8461,2
49951.2357,-252932.054,2
48867.3635,-252319.3428,2
50049.5936,-252755.6886,2
50105.0642,-252694.0988,2
49963.0269,41154.7827,2
50165.9216,-252638.1902,2
49633.4807,67462.2453,2
50193.1517,-252604.3591,2
48636.8368,-214938.8977,2
49717.2744,-57808.5468,2
51007.571,-215744.9477,2
45140.494,-223875.9648,2
50272.0675,-193031.5612,2
49778.8814,-3689.8657,2
50224.4903,47127.7809,2
50685.8584,-225778.0979,2
51210.243,618.4432,2
50346.1283,-269713.5663,2
51089.1268,-431.929,2
51637.2783,-228232.0416,2
50545.6784,44680.8281,2
52643.3199,-73924.9338,2
52712.8692,-74252.098,2
52871.4688,-212660.3613,2
53201.2621,-95900.1505,2
53504.6107,52638.2101,2
53848.9511,-95860.233,2
46480.3466,-176884.3519,2
52094.9952,-174117.8437,2
54507.526,-249682.5224,2
55110.1351,-954.1399,2
55528.2558,-231750.4063,2
55859.0314,-94238.0505,2
55312.8591,42862.1464,2
56799.3792,-238746.4512,2
57279.5168,37290.6346,2
56759.1379,-237902.5558,2
57450.7424,48085.2905,2
56670.5102,-210811.8909,2
57930.0362,37276.722,2
58206.0631,38500.3072,2
59018.6905,36779.97,2
56077.7684,46775.9639,2
59920.6401,47412.9451,2
60178.8843,-218075.5322,2
60273.0373,-81250.6306,2
61835.6166,39059.7836,2
60544.6206,-79056.8153,2
60956.6949,-74778.0508,2
57912.421,-208472.7342,2
63923.7616,-249658.3947,2
64407.664,-79313.3808,2
64506.6606,-242250.5364,2
65035.3853,47201.8802,2
64660.7402,2627.1721,2
65124.5826,47581.7033,2
65269.6003,11358.695,2
65309.8936,47594.7659,2
65091.5255,-242906.099,2
64461.8668,-78450.6658,2
64172.7015,-70690.4736,2
64847.6827,-208834.5652,2
64637.1239,-211558.3628,2
66513.3469,-66981.1483,2
67860.1469,18690.0938,2
67986.6684,18751.0171,2
68085.3273,-19134.8317,2
67816.8879,25250.3508,2
67283.7894,-86487.4212,2
67998.027,-227999.2156,2
68352.6727,-247243.8392,2
68500.1471,-247175.312,2
68365.3989,-226018.4245,2
68383.8627,18340.7419,2
68594.9818,-18310.0114,2
69120.6901,16998.2306,2
69232.0376,17010.5874,2
68887.671,-62809.6173,2
68349.417,-192636.4593,2
69741.8824,-61083.9412,2
65884.8954,37176.9652,2
70377.2993,-193936.7974,2
70944.6803,-247568.6272,2
71103.4313,-194288.7419,2
71164.3436,31674.1691,2
71480.9064,32003.5325,2
71523.522,-87884.1812,2
71525.7963,-87824.5053,2
71080.1329,37500.2625,2
71655.0044,-88008.7345,2
71689.6882,24545.4125,2
71695.94,23653.4945,2
70710.2632,-78120.0219,2
71569.2231,-194319.6802,2
71894.7738,-194449.9276,2
70764.1504,30126.587,2
71881.8575,-272014.1478,2
71977.8681,-86056.6544,2
71983.6686,-85989.0442,2
69859.1921,-89665.2126,2
71617.1041,25403.5596,2
71914.5784,-9646.4144,2
-33311.5516,-35184.4395,2
72657.6191,-194970.6264,2
72339.9564,-194591.824,2
72312.7699,24736.6878,2
72793.4977,-195005.1609,2
72812.5106,25786.3401,2
72741.5225,-272247.1694,2
72882.9035,-84899.3354,2
73192.2411,-241431.1843,2
72800.4998,-71755.7115,2
73530.7404,21684.1378,2
73411.1193,-242072.6558,2
73922.6512,-10346.6119,2
73470.5203,-195219.2066,2
74026.7989,-195514.3525,2
73983.4002,-10327.5867,2
73873.9989,-10920.8783,2
74120.2501,-195542.769,2
61320.1897,-230896.1123,2
73904.5969,-1609.3381,2
74234.656,-195478.6465,2
73261.53,-56518.1125,2
74417.7844,-195484.7493,2
74458.4038,-195511.4028,2
74489.4571,-195540.4968,2
74540.3845,-195578.7994,2
74571.3119,-195607.9507,2
74602.2393,-195637.102,2
74633.1667,-195666.2534,2
74664.0941,-195695.4047,2
74255.9786,21545.2156,2
74694.9809,-195724.6877,2
74725.6965,-195753.981,2
74756.5065,-195783.2317,2
74787.3166,-195812.4823,2
74916.0558,-85379.4285,2
75026.7603,-85166.6977,2
75056.5708,-85136.5046,2
75090.4454,-256681.9817,2
75118.5803,-85863.5578,2
74826.4944,-288908.9281,2
75210.0785,-289618.8071,2
75162.9052,-85908.8038,2
75274.4872,-85936.818,2
75294.8417,-2370.1744,2
75301.3732,-2565.6433,2
72514.516,-235061.6721,2
75335.2464,-2143.8131,2
75354.0156,-256728.6063,2
73822.0096,-251173.6815,2
75983.2166,-4683.8996,2
76014.9531,-4773.7907,2
76077.2933,-4865.5555,2
76132.7452,-5036.5016,2
76191.0121,-5172.9741,2
76263.6314,-5155.2866,2
76278.8259,-6139.6656,2
74420.54,-62895.4889,2
76280.274,23678.1498,2
76414.3191,-85924.7922,2
76558.8452,-85736.2542,2
75046.0373,-6315.681,2
76482.6493,-85549.6114,2
76285.8676,-253066.2328,2
76643.5573,-86828.9253,2
76981.6279,-253321.221,2
77014.408,-253264.4085,2
76780.8272,21221.7129,2
77079.7496,-253232.9053,2
71859.2568,-210849.4954,2
76292.1162,-207500.332,2
76308.1242,-196419.6718,2
76549.249,19419.6794,2
77729.6922,27446.8238,2
78493.7453,-94044.5101,2
78545.8606,-72011.3535,2
78547.5549,-94074.0008,2
77595.6018,-95307.1622,2
78556.7936,-72090.6484,2
78547.4838,-246725.6842,2
78654.2393,-246619.3773,2
78699.3235,-246591.8048,2
78747.2807,-246532.658,2
78732.4516,-246403.9911,2
78613.5672,-48435.806,2
78880.4173,-256994.1635,2
79227.7594,-70457.9968,2
76435.3627,-90527.2583,2
79749.1541,-72804.1306,2
78942.7128,-197404.4523,2
79264.6682,-199335.0,2
80446.7412,-249542.358,2
80519.3727,-249600.3946,2
80575.2347,-249633.9609,2
80607.2655,-249662.2729,2
80639.2963,-249690.5849,2
79690.897,-270540.6637,2
80651.4836,-72211.2269,2
73673.2927,-76221.7522,2
80203.2303,-93971.9513,2
80569.2084,3926.6065,2
80065.1373,20224.7784,2
79142.4163,-254979.5052,2
81080.6232,-71596.0809,2
81124.1295,-63253.5977,2
81610.3591,-92733.5426,2
81683.5278,-92671.8213,2
81183.9467,-270933.5779,2
81592.0109,-218641.7935,2
81229.539,-206606.019,2
82144.7819,4820.6557,2
81938.5678,21116.6567,2
82016.719,-92202.5042,2
81659.6404,-193790.1113,2
82437.7917,4359.393,2
82012.0201,-268894.1613,2
82762.0742,-214661.3319,2
83255.2992,16094.9489,2
83511.7241,7425.4444,2
83525.4613,7844.8976,2
83564.786,8501.6127,2
83662.4941,6455.4498,2
83891.5906,-187685.3997,2
83910.263,-187650.9629,2
83807.7876,-209786.2832,2
84071.4199,25658.1558,2
84293.132,5206.0878,2
82740.2488,-185958.5426,2
84351.5011,26544.7972,2
84846.7983,26648.1902,2
83764.5382,-223390.5042,2
85160.544,-257643.6118,2
84299.4881,-217719.6019,2
85515.0672,26439.4368,2
83430.4706,-77034.4801,2
85460.5929,26664.6142,2
84851.5747,6234.3566,2
85770.5479,26209.143,2
83238.9464,-95825.524,2
83784.3565,-82285.004,2
84871.5977,-92486.6775,2
85514.8814,-229073.4153,2
86882.7888,-269363.2815,2
86941.9123,-269637.7939,2
86970.5803,-269669.3305,2
87007.9164,-269720.8671,2
87036.5845,-269752.4037,2
86862.453,25195.9102,2
87212.1082,-269908.2877,2
84981.4032,-268751.1664,2
86902.4671,-24169.7616,2
86299.7537,-259749.1594,2
86432.775,-78954.4393,2
86734.6492,-64414.0598,2
86971.7222,-83336.7266,2
87750.1652,-24667.7492,2
88357.9521,-25036.659,2
79193.021,-297368.4286,2
88533.6899,-260546.5022,2
88234.4014,-271379.9168,2
87505.7058,-23038.5224,2
84961.9803,18782.1854,2
88777.3291,-260836.8198,2
89012.9427,-261117.3806,2
89018.0519,-96258.186,2
88238.1564,-76885.5703,2
89037.1514,-261067.9099,2
88873.9203,-22541.9262,2
89052.2979,-96290.0584,2
89096.6346,-22313.627,2
89106.8179,-96326.8514,2
88944.2565,-91976.0409,2
89087.8568,-6414.0192,2
87818.9918,-91181.5302,2
89308.2484,-177650.7007,2
89623.0719,-4593.4393,2
90051.3281,-3473.4943,2
88768.4751,-264926.2375,2
87149.3852,-99055.4181,2
90307.4717,-208531.0495,2
91326.4859,16874.8519,2
89072.6852,-221886.6766,2
91425.7561,16704.3826,2
91729.8898,16321.9357,2
91440.7658,-82226.7138,2
91501.9512,-262875.1885,2
91757.069,-222147.3593,2
92904.8168,6362.6075,2
92554.403,-103314.5056,2
89910.1975,-79916.0433,2
92139.2909,-86260.9841,2
93690.4105,-90423.3714,2
93242.932,-223220.7224,2
94118.5714,-34687.9592,2
94303.2466,-36351.2127,2
89291.6078,19187.4709,2
94718.9695,16369.9654,2
94851.3939,-94242.2623,2
95053.6615,-35646.0089,2
94186.5743,-72181.5743,2
95080.9078,15979.2381,2
90616.522,-88340.5392,2
91269.1939,-73957.368,2
95361.393,-35292.1592,2
94640.8909,-220532.9273,2
95186.7332,-36671.729,2
94615.9134,-310441.4248,2
95780.2608,-34273.309,2
96505.1528,-33252.2687,2
95305.5842,-2152.4598,2
96377.7178,-311846.8465,2
96636.3091,-95288.4676,2
96584.8447,-22987.1957,2
96622.3381,-274912.7081,2
97404.4158,-175589.7932,2
97209.6257,-211369.0909,2
96768.2413,-223588.6159,2
97767.851,-24454.2443,2
98064.1996,-88576.9236,2
98662.2476,-89640.0896,2
97311.1832,-188736.8893,2
99156.0891,-226479.3564,2
97492.7736,-86399.9821,2
98258.8523,-82492.1946,2
98362.1706,-5307.3395,2
100021.9225,-269291.4428,2
92106.4578,-191144.4692,2
100248.0546,-259593.4491,2
100483.5358,-91757.7567,2
99872.7057,-224271.5742,2
100758.4423,-81832.2847,2
101762.8321,-91441.745,2
101817.9802,-91421.9127,2
101110.4832,-275190.5672,2
103002.2269,-229066.2605,2
103199.9283,-307739.8344,2
102701.5527,-227749.9231,2
103195.0747,-307489.1482,2
103325.725,-227329.8957,2
102966.3159,-224927.3124,2
103444.6619,-91132.728,2
103929.1731,-224420.3678,2
104015.0176,-224251.9461,2
102148.0785,-213174.2162,2
104061.6083,-224142.6998,2
104203.4227,-224136.0907,2
104280.3289,-224042.0877,2
103492.2378,-237270.4196,2
104882.0972,-224234.3067,2
104880.9066,-224009.1433,2
105004.0889,-224739.527,2
105242.8041,-246253.3239,2
105473.0463,-246245.0749,2
105383.0429,-89422.2887,2
107229.0008,-232645.6266,2
107251.3643,-232661.3198,2
108259.9109,-213539.833,2
107419.7208,-78116.2109,2
108665.5931,-248280.1524,2
109377.5646,-268363.183,2
109779.9706,-214728.4342,2
110220.6995,-268485.8299,2
110427.0616,-214773.1462,2
110197.8955,-268073.4777,2
110738.741,-264050.9353,2
107775.1132,-243747.7722,2
111300.9802,-237028.1693,2
111331.3967,-237087.0948,2
111841.0834,-28513.2021,2
111902.087,-28864.2321,2
111190.9844,-219723.8131,2
111623.5729,-23197.4765,2
112007.7323,-20474.9711,2
106009.8259,-249080.7951,2
112241.8018,-243249.4902,2
112741.3594,-251967.2314,2
112755.3921,-30081.6516,2
112333.1822,-19835.2225,2
113121.6274,-204734.8699,2
113100.2778,-204594.1632,2
113096.6878,-204339.5257,2
112326.0638,-203619.6046,2
113199.5227,-204112.5348,2
113279.5699,-270118.2987,2
113280.7033,-30307.6817,2
113642.6162,-31006.151,2
113052.6734,-221305.8674,2
113691.5253,-269899.276,2
114428.9502,-229026.9784,2
114800.9727,-32087.67,2
115400.8963,-271084.3454,2
115308.1374,-269633.9105,2
115496.4086,-269792.8157,2
115542.8466,-270741.5411,2
115803.0443,-270778.1487,2
115839.4888,-270804.2298,2
115884.6292,-270911.4016,2
115818.6951,-269933.3265,2
115867.5532,-290845.6383,2
114788.6189,-202244.6824,2
116746.4679,-291917.2936,2
115768.0587,-204606.044,2
117307.6651,-15763.6142,2
118257.1907,-16320.4293,2
117923.3218,-106905.7816,2
118675.0417,-33237.6934,2
118039.2346,-232923.9066,2
119250.625,-294713.4375,2
118610.2154,-91004.5641,2
119589.7899,-223940.7983,2
119282.0176,-83536.7167,2
121328.7476,-255600.5407,2
121263.3333,-296753.0556,2
121756.0942,-39336.9837,2
121758.6595,-39590.8332,2
121902.1388,-37893.6797,2
122044.3956,-38253.2837,2
122731.4573,-273096.6691,2
123181.6197,-274754.6874,2
120654.9636,-272519.3551,2
123446.1334,-275059.8768,2
123383.1066,-251289.4044,2
123650.9261,-275177.3644,2
124474.0053,-273360.5086,2
124561.2422,-273274.6202,2
124637.529,-275625.9829,2
122786.6768,-231976.2859,2
125770.7471,-250601.7449,2
125368.5411,-90813.5162,2
124915.5066,-84440.741,2
123294.6449,-207461.5636,2
125942.2866,-205530.6586,2
127257.647,-272821.9787,2
127206.5328,-93623.3942,2
127676.5834,-248044.7817,2
128131.9767,-12156.288,2
128034.6746,-248275.5431,2
123361.1704,-209721.7419,2
127844.5604,-312819.5604,2
128839.981,-205809.5392,2
126356.609,-252431.9631,2
125814.0856,-219359.4092,2
130489.2966,-249652.6008,2
130595.8152,-252116.0619,2
130850.3392,-289443.8827,2
130554.6373,-210051.3731,2
131844.5502,-37765.8368,2
132308.7576,-249083.0192,2
131645.8989,-205837.1067,2
132341.1576,-249110.9395,2
132420.7323,-249208.5889,2
132451.1117,-249267.8578,2
132140.3505,-248101.5539,2
132579.6015,-316824.5825,2
134163.6937,-249575.5456,2
132234.9177,-208672.716,2
134300.3918,-249474.2848,2
134465.1282,-249395.5013,2
134497.5474,-249346.5704,2
132112.3846,-212344.7308,2
134524.0147,-249281.5485,2
134575.7305,-249091.5853,2
134669.3248,-249000.6818,2
114008.9685,-102632.0183,2
134712.0823,-249322.7234,2
134797.7159,-12569.3205,2
134714.7391,-22472.56,2
134834.2817,-249987.3008,2
134877.981,-12569.1215,2
134981.3599,-12534.8081,2
135075.5902,-12504.0244,2
135159.4826,-12472.6626,2
135248.2805,-12440.3289,2
135097.4976,-92776.7325,2
135629.9724,-2674.4591,2
135047.9675,-109092.4007,2
135355.0059,-304442.3517,2
136130.7459,-250671.7815,2
135689.5826,-251475.1893,2
136606.5873,-251558.2686,2
135580.1493,-256417.6629,2
127098.5628,-203405.618,2
136879.2249,-276757.8546,2
136278.1592,-11375.3814,2
136322.272,-315657.9897,2
137381.3574,-107925.2865,2
138318.5326,-38324.0958,2
137957.4086,-298646.7849,2
138587.9055,-318765.7176,2
138090.8624,-105893.1621,2
93100.3644,-290798.6643,2
137998.0473,-300968.215,2
139377.0554,-663.1563,2
138902.0556,-22218.9609,2
139985.4378,-1762.1062,2
139659.089,-21586.9454,2
138775.6327,-209552.6336,2
140321.8859,-301103.1398,2
140430.3995,-79236.138,2
138932.4203,-99663.8051,2
141120.3365,-299601.2338,2
141181.8838,-322702.6759,2
141846.4774,-275729.5626,2
138783.4969,-103732.0547,2
142283.91,-10517.6873,2
142214.1629,-12325.9289,2
142366.6901,-10133.9882,2
141264.6795,-3571.3616,2
143261.2027,-9445.8534,2
144081.0423,-278896.0933,2
144246.1615,-279295.8341,2
143848.5071,-213936.8957,2
144160.5343,-294850.8398,2
143798.9936,-311047.3642,2
144804.3153,-13023.6107,2
144853.8134,-315212.515,2
144340.8492,-12108.3264,2
145863.5199,-29334.7935,2
145865.5979,-215659.0206,2
146417.8283,-10134.7314,2
146544.5577,-29931.5956,2
147299.0426,-54136.5957,2
145113.9264,-107030.7784,2
147774.7554,-39508.2002,2
147605.7,-265870.5,2
148105.3384,-39152.4182,2
148410.7781,-269369.5307,2
148425.0189,-39192.2813,2
147325.293,-37611.8308,2
148742.3621,-289062.0784,2
148844.8523,-288938.9618,2
148857.3116,-278097.4813,2
148896.6227,-37807.613,2
149378.0934,-266556.7448,2
149428.5964,-266580.985,2
149435.9301,-37846.9617,2
148770.2001,-38716.7118,2
147186.9702,-294716.6178,2
149537.1838,-266789.1859,2
150299.4745,-269906.8021,2
149904.3122,-323479.0045,2
150144.9522,-37476.3956,2
149340.9673,-212493.2772,2
150792.924,-5055.307,2
150811.7471,-5179.8115,2
150122.7612,-39602.2151,2
151175.1909,-35012.8185,2
146117.7005,-324634.7517,2
151350.5594,-5557.4818,2
151970.4835,-224327.2403,2
152143.5944,-270127.4283,2
151366.6345,-245968.5237,2
152212.218,-270210.2021,2
150437.366,-277599.5556,2
152395.7117,-35243.326,2
151913.5865,-280748.8367,2
151793.6082,-38212.3921,2
152787.3214,-41208.4821,2
153052.4467,-270447.1722,2
153094.5961,-270475.5409,2
153153.6868,-270508.46,2
153027.732,-115691.121,2
153418.5132,-288796.1678,2
153672.4174,-288796.5,2
150565.716,-104380.488,2
150474.4639,-113754.7081,2
153702.921,-15458.8938,2
152376.7915,-312144.9186,2
153915.432,-33609.9824,2
153289.1758,-36550.0723,2
154183.1186,-37250.4955,2
153318.6699,-212274.7029,2
154010.4173,-328063.7481,2
154196.147,-98058.3509,2
153618.2276,-284413.5961,2
154724.6494,-111048.338,2
155100.0277,-22338.5468,2
155762.9485,-1965.0042,2
155969.4732,-196756.3207,2
156055.8682,-33114.18,2
156346.3273,-35897.7718,2
155907.6577,-281926.4891,2
156226.537,-46234.7712,2
156556.7246,-35904.9026,2
155725.2343,-2231.5743,2
156642.3181,-2391.794,2
156634.5009,-2129.5572,2
156759.6136,-35832.9655,2
156851.0981,-97531.9012,2
156967.9326,-97536.4083,2
156727.5435,-3287.0834,2
157040.3215,-97473.4672,2
157541.0995,-38354.9962,2
157659.8674,-38160.3553,2
157631.8212,-10377.351,2
157944.4071,-95663.2282,2
157783.6917,-38859.3022,2
158054.2118,-97596.0924,2
158105.3739,-11797.4035,2
158564.8904,-39089.5224,2
158606.7209,-94701.6617,2
158122.3794,-2464.5126,2
159229.9436,-96887.4978,2
159546.5708,-252427.6475,2
159451.7387,-97986.9517,2
158672.8083,-196930.2124,2
159899.9183,-54875.7441,2
160474.3119,-99232.2315,2
159833.3965,-26760.9066,2
160708.9613,-132203.6279,2
160820.0706,-271656.2357,2
156110.7763,-220419.5874,2
162169.2113,-130329.9635,2
161129.7174,-254004.8394,2
161549.9459,-262998.0194,2
161270.708,-210432.4336,2
164133.4685,-47058.9267,2
160764.5888,-326437.5327,2
162448.5085,-113525.8739,2
164292.0777,-278389.1485,2
165099.0501,-47347.5634,2
164817.9198,-314051.1737,2
167103.7596,-130079.8115,2
166781.7275,-39821.7566,2
166836.5192,-308170.7938,2
167529.4273,-41257.8094,2
167647.5989,-269339.3666,2
166858.0185,-11340.0435,2
168779.6485,-131074.4297,2
168131.4401,-308741.4977,2
168845.6963,-39015.0691,2
166634.0114,-669.9136,2
168187.938,-197773.6875,2
147836.0393,-123832.6128,2
168766.4352,-208997.6429,2
169060.6339,-131385.9665,2
169756.7048,-117407.4632,2
169243.1615,-313277.6556,2
170457.8832,-216030.3258,2
169642.515,-39542.8415,2
170490.745,-40150.5663,2
170491.5887,-40291.1381,2
170471.9096,-40594.1849,2
170515.5967,-39028.8182,2
170565.3993,-40910.0501,2
170766.0256,-120163.4615,2
170951.3331,-41117.7297,2
171061.5917,-39020.0269,2
171561.6567,-122033.1408,2
171684.3518,-38577.3769,2
171717.7698,-41251.083,2
172072.8962,-41994.8427,2
172165.793,-42323.4856,2
168780.6893,-325561.9601,2
171490.7675,-213397.2538,2
172472.5942,-39747.2771,2
173083.1891,-42289.357,2
172919.0289,-120615.5185,2
170392.2442,-209961.3067,2
174207.597,-207523.1956,2
174822.347,-8833.8574,2
174786.3561,-26490.0935,2
175361.2815,-213992.2689,2
177167.4689,-36366.9901,2
174284.0793,-196420.9101,2
178668.1732,-19164.9493,2
178677.5539,-10730.9767,2
179107.8116,-11190.5601,2
168821.8752,-218410.4325,2
179247.8797,-20852.3199,2
179559.4144,-36024.271,2
179571.748,-11009.9022,2
179839.6034,-21301.1433,2
180144.0565,-12629.1702,2
180139.0017,-11927.5776,2
180147.6567,-11472.6337,2
180255.0283,-12670.5184,2
179795.4602,-24997.6265,2
180490.6843,-25665.0021,2
180511.1864,-132389.5595,2
180536.2535,-132301.8969,2
180665.5954,-132438.2888,2
180690.5311,-25137.4475,2
180469.0596,-20257.6021,2
180937.1407,-132577.9843,2
181345.7958,-25411.0296,2
181046.5216,-12092.4662,2
181067.7101,-294246.271,2
182196.6677,-22151.9681,2
177441.4669,-129974.5545,2
183939.7619,-128310.2381,2
184870.1596,-253287.7537,2
185023.0435,-56056.9565,2
185503.7739,-288811.1217,2
186507.0542,-37436.849,2
184919.9574,-35891.573,2
187484.6861,-36617.3171,2
181300.539,-274420.5822,2
187829.8665,-301458.9235,2
189026.8512,-9483.6163,2
189060.0042,-9473.2489,2
187900.4553,-135110.4636,2
189256.1549,-9898.2019,2
189418.6277,-131438.8314,2
188086.2766,-136752.0116,2
189807.4624,-305280.4742,2
190064.559,-6483.0475,2
188414.1038,-144338.1502,2
190262.415,-13981.6379,2
190380.9225,-14520.9518,2
189609.9265,-48707.6267,2
189105.315,-140085.7968,2
190996.6853,-83820.5962,2
189044.0717,-132377.145,2
189621.8735,-36181.8685,2
188507.0791,-141834.9535,2
191226.2822,-13214.6274,2
190491.2092,-143695.6099,2
190763.9484,-85077.6217,2
191378.5629,-33177.8053,2
192623.2714,-151322.0368,2
193052.96,-150255.2318,2
193013.7359,-150642.8826,2
193904.4722,-204756.9253,2
193981.0712,-204661.6719,2
193800.0199,-10832.9557,2
193554.9491,-727.4772,2
194647.5607,-14353.1881,2
194280.1267,-294172.0643,2
193768.321,-148926.3368,2
193319.2348,-132795.158,2
195799.6773,-56141.6901,2
195699.4836,-3484.874,2
182812.7111,-142270.6997,2
196305.3856,-35005.6135,2
196799.9695,-33737.8292,2
185957.3706,-18884.6628,2
196905.2033,-142351.9632,2
195172.4535,-143612.2896,2
197169.0605,-142397.8032,2
197379.6517,-204059.3675,2
194734.0289,-150154.3458,2
197474.8532,-221585.5732,2
196777.5921,-692.8428,2
197786.2745,-247152.3603,2
197930.5817,-54695.6941,2
197963.9549,-54720.796,2
193649.8381,-33094.8474,2
198152.8361,-55684.6499,2
195684.7202,-54092.5381,2
198212.442,-32609.029,2
197598.0284,-309669.6541,2
197887.32,-247569.1961,2
198305.6806,-56164.7263,2
196745.2589,-276042.4112,2
199275.0362,-273072.8412,2
199211.9064,-55681.5483,2
199444.7463,-273062.3201,2
199500.939,-273030.6028,2
198778.8395,-43693.7342,2
199703.0292,-272927.7891,2
199960.6736,-272940.7339,2
191314.8703,-210236.7113,2
200135.7128,-272934.8844,2
198905.7936,-2258.6726,2
200564.4805,-293886.2084,2
200535.977,-204527.0374,2
200686.742,-204671.0084,2
200708.2841,-205015.0409,2
200537.0225,-272909.7958,2
200844.6972,-272961.1802,2
200908.3659,-35603.691,2
200924.0662,-272918.5812,2
200978.4748,-272885.9992,2
199770.7341,-141447.0986,2
200072.5748,-294906.2207,2
201012.6016,-272858.9204,2
201097.0649,-279587.5833,2
201025.0276,-279761.1848,2
201235.5349,-272824.7488,2
201079.3485,-315153.3186,2
200930.3437,-280715.2188,2
201180.2822,-42230.0436,2
145624.9767,-196052.9291,2
201493.3841,-199887.3722,2
201887.7307,-280006.0755,2
202214.4321,-280107.3526,2
202695.609,-16668.9736,2
202696.7363,-273264.0776,2
203084.4256,-13202.9524,2
201557.907,-270640.8618,2
201854.7841,-149936.7774,2
203105.8245,-27207.8602,2
204133.9462,-25301.8596,2
204244.2447,-33134.82,2
204245.0128,-33059.3898,2
204245.9284,-32969.4842,2
204466.5894,-309623.1959,2
204476.3379,-309237.9151,2
204744.6132,-17816.6482,2
204831.5291,-275507.3032,2
205017.4369,-279516.845,2
205046.1277,-17572.829,2
205044.3163,-17306.6765,2
205072.8432,-274633.9785,2
205104.4633,-275287.753,2
204937.7918,-22341.8658,2
205161.1125,-279183.6609,2
205380.2058,-188206.7863,2
205739.6675,-298919.9875,2
205723.6575,-17514.0694,2
205803.9109,-276520.5221,2
205864.5543,-188186.3981,2
205304.281,-193491.089,2
206292.3148,-30096.5229,2
206286.5966,-188185.4832,2
206579.3452,-188159.6587,2
206674.9929,-188446.1317,2
206705.0612,-189254.2703,2
206708.2505,-189494.0621,2
206385.3428,-297162.0324,2
206733.5935,-190001.2738,2
206738.8846,-190233.1074,2
206760.6883,-190621.5173,2
206766.6994,-191043.3842,2
206920.6871,-188160.3121,2
207279.2076,-191313.7778,2
206128.7568,-145958.9383,2
207841.1983,-29803.7279,2
207294.8353,-191969.3859,2
208211.1404,-98122.1796,2
208446.3143,-197330.3979,2
208614.7256,-192093.6144,2
209213.706,-191440.4707,2
209481.9864,-190996.7324,2
209515.9848,-190945.0085,2
209543.6621,-190911.4669,2
209245.3095,-20260.9439,2
209603.7571,-31891.5887,2
208857.9306,-101626.028,2
208926.1619,-195537.7751,2
209730.3538,-215540.0462,2
210472.9681,-18920.962,2
210307.5054,-32984.622,2
212142.37,-4026.1627,2
212309.733,-173969.7244,2
212288.0347,-4082.723,2
212105.1252,-278861.7755,2
212515.774,-279128.3419,2
212550.1497,-279207.1672,2
212625.8104,-279294.1458,2
212857.661,-278288.1176,2
212935.301,-90310.7298,2
212963.1976,-3745.4705,2
213224.006,-296777.6205,2
214493.6901,-78131.7225,2
216050.8791,-43213.4176,2
216684.8155,-7229.8326,2
215033.2347,-82651.1696,2
214810.9918,-37423.381,2
218234.9664,-32724.4792,2
218283.2022,-34102.463,2
219668.0197,-18871.9734,2
219178.0899,-18404.6207,2
219934.921,-188404.3645,2
220156.412,-18622.3628,2
219172.0883,-39229.4718,2
221032.8149,-12295.3256,2
220967.4527,-767.5428,2
221433.2821,-11949.0156,2
221396.908,-322.782,2
221020.5383,-38362.7833,2
221672.7924,-11397.3572,2
221938.324,-11145.6577,2
222154.4022,-36098.4028,2
221109.1193,-286746.6498,2
222209.3434,-35602.8754,2
223540.9293,-12883.2495,2
222710.5212,-13665.086,2
223647.3057,-18108.4063,2
223560.5329,-19631.6277,2
224085.8212,-17160.979,2
221360.446,-220008.3958,2
223432.9742,-290982.8037,2
224893.5521,-17528.465,2
225930.8715,-1156.3681,2
226641.1162,-337653.3366,2
225513.3525,-215419.5795,2
226611.9398,-18453.7324,2
227855.3397,-19955.873,2
227472.4419,-493.203,2
228271.0976,-21027.8942,2
227453.3084,-20418.9977,2
229200.8423,-16619.0071,2
228739.6335,-220281.1453,2
227815.0004,-309871.9069,2
230092.5066,-16606.4539,2
230349.6187,-1627.1589,2
230411.5487,-341868.8917,2
229157.3407,-312433.4674,2
229591.0152,-799.954,2
230912.6239,-347639.4243,2
230914.283,-3722.4696,2
230466.0667,-164680.9467,2
230868.5258,-342443.404,2
229759.921,-292647.4939,2
231554.9369,-23434.2784,2
231405.0,-107834.6703,2
231764.9883,-23441.8276,2
231525.2953,-161084.5571,2
231903.0004,-23361.9099,2
232156.2976,-347948.5203,2
231998.7174,-342876.4662,2
232020.7054,-343702.7125,2
231913.0175,-2825.6265,2
231941.1346,-191732.25,2
232623.4936,-81187.185,2
232167.5959,-25013.2757,2
232767.4934,-343113.8393,2
232766.4287,-342667.5395,2
233005.8427,-347646.0012,2
233008.6177,-177061.5797,2
232639.279,-341644.6034,2
232699.5205,-107177.1918,2
233155.6373,-177123.5042,2
231592.0137,-346481.1383,2
232469.3994,-293064.0229,2
233706.335,-344496.2395,2
233529.3028,-3710.3816,2
233617.7533,-38966.7624,2
234406.1271,-307947.2564,2
234618.275,-307956.0835,2
234716.1441,-307919.6873,2
233772.7208,-165025.9965,2
234881.5671,-300825.3722,2
235134.1163,-292245.2674,2
209228.5529,-9755.6891,2
235605.653,-1938.9436,2
236993.4932,-107144.9543,2
237984.4789,-36610.1588,2
235095.5226,-161966.117,2
237477.4896,-280435.0559,2
237451.4326,-163282.4831,2
233377.1085,-73874.7366,2
238664.6566,-29976.0702,2
237562.8333,-100211.3,2
236962.0776,-169119.0842,2
241082.1096,-39457.5283,2
240602.8869,-174352.1352,2
242733.6246,-347191.9292,2
244670.9925,-167809.9765,2
243423.8812,-297099.6867,2
244151.4083,-221550.1964,2
246301.3418,-178725.3017,2
243964.1127,-307552.4911,2
246307.6501,-351252.5454,2
246626.4828,-187310.7486,2
246838.9126,-186988.639,2
246958.8623,-186838.5761,2
246328.4414,-231367.5946,2
247451.1425,-350098.1613,2
247493.8831,-152465.3974,2
247785.098,-190732.0564,2
247875.0877,-190731.123,2
247019.6153,-220603.3898,2
247789.0054,-164364.0323,2
248721.7556,-361566.2696,2
248682.0046,-645.076,2
249913.4649,-186231.4944,2
245195.2781,-37661.7624,2
249155.5209,-229827.9377,2
250381.3295,-40529.0253,2
250171.7467,-2854.7958,2
250886.1337,-340176.8909,2
250554.0249,-5034.6036,2
249326.3021,-178453.3061,2
248824.062,-317340.7381,2
250778.2677,-314320.2047,2
250389.5679,-309309.2573,2
251819.7738,-180040.6721,2
252088.1868,-188968.6949,2
252146.4917,-179636.8155,2
252545.5421,-358467.0074,2
252447.0398,-357942.031,2
220191.5878,-168544.6405,2
252756.728,-186488.7408,2
250578.1637,-281298.1393,2
252989.9715,-358659.1378,2
253030.8935,-105409.4204,2
253200.859,-105302.5072,2
253200.2824,-357955.9096,2
253929.3923,-356879.9881,2
253104.1244,-308953.4915,2
254878.0435,-48675.9783,2
254783.5045,-105620.3917,2
254218.404,-283023.5945,2
254832.7087,-76737.9751,2
255458.1296,-365835.1087,2
255717.0748,-185653.7132,2
254352.7854,-360402.5285,2
254796.4239,-15262.8712,2
255448.2462,-103574.658,2
256223.7614,-183087.8079,2
255901.2215,-365817.9466,2
256160.2452,-365188.1034,2
251659.2893,-80218.0534,2
254370.1875,-363552.3865,2
256390.6968,-179272.5511,2
255521.1538,-315928.9474,2
257022.3985,-283116.7312,2
256797.2796,-15967.3669,2
257614.2469,-182785.3292,2
257643.3394,-182816.3273,2
257105.4322,-169036.9896,2
257672.3684,-182847.3528,2
257591.1819,-370522.5279,2
257701.3151,-182878.53,2
257730.2617,-182909.7075,2
257863.6512,-183053.1567,2
257925.1901,-183079.471,2
257993.3432,-183057.1627,2
256994.2285,-184365.7059,2
257088.2369,-283753.6837,2
258198.7344,-9364.1469,2
249166.5232,-97941.4347,2
257110.1436,-230231.7962,2
258518.7972,-16120.1571,2
258505.3624,-15546.5971,2
258613.47,-17195.7377,2
258619.4083,-10369.6829,2
256834.5361,-290490.0276,2
257651.8287,-158379.3682,2
258265.7768,-284837.0963,2
258823.1897,-78778.1897,2
259019.1464,-365590.552,2
259338.0172,-187826.9936,2
259435.66,-187798.8283,2
259572.1356,-187767.3558,2
259145.9689,-80089.7751,2
259414.9035,122.9864,2
259788.144,-369087.4931,2
255016.0812,-305380.2137,2
260067.5391,-187794.4902,2
260267.233,-367525.997,2
260395.1844,-367334.3698,2
259837.4809,-172236.7189,2
259634.6192,-368193.6899,2
260218.1206,-350861.7376,2
259708.3211,-310106.9679,2
260280.4132,-18550.9535,2
260458.7987,-11959.2582,2
261104.3226,-200742.2903,2
261413.4152,-7956.0902,2
261536.1129,-367963.2897,2
261658.0863,-367829.9399,2
260706.0634,-317734.6605,2
261973.0549,-20710.1664,2
261174.8208,-230639.8835,2
261765.4261,-19737.938,2
262280.9323,-20628.4438,2
262449.5884,-20710.2193,2
261570.0187,-348775.6403,2
262023.313,-314332.5693,2
262015.484,-15400.1737,2
262011.066,-308100.1651,2
258471.3038,-45282.6768,2
263010.5595,-7341.9274,2
262237.6291,-186914.6776,2
263473.0752,-198868.2213,2
263448.038,-204838.481,2
262969.9363,-161104.7771,2
263668.3917,-31008.3619,2
263396.5942,-231287.8019,2
264217.6979,-5129.9779,2
264617.7889,-4725.0457,2
264517.5884,-7655.1649,2
264061.3329,-316177.6422,2
265031.2955,-187524.9555,2
264733.8451,-350330.7475,2
265375.5168,-27960.1817,2
265505.7679,-188384.0438,2
265564.756,-188734.6829,2
264373.7805,-161085.006,2
262960.8301,-56837.302,2
225673.4971,-206041.8343,2
265529.3702,-2952.8073,2
265520.0049,8.21,2
266228.059,-20869.9939,2
266245.9015,-19654.4895,2
265131.6449,-228628.4856,2
266626.0829,-13795.2723,2
266918.6183,-182459.556,2
267003.7354,-56973.7452,2
266598.0,-155467.896,2
267039.9252,-59464.0816,2
265178.9868,-34016.4508,2
267293.9805,-190680.7921,2
267295.5745,-180066.5397,2
267305.7045,-100451.3113,2
266704.9413,-29925.8834,2
267432.4914,-180097.3007,2
267534.1849,-179875.0801,2
267565.473,-179845.657,2
267498.9988,-58019.0438,2
267595.1292,-179812.1375,2
266511.8717,-10429.3427,2
267441.4987,-20865.6945,2
267456.8447,-19652.6916,2
266923.3114,-228692.8424,2
267213.8045,-56976.9358,2
268248.6069,-6346.6632,2
268725.0355,-58216.0455,2
268556.5248,-28179.3223,2
268583.6125,-46467.3114,2
268621.1524,-18310.0909,2
269047.7535,-9940.1983,2
268843.9957,-14586.0592,2
269053.311,-7582.2459,2
268433.6513,-316482.8571,2
268597.5199,-23692.3284,2
269474.7247,-23024.8861,2
269368.9087,-44853.0646,2
269313.8874,-18288.648,2
269379.0609,-47666.1697,2
268815.1411,-57577.1961,2
267670.2588,-367975.5384,2
270106.6018,-30354.4409,2
270199.1483,-53043.4737,2
269489.5747,-19098.3295,2
270249.6614,-192841.6918,2
270595.0819,-55698.5542,2
270472.6089,-54406.7209,2
270879.9266,-193867.54,2
270941.3634,-48469.7971,2
269682.3048,-235374.1133,2
271086.5048,-636.5893,2
267745.246,-38380.8226,2
271404.025,-26946.2567,2
259010.4469,-171932.5582,2
272054.4185,-94714.3151,2
271603.589,-44184.8505,2
271630.1726,-25130.361,2
267353.6944,-49726.1157,2
272100.2823,-20664.2876,2
272643.6886,-93690.3762,2
270605.3885,-84854.8381,2
272816.1333,-85265.322,2
271527.6131,-318166.5193,2
272850.5489,-93685.6098,2
272997.8948,-95729.2169,2
271631.4811,-34688.2768,2
272816.8314,-27147.1917,2
273270.0833,-34238.1385,2
270304.142,-301606.5395,2
273731.4611,-33429.0128,2
273225.6165,-168214.2104,2
267505.7065,-199497.786,2
273619.0818,-298671.6812,2
273030.0252,-21549.3129,2
273004.1654,-308023.8479,2
274005.0072,-26131.9622,2
273921.2428,-81446.4925,2
274222.8128,-42020.307,2
273862.9536,-49474.5554,2
268375.3342,-220322.5898,2
274635.0579,-48929.1017,2
273989.3407,-60603.956,2
274623.7645,-44357.1055,2
274822.0176,-40396.521,2
274256.6358,-85453.6274,2
275026.5139,-44747.6438,2
275243.1396,-85466.5832,2
274469.1778,-226382.9503,2
274720.0844,-90314.6779,2
275700.3178,-42717.7701,2
276092.9731,-41149.5834,2
274402.6201,-8351.6245,2
276480.4546,-44966.4901,2
276782.3644,-298425.1358,2
276453.0255,-54495.3574,2
276559.8557,-19335.5383,2
276572.5378,-29037.837,2
276188.8731,-299274.9602,2
277941.7076,-299159.6826,2
277802.6452,-200582.8964,2
278072.8269,-200816.9559,2
278102.2519,-200847.6182,2
276033.8117,-312098.9287,2
275922.3313,-307364.8967,2
276991.5628,-85696.053,2
277652.3516,-141371.9708,2
277768.0489,-370400.1204,2
276884.5793,-320802.4943,2
277583.6266,-56774.7696,2
278558.4342,-202514.5375,2
278747.1312,-202603.0988,2
278877.5116,-205908.3178,2
278939.8471,-205822.1819,2
278026.5389,-202206.4761,2
279136.4191,-202920.4668,2
279170.2322,-203265.3163,2
279026.5838,-87409.4509,2
278746.9385,-206715.2832,2
279334.6354,-87455.3322,2
279174.8206,-14481.1821,2
279222.4248,-96546.2303,2
279568.8871,-9417.4098,2
279846.2367,-87626.4204,2
279895.1918,-87670.5937,2
280511.0258,-153611.5317,2
280184.2617,-143549.1263,2
280438.219,-41646.9702,2
280124.6265,-11795.2365,2
279261.5728,-216603.312,2
281166.7459,-153486.4775,2
278941.3713,-39264.4741,2
279685.9096,-372292.8229,2
280519.0439,-317547.8668,2
279638.9296,-354438.5689,2
281177.0475,-47283.5537,2
281401.4119,-14492.4907,2
282190.7991,-46529.0084,2
281708.7192,-172775.2463,2
281641.5956,-3461.8647,2
282501.9931,-29641.3219,2
281764.2632,-364362.2297,2
282544.3263,-40146.111,2
282592.5521,-46115.8472,2
282069.6128,-366490.4298,2
282819.4557,-4211.5138,2
281775.2982,-359861.5805,2
282938.9197,-39542.9553,2
282979.3187,-45684.2572,2
280836.2595,-324452.0594,2
281984.5008,-308104.2691,2
283689.2661,-41611.486,2
282713.9364,-362446.7927,2
284102.6015,-205683.295,2
284203.6915,-2984.2448,2
284064.1179,-316890.1001,2
283807.8056,-314392.5392,2
284374.1953,-320256.4622,2
285202.9675,-38485.85,2
285229.9732,-39693.6811,2
285316.381,-34924.6051,2
285075.9004,-70812.5758,2
284953.2444,-68544.0245,2
285685.1213,-67634.6601,2
285623.0531,-14480.2232,2
283528.5885,-36592.5231,2
284907.0965,-354461.3952,2
286335.0181,-71899.5763,2
286233.3141,-67377.2103,2
286185.6167,-7435.1534,2
286416.8446,-38483.3377,2
286431.274,-12269.651,2
286443.0273,-39693.3883,2
286594.6518,-66900.4601,2
286161.8183,-233.6715,2
286187.2795,-9642.8411,2
286902.7429,-32061.2741,2
286926.829,-36524.2348,2
287032.612,-66594.2959,2
286102.7708,-57641.4096,2
287304.4721,-41702.5336,2
286780.1776,-45632.7319,2
287505.7937,-66178.754,2
287702.4586,-351176.7218,2
217384.1341,-321699.6826,2
288040.4772,-65742.6379,2
288248.7825,-60284.9429,2
286933.0414,-59582.5024,2
286813.0516,-369993.7122,2
288371.0581,-369958.2891,2
284211.6197,-66234.9224,2
288357.9172,-65418.2058,2
287519.2515,-310953.8841,2
288438.6791,-59830.6888,2
288242.3527,-22137.2398,2
288490.8701,-24759.393,2
288537.4803,-43277.7795,2
288743.5971,-51713.4233,2
289005.5438,-64978.5777,2
289304.953,-64915.9201,2
289005.5556,-60254.2031,2
289230.4083,-16322.9737,2
289339.9966,-248031.2768,2
289620.1407,-244829.9738,2
288895.3502,-243909.0504,2
289694.3524,-244866.3573,2
289738.9899,-59664.1495,2
289693.0041,-60457.3225,2
280665.4263,-50284.19,2
290020.9892,-244943.333,2
290002.7527,-1604.0245,2
290022.4973,-10699.6935,2
289849.6956,-64625.3023,2
290099.0118,-23136.5928,2
289591.6974,-61675.3414,2
289708.4374,-36885.2686,2
290656.743,-47642.9666,2
289966.7946,-247022.6069,2
290848.0496,-21535.4132,2
290125.8679,-41575.3766,2
290974.7839,-37293.1667,2
291333.6413,-245024.36,2
291249.8859,-17163.235,2
290607.3573,-55677.6872,2
291383.3964,-132596.0779,2
291209.0564,-243857.1499,2
291371.673,-246036.734,2
291771.5254,-245505.0604,2
291056.3229,-14523.0823,2
291167.8266,-33854.4525,2
291564.2171,-38099.195,2
291997.2167,-204099.1874,2
291682.594,-204736.5604,2
292090.4813,-205275.2166,2
292065.7152,-205450.7398,2
290341.8814,-456.5397,2
291926.1779,-244677.6429,2
292486.5273,-202604.1744,2
292457.8832,-17174.6215,2
292688.8984,-60203.9781,2
291395.9657,-23888.9093,2
292530.1352,-39657.5212,2
292814.7394,-204818.5012,2
292642.9962,-202480.4369,2
292823.7122,-205384.502,2
292918.3606,-204815.4438,2
292776.2929,-34031.3189,2
293105.3983,-48952.7181,2
292519.1703,-42682.6545,2
292932.8729,-60385.8892,2
291573.6126,-53919.5687,2
293757.5278,-59941.6269,2
293953.75,-200215.5366,2
294128.372,-45409.5716,2
292745.3014,-8442.2868,2
294297.903,-48695.8423,2
291976.4282,-58224.8077,2
294592.5672,-58066.8035,2
294022.9425,-46721.1526,2
294864.0603,-58324.6128,2
294653.4662,-54530.3907,2
294383.1801,-50876.093,2
295279.2181,-12340.8379,2
295432.225,-34799.2317,2
295618.9811,-66415.0566,2
295754.6882,-36911.8196,2
293796.5848,-65494.0471,2
295675.9644,-5674.6415,2
295582.1658,-39064.5035,2
295852.3912,-55971.9596,2
295668.6062,-59434.8676,2
295629.6359,-48586.3648,2
295047.024,-63293.0157,2
296541.2254,-61360.537,2
295590.4571,-343947.7859,2
296577.7559,-61412.8507,2
296605.6281,-61445.556,2
296581.5394,-64270.7083,2
295829.4922,-301.7054,2
295982.9934,-25713.7992,2
295996.3696,-28946.9593,2
292925.834,-44652.1685,2
296643.4174,-35205.301,2
296682.2164,-50891.2712,2
297032.4274,-65155.8156,2
297064.0426,-65238.0554,2
296673.8608,-5042.207,2
296893.4864,-15978.6652,2
297092.0431,-65304.8129,2
296892.0092,-17165.7258,2
297098.7606,-62912.3988,2
296776.039,-23613.0062,2
297140.5275,-65622.4498,2
297078.712,-37204.6793,2
296861.2119,-181271.1356,2
296482.8265,-54287.0615,2
295535.98,-9868.7481,2
297013.1217,-43577.7483,2
297185.5602,-67621.478,2
297421.0552,-31957.7728,2
295645.8799,-294191.3462,2
297821.3501,-31551.702,2
297847.6508,-34786.5674,2
297646.0926,-46293.8593,2
297985.061,-22657.5549,2
298273.8579,-103302.5199,2
298589.1288,-21846.9958,2
298625.4831,-39639.2953,2
298850.0645,-302999.2268,2
298598.5018,-100727.1131,2
298905.7925,-48017.1763,2
299067.3015,-48024.7379,2
298363.5058,-50666.6679,2
299302.9155,-14397.8404,2
298922.9661,-19384.9805,2
298321.8486,-168513.6104,2
299483.2328,-46803.6972,2
300090.0848,-47185.9573,2
284577.5445,-180657.1998,2
299576.9663,-171508.7079,2
299377.9217,-320336.8645,2
300445.4937,-47592.5413,2
300444.6224,-199648.7425,2
299907.328,-303884.7969,2
299807.0023,-170273.9495,2
300505.8271,-241834.8334,2
298183.1687,-63285.8725,2
301088.3352,-51063.9907,2
301000.9441,-52882.173,2
301385.2619,-50253.4122,2
301410.6911,-53325.8337,2
301404.3008,-53592.3387,2
300646.0338,-54390.4619,2
300872.4246,-33750.3189,2
301682.8836,-58589.6168,2
301537.5625,-37181.3927,2
301605.825,-50180.7187,2
301092.7328,-62601.5769,2
300999.4345,-7422.863,2
298181.3861,-41517.6832,2
301891.3618,-327958.8081,2
302053.7057,-58879.5546,2
300701.9924,-43767.4795,2
300588.0537,-58559.4718,2
302375.1012,-50441.8305,2
302507.7156,-50013.9479,2
302300.2121,-2261.453,2
302071.513,-240262.0792,2
302453.9903,-298184.5102,2
302752.4342,-54743.4421,2
302851.3868,-55650.0707,2
303330.5921,-328193.9881,2
303227.6455,-54795.7829,2
302200.8215,-237095.065,2
303469.1787,-298179.2493,2
301473.6647,-322621.864,2
303934.9027,-247375.4492,2
303139.5132,-33023.028,2
304131.1613,-247403.54,2
303770.0832,-43871.5343,2
301938.1866,-15475.0952,2
304056.1861,-20985.395,2
304543.8858,-298281.8877,2
304545.9798,-21586.8881,2
304458.7072,-60959.472,2
304305.3617,-298671.583,2
304685.1819,-298244.2932,2
304970.6165,-57090.6533,2
305017.4516,-247797.1935,2
305247.6446,-67339.4375,2
305583.8342,-229528.6858,2
304529.8027,-246652.1962,2
305589.8981,-25846.5781,2
305722.8554,-59987.5952,2
305775.0432,-65378.7426,2
305293.7855,-38823.9883,2
305639.3994,-47989.834,2
305956.2669,-49865.7247,2
305573.8342,-317.4361,2
304999.2379,-9863.8977,2
306372.4859,-41232.9865,2
306504.1595,-72350.8892,2
306619.4547,-8759.4911,2
307035.007,-8154.4032,2
306525.7447,-228692.9555,2
307360.0609,-67074.709,2
293361.5343,-327328.0282,2
308156.4334,-48591.0415,2
308070.7133,-50927.4832,2
308447.9138,-42686.2454,2
308276.5848,-66399.625,2
308289.4366,-66925.8042,2
308297.9256,-64301.0531,2
308689.1869,-63743.2023,2
308842.7623,-929.4052,2
308385.5174,-4586.3845,2
308888.2653,-1586.6069,2
308961.0725,-51288.482,2
309158.042,-66761.7695,2
309421.3804,-72560.5504,2
309867.8779,-72665.1846,2
309485.9944,-771.7338,2
310078.2996,-17228.0381,2
309194.6378,-8717.2861,2
309293.291,-326997.5719,2
310670.6916,-2695.0384,2
310315.308,-14603.1877,2
310729.4279,-10052.2811,2
311275.4462,-281007.7153,2
311497.7248,-1476.0967,2
312404.8297,-67753.3472,2
312277.0605,-2908.7332,2
311602.0197,-7709.8879,2
312290.1656,-126246.457,2
311695.4386,-55243.8969,2
312662.5123,-1063.413,2
312838.4608,-85505.7411,2
312760.6215,-67408.0358,2
312621.1765,-123058.9706,2
312556.0079,-68342.837,2
312989.9485,-4829.1941,2
313165.8458,-86877.8407,2
313263.0084,-701.5534,2
313894.3861,-5145.766,2
313630.6189,-337493.4821,2
313695.5168,-66953.9058,2
314370.8189,-79507.3496,2
314290.6478,-8190.4115,2
314669.5903,-71399.9749,2
314583.0388,-55069.002,2
314692.8345,-68040.652,2
314799.0813,-82247.1705,2
314826.0146,-82636.2015,2
314545.7369,-88629.2929,2
314622.6789,-68633.4676,2
315166.2967,-53985.3249,2
315292.5142,-53981.7943,2
315123.9148,-87628.8416,2
314984.9264,-303979.7606,2
314298.3181,-71365.7595,2
315293.3026,-6778.0461,2
315393.4842,-54641.6576,2
316075.1816,-5975.3064,2
316071.516,-108682.8029,2
316536.4597,-75132.0606,2
316487.1855,-301990.6289,2
316977.1588,-55112.5106,2
317485.2377,-5167.5457,2
317302.4159,-7773.2914,2
317596.0442,-54815.8537,2
317860.1332,-5574.5008,2
318264.6752,-105174.9392,2
318091.381,-116271.4981,2
318440.0235,-105159.9501,2
318383.008,-145092.9681,2
318725.626,-105250.3625,2
318592.5053,-104503.5615,2
319199.8408,-40656.1325,2
318668.7298,-5988.1155,2
319081.2673,-10584.5111,2
319112.404,-7569.6266,2
317727.5658,-32.5481,2
319309.6516,-43076.069,2
319771.1831,-82481.0782,2
319930.1184,-8378.3652,2
319934.605,-343.2418,2
320332.8798,-68655.1362,2
320444.9296,-105812.0167,2
319923.7723,-9379.6886,2
320433.026,-68457.2132,2
320842.6086,-56792.5374,2
320128.294,-4921.104,2
320723.6027,-962.3709,2
321180.357,-68402.8985,2
321166.6159,-68550.4821,2
320808.2395,-106207.6103,2
320396.6804,-81315.0991,2
321254.1039,-67747.6052,2
321102.1873,-6410.4959,2
321120.6264,-7197.0258,2
321296.0056,-65227.7685,2
321139.916,-8580.1007,2
319579.8343,-321222.1417,2
321402.9615,-64255.2647,2
321590.3624,-116941.437,2
320262.5615,-104752.2658,2
321718.7893,-104174.5082,2
321531.7472,-79170.4878,2
320857.0146,-119895.7626,2
321872.9892,-79627.4366,2
320338.3541,-130796.7834,2
322019.8001,-79410.6775,2
322174.8399,-79715.0595,2
322365.0875,-120167.0726,2
322153.2243,-8783.5861,2
322583.7438,-120190.9345,2
322319.5761,-88657.514,2
321970.255,-3026.2345,2
322338.9775,-93259.1319,2
322255.4921,-84231.0891,2
323167.7925,-94200.7646,2
322274.4986,-94467.1648,2
323168.6921,-8990.8214,2
322646.0418,-112626.1039,2
323537.6879,-36858.3735,2
323690.5875,-102943.1175,2
323648.6597,-118024.6965,2
323565.3406,-23603.2191,2
323364.6461,-114517.7304,2
323948.5999,-15531.0984,2
324038.9832,-103898.3877,2
324404.9063,-104529.0563,2
323777.3163,-64548.2297,2
324595.311,-104631.5222,2
324579.0572,-63225.2399,2
324824.2322,-96375.0408,2
322037.4189,-139982.0721,2
324821.2794,-96547.9372,2
324682.7819,-62162.799,2
324879.045,-2568.1447,2
323562.216,-117418.1868,2
325063.3983,-112633.4254,2
324907.7311,-304542.64,2
325373.0572,-97713.7164,2
325296.0362,-106013.2405,2
325632.9238,-88045.5203,2
325384.416,-1669.9912,2
324586.8574,-10445.8132,2
325765.0772,-97370.2268,2
325840.0472,-98007.0242,2
319738.3367,-93426.8967,2
326089.1136,-1773.0737,2
326685.1331,-142285.3334,2
326322.1327,-29627.1232,2
326899.1346,-570.621,2
327089.2581,-63240.0312,2
327014.2953,-96696.9802,2
327354.5084,-36884.997,2
327406.5114,-76228.9404,2
326989.8853,-11746.3341,2
327303.4827,-170.84,2
327200.1192,-27322.1275,2
327438.711,-55201.9453,2
327534.6823,-55533.096,2
327494.6636,-66173.7699,2
327127.2567,-64841.9346,2
327328.5657,-74807.0915,2
327700.1505,-1775.7025,2
327703.2549,-976.3385,2
327093.3211,-79318.847,2
328115.4013,-142301.1448,2
327978.3175,-33099.0744,2
327113.1651,-77132.1955,2
328302.7102,-98212.6804,2
327894.2284,-37008.6839,2
328607.8252,-142254.0102,2
328781.0384,-99141.9524,2
328009.4134,-36301.5373,2
328583.4957,-63391.2021,2
329011.4147,-37233.4406,2
327253.1033,-98443.9814,2
328528.4018,-56342.2598,2
329218.6478,-54134.6173,2
329245.2081,-54316.6325,2
329301.9172,-38182.649,2
329066.3011,-36257.4185,2
328732.9186,-11915.671,2
326231.9912,-143828.435,2
329730.2087,-36548.1843,2
317208.2802,-63558.3575,2
329881.7979,-12006.4527,2
329523.7549,-11465.7948,2
329909.8503,-7221.0638,2
329692.9926,-73001.4747,2
329925.2766,-7170.1707,2
329636.7356,-61390.5793,2
330064.5224,-35905.6144,2
330154.5578,-39255.9902,2
330234.0358,-39479.9276,2
330144.1003,-25976.021,2
330431.3105,-52185.0451,2
329803.5385,-91264.8648,2
329840.7555,-13638.1318,2
329695.1991,-3134.3095,2
330727.3071,-6854.8713,2
330544.6137,-26379.3364,2
329937.9562,-23362.9319,2
330917.6718,-98156.4261,2
330587.1019,-38647.2884,2
330804.4766,-16698.5648,2
331167.8833,-98190.0137,2
330884.7054,-67636.9343,2
331070.6234,-98657.6475,2
331297.4898,-96986.9541,2
330951.3628,-6663.8071,2
330479.7962,-63064.7281,2
331325.7648,-305556.6094,2
331785.0399,-6030.8943,2
331592.6206,-97339.9328,2
330755.2804,-74122.4944,2
331574.0229,-51386.8817,2
332124.0547,-24362.3314,2
332161.569,-6694.4283,2
332129.0477,-1386.6912,2
332310.7935,-18448.0901,2
332037.5426,-26877.5733,2
330361.5014,-33111.5119,2
331815.7769,-99881.5339,2
332230.0388,-107876.5044,2
332511.9804,-74712.2759,2
332550.1718,-3963.0725,2
332700.412,-97072.8994,2
332648.8851,-38643.3872,2
332480.2206,-59585.0045,2
333077.3689,-118409.1886,2
332929.1227,-32811.0078,2
333137.4529,-53760.184,2
333216.4696,-118704.2115,2
333241.8185,-118736.103,2
333333.1405,-118858.4332,2
333438.4886,-118921.4997,2
333053.5471,-99400.0852,2
333302.5155,-25147.7439,2
333505.5546,-100225.1645,2
333304.6749,-97005.6432,2
333253.1952,-74861.8438,2
331428.8929,-96595.6133,2
333651.7168,-119162.3994,2
333697.4613,-119575.2422,2
333758.8699,-96926.561,2
333244.9414,-52588.0219,2
333740.5007,-2783.3263,2
332965.6393,-713.8476,2
334032.215,-14062.5071,2
334188.9496,-71954.6421,2
334546.7442,-31799.9798,2
334549.4798,-26353.0897,2
334792.3805,-14328.7431,2
334533.5121,-6804.0714,2
334625.3977,-97098.9115,2
335319.4783,-9407.2056,2
335369.6805,-32387.9083,2
335371.0253,-2596.5387,2
334474.7143,-28316.2693,2
335579.1365,-96369.2757,2
335621.1056,-11067.5676,2
334804.8454,-8476.9775,2
335726.5373,-97277.1278,2
335888.0332,-46249.1054,2
335926.1031,-11252.0988,2
335553.9919,-10321.7812,2
335749.2953,-5423.494,2
334820.8944,-113870.5399,2
336058.3485,-129993.314,2
336130.5288,-96826.6622,2
336208.6351,-74450.677,2
336093.6318,-9333.1881,2
336476.6929,-74450.8248,2
336705.2498,-74418.5087,2
336040.4525,-7535.5886,2
336779.5223,-35401.773,2
336879.8422,-94815.5627,2
336883.5188,-94975.0732,2
336970.7062,-27323.8136,2
337208.7257,-95514.8695,2
337181.5401,-70274.1002,2
334995.3304,-13463.1304,2
336900.3615,-34974.1634,2
337740.3068,-35403.6435,2
336946.6163,-161146.3549,2
336990.4612,-98134.1899,2
337057.653,-96320.733,2
337849.4894,-12133.521,2
338218.9572,-35035.7465,2
338232.5085,-35340.2515,2
338046.3765,-35660.7629,2
337629.8585,-13338.6809,2
338181.5533,-14448.817,2
338273.7848,-129806.7196,2
337977.524,-31936.5566,2
338368.4831,-97314.1821,2
338566.7936,-98579.7268,2
338761.2882,-54778.74,2
338529.5019,-321215.1375,2
338209.5318,-128533.8687,2
338600.1882,-11967.9841,2
338830.3728,-97642.7548,2
338917.0099,-54148.6988,2
338581.3919,-129322.1836,2
338590.249,-6853.6171,2
339055.2229,-12057.4121,2
339145.8115,-54794.0439,2
338953.9885,-23708.7656,2
339230.0128,-24384.9246,2
339186.8083,-71660.9519,2
339067.9006,-22462.2234,2
339592.6573,-24584.0198,2
339563.7456,-93300.7184,2
339717.6976,-24763.3166,2
338890.327,-11310.0094,2
339637.5481,-26209.8956,2
339155.8673,-330738.6426,2
340011.3775,-28500.87,2
340047.1229,-11518.9698,2
340139.1444,-28857.6207,2
340139.0001,-11496.5923,2
339494.473,-32891.1416,2
340285.3439,-20342.7799,2
340298.4216,-25386.926,2
339912.7663,-22998.0239,2
340271.1337,-56394.3591,2
340244.3695,-15309.4797,2
339598.0612,-4032.0267,2
340216.5995,-1801.5717,2
340328.7479,-27728.1219,2
340321.7729,-26888.7221,2
340487.6618,-64679.9293,2
337672.9814,-73074.86,2
340707.8187,-20402.3709,2
340519.1234,-20882.7105,2
340740.73,-20726.7932,2
340816.8313,-24033.4548,2
340741.1546,-33270.1901,2
340849.6747,-323148.0961,2
340650.3519,-52323.6567,2
340940.3578,-27163.4761,2
340856.6629,-15024.4971,2
339320.6877,-17569.3423,2
339209.0372,-136863.395,2
341170.1634,-26945.8459,2
341339.9057,-16950.4422,2
341419.5616,-316777.8076,2
340133.2229,-18889.3485,2
341513.4524,-17024.3326,2
341524.7569,-16939.9653,2
341499.5676,-25128.594,2
341456.013,-323044.0929,2
341632.1384,-6945.2484,2
341608.4194,-18035.6949,2
341163.2457,-25745.0153,2
341748.0778,-26744.9632,2
341895.0915,-17929.8669,2
341119.1047,-45407.6428,2
341876.2921,-18188.9974,2
341536.6111,-41454.3555,2
341362.539,-19381.674,2
341761.374,-316874.2879,2
340720.0646,-13268.2633,2
341893.2188,-100964.6839,2
340661.1684,-9794.9249,2
342045.006,-100945.6542,2
342137.611,-70664.9918,2
342195.006,-100945.6017,2
341725.7997,-32001.8927,2
342270.0241,-32486.6135,2
341125.4203,-35725.0075,2
342048.1031,-19576.9283,2
342134.8131,-17702.8266,2
341817.1508,-7415.1312,2
341863.7202,-23780.0501,2
342375.0529,-100945.5388,2
342277.396,-55490.654,2
341500.0964,-55088.9012,2
341045.9308,-29727.3787,2
342510.0233,-100945.4916,2
342139.7433,-20665.4278,2
342541.4711,-30913.2474,2
342553.1189,-32659.387,2
342525.8704,-34797.2009,2
342582.7621,-19779.365,2
342151.1815,-92777.7281,2
341006.9174,-99479.0486,2
342551.2459,-13777.291,2
342770.6229,-17938.9251,2
342412.4333,-14442.9575,2
342897.6995,-60279.4158,2
342809.543,-20384.627,2
342701.5428,-38432.616,2
343044.9169,-28180.2451,2
342978.3982,-25892.4201,2
342724.795,-44398.2057,2
342732.7457,-42052.5268,2
343136.7806,-16722.9743,2
343197.6847,-14129.4616,2
343044.6233,-10618.1925,2
343582.3748,-41020.7058,2
343593.6164,-16976.8834,2
343373.4589,-127624.8675,2
343755.2874,-20679.5845,2
342771.0181,-47230.0086,2
343511.6591,-33631.8899,2
343797.4608,-24981.3247,2
342484.4729,-71731.6026,2
344021.6967,-6865.4988,2
344455.6445,-118611.5311,2
344454.1475,-113700.9317,2
344471.2158,-59927.5335,2
343839.0183,-121412.537,2
343448.0944,-52154.9975,2
344299.7297,-34414.6044,2
344642.5069,-3006.0541,2
344576.3367,-27733.4026,2
345124.262,-29770.0209,2
344392.6314,-19142.4285,2
345257.5718,-30378.933,2
344943.3526,-113341.5123,2
345570.2319,-109732.8288,2
341360.3545,-109836.9287,2
346161.7534,-317923.858,2
346192.2722,-64244.3439,2
346273.2246,-30275.8698,2
345786.8024,-7181.5266,2
346678.7205,-29566.8874,2
345900.5737,-31487.7389,2
346695.9421,-29729.7087,2
345882.9471,-50348.6048,2
346528.682,-43308.1028,2
346503.1299,-115729.3264,2
340956.9655,-60480.541,2
346843.8743,-44303.8353,2
346420.544,-114134.5396,2
347042.7356,-44706.5203,2
346904.8116,-36014.6309,2
346658.3891,-60597.7532,2
346957.7854,-318367.0011,2
347052.2729,-42759.7197,2
347844.0027,-32630.2089,2
347536.2403,-33105.2309,2
348036.0585,-31345.7765,2
348273.7027,-318465.0647,2
348534.7831,-318498.1192,2
348871.4462,-47364.6806,2
348202.945,-115588.9786,2
348206.8319,-30177.1728,2
341341.346,-86688.9923,2
347173.8247,-118301.1547,2
349527.3076,-30577.5039,2
349822.8655,-31351.3213,2
349904.3972,-4880.9297,2
349921.0029,-131610.0793,2
350504.2881,-318977.1402,2
346783.1958,-54340.1205,2
349708.9899,-60367.2527,2
350402.1127,-131230.902,2
350683.5108,-319013.7533,2
350731.7876,-319019.5692,2
349695.0429,-40202.2531,2
351022.1795,-7394.256,2
350727.6578,-35808.8704,2
350654.8496,-97768.7318,2
350024.5578,-114396.0513,2
351583.2703,-46135.2026,2
351795.0144,-8116.6741,2
351184.8954,-51650.921,2
351816.6264,-11856.3477,2
352051.8569,-1230.0424,2
352136.6017,-51157.4586,2
352146.1867,-1186.3945,2
352184.145,-50862.0586,2
352217.9071,-50429.0498,2
352340.0781,-70178.9735,2
351541.3547,-38028.8408,2
352207.1646,-11613.369,2
352409.0722,-61069.1347,2
352743.047,-1440.1064,2
353787.9439,-117650.8404,2
353904.3832,-31009.847,2
352829.1972,-115759.1567,2
353752.2264,-31961.713,2
354012.2635,-6860.698,2
353686.5999,-52860.4129,2
351078.2824,-32923.1041,2
351771.3818,-8761.1109,2
355059.7921,-33839.8631,2
354493.2074,-106568.4478,2
355299.8596,-25354.5641,2
354619.4144,-1439.8589,2
355306.8947,-116355.1579,2
355488.9805,-8881.6375,2
355757.9063,-32204.1514,2
354415.7911,-34392.159,2
355617.0434,-76536.3656,2
355974.67,-7649.9852,2
355679.9207,-48084.9317,2
355829.0802,-9321.528,2
355334.3569,-75256.2034,2
355644.427,-37067.9169,2
356430.2769,-53967.0574,2
356517.6855,-36228.5835,2
356520.1677,-35914.8786,2
356719.7885,-24367.3477,2
356798.4154,-35537.6439,2
356719.5757,-75780.1559,2
356916.1793,-55118.4961,2
357052.4291,-80894.9947,2
357078.0153,-81114.2088,2
356845.7442,-54137.0956,2
357075.4398,-53996.4728,2
357240.8776,-35467.3983,2
357070.1973,-24409.7398,2
357212.2558,-54592.7027,2
357030.6389,-64731.0778,2
357369.4236,-9644.5119,2
356603.0033,-118902.5065,2
356987.0269,-34212.3514,2
357180.7681,-36882.0797,2
357103.764,-50943.9718,2
357709.9672,-236158.0389,2
357704.8091,-32089.0036,2
357411.6794,-23465.6128,2
349281.5719,-2720.2166,2
357791.8115,-33569.4262,2
357442.1627,-49359.5771,2
357865.5751,-28373.7,2
357924.1245,-120744.5744,2
357941.1275,-9778.0513,2
357983.9359,-67042.7287,2
358114.0069,-6576.4938,2
358246.9389,-22613.1087,2
358024.117,-70367.9294,2
358111.0825,-33182.6067,2
358454.9883,-23152.1715,2
358545.1454,-213979.1107,2
358622.0621,-38248.8473,2
358642.963,-23238.1651,2
358799.6708,-37468.5837,2
358888.6418,-38099.8954,2
358841.6854,-214136.0066,2
359056.1761,-66052.8584,2
353900.991,-77022.1487,2
359314.8711,-6515.6179,2
358997.6783,-134347.9872,2
359617.8518,-213960.552,2
359703.5539,-35283.7368,2
316972.8131,-33669.0761,2
355279.7454,-26744.8667,2
359801.5988,-87180.8256,2
360028.2131,-317628.6984,2
359560.0535,-86562.2847,2
360029.0031,-311083.263,2
360058.7418,-57017.0559,2
360076.6479,-49471.1605,2
360234.6972,-26749.1302,2
360198.1429,-87775.2291,2
360368.3501,-88299.6364,2
360186.0147,-29509.7671,2
360158.6503,-6557.0568,2
331436.008,-325726.5589,2
360279.8451,-99977.5165,2
360795.2042,-7022.3155,2
358787.0043,-314319.8457,2
359404.3905,-24530.2443,2
361068.2104,-49390.9826,2
360789.9196,-28702.4085,2
360782.8994,-57444.3342,2
361231.616,-58095.704,2
361306.5385,-7345.0255,2
359267.3692,-54018.2117,2
361240.5351,-59424.8374,2
361023.1495,-25651.4413,2
361540.9797,-317225.6099,2
362398.6149,-60173.999,2
362058.3135,-27432.5791,2
362674.3367,-79759.2115,2
362969.6971,-90094.9581,2
362389.6812,-107433.8261,2
363453.3975,-90114.6638,2
364292.1168,-60125.2197,2
363630.7337,-58503.0038,2
364601.4357,-54800.8491,2
363166.3784,-9985.0269,2
364873.5726,-101263.0712,2
364134.0098,-55788.6396,2
365547.3259,-98691.6754,2
365185.3793,-65986.3762,2
365532.1248,-100379.1562,2
366036.0531,-193526.5931,2
365023.1184,-50049.7495,2
365462.6353,-10887.0705,2
366072.7055,-193552.3318,2
366101.121,-193442.4855,2
366131.7093,-193584.5408,2
366306.439,-193647.5801,2
366288.2691,-56697.1878,2
366393.0472,-193678.8548,2
366445.8714,-209812.5406,2
366471.6056,-209781.0111,2
366572.8658,-100262.0857,2
366511.4323,-98313.3398,2
366818.8497,-91035.0472,2
366349.6487,-101271.996,2
366977.1613,-101484.8198,2
365920.9259,-119509.8148,2
366418.5347,-194378.6104,2
367041.4625,-97861.6894,2
365146.462,-313987.9125,2
367236.3374,-97881.8766,2
367114.4723,-100619.3088,2
367424.9735,-105832.8651,2
366964.2317,-193682.585,2
366657.209,-106687.0577,2
367589.8875,-105833.2806,2
367664.9711,-105833.4698,2
365498.5005,-48036.9436,2
367711.107,-98523.1651,2
367592.2272,-194516.0719,2
366348.9158,-59700.9911,2
367441.1771,-90225.8003,2
367932.4897,-212191.2113,2
368063.4375,-123321.5625,2
368565.331,-58945.1549,2
368543.2835,-60165.4253,2
369031.2874,-105845.6727,2
369041.9231,-105975.0683,2
368381.7465,-48231.6205,2
369242.9254,-319365.4947,2
368291.896,-108629.8495,2
369539.9252,-319472.3836,2
369555.5928,-319514.9183,2
369233.5404,-106354.8478,2
369779.9784,-211568.8097,2
369975.0756,-106039.2086,2
369597.1098,-61189.1767,2
369705.4168,-99417.8171,2
369409.2776,-28406.8363,2
370397.5277,-297038.5753,2
370377.2616,-313948.0826,2
370391.5653,-297189.8928,2
368068.6463,-10695.8611,2
369768.4959,-108134.5106,2
369040.0319,-104693.4219,2
370296.1144,-93433.0202,2
370767.4772,-108248.7574,2
370857.1242,-61291.42,2
370876.512,-60599.8217,2
370713.1712,-296998.776,2
371148.0587,-63350.2705,2
371285.7826,-63301.2978,2
370643.7872,-73702.4117,2
371310.4237,-60499.5353,2
371192.0131,-63956.683,2
371637.5266,-40681.4039,2
371654.3032,-40375.1729,2
371714.081,-78820.709,2
371744.3378,-107253.4458,2
371516.2873,-42548.4475,2
371773.3648,-107767.8432,2
371934.9615,-40401.3222,2
359883.1561,-96925.5394,2
371650.2727,-75913.7055,2
370921.8599,-236075.2855,2
371334.0588,-97420.3561,2
372106.9578,-106601.9487,2
372211.961,-96185.2806,2
372466.0123,-80135.0885,2
372737.1602,-63061.8813,2
371858.7672,-84006.3791,2
373118.4017,-106955.1646,2
373489.8866,-110760.1737,2
369215.9284,-47935.7745,2
372666.7432,-87880.8677,2
373555.5286,-109022.7852,2
373499.8265,-94624.1214,2
372822.4695,-65640.6678,2
374285.2734,-52086.2633,2
374115.3241,-62868.549,2
374418.8297,-67155.1181,2
374302.1996,-73812.3264,2
374274.7371,-75230.6517,2
372943.6914,-91374.4757,2
374716.6451,-87201.6993,2
375082.5036,-68225.6337,2
374862.5463,-104946.4352,2
374395.2919,-185878.3222,2
375595.3151,-322886.654,2
375650.0736,-322853.3846,2
375624.2545,-68231.895,2
375931.0463,-81232.1282,2
375948.7078,-80986.3866,2
375233.5852,-152939.3833,2
375948.9023,-96526.8055,2
376086.3903,-322962.6388,2
376306.7045,-78280.4093,2
376241.0552,-323016.9406,2
376341.0018,-78219.092,2
374876.3918,-55986.2336,2
375972.7187,-178405.0667,2
376123.7208,-70836.1254,2
376481.6598,-69526.7621,2
375816.603,-97274.8945,2
375944.9812,-79121.701,2
375082.1435,-109886.5958,2
377010.053,-78746.7771,2
377058.2468,-79202.7189,2
377309.8252,-81349.321,2
377785.207,-96451.2902,2
377669.9548,-97131.6683,2
375168.0028,-230462.4161,2
378278.7514,-82284.2121,2
378496.0913,-50232.6878,2
379304.9802,-83745.408,2
379007.282,-36972.7014,2
375940.6931,-236233.7291,2
378695.1387,-83709.3042,2
379566.2854,-83925.2485,2
379819.0186,-76700.2597,2
380229.4285,-110541.4793,2
377540.7691,-226127.3965,2
377274.2584,-48770.8611,2
380172.7412,-85012.7556,2
380559.0605,-48919.4954,2
380253.751,-25432.5484,2
380766.0365,-110170.4732,2
380766.2329,-110084.7499,2
380766.4403,-109994.9731,2
380730.188,-108578.6358,2
380628.3534,-325925.6188,2
380925.1436,-48222.1106,2
380999.6301,-107736.4113,2
380734.0293,-26498.36,2
381175.4169,-85378.6715,2
380871.1037,-236867.5513,2
380677.0447,-154320.0667,2
381522.8964,-107675.9972,2
381494.5774,-85739.6925,2
382155.0,-198795.0,2
382185.0,-198765.0,2
382335.0049,-107321.8985,2
382335.0,-198577.5,2
382395.0,-198555.0,2
382455.0,-198525.0,2
381722.53,-240273.405,2
381744.9825,-204060.0788,2
382430.1839,-29585.5856,2
383158.8584,-156575.553,2
383109.7623,-107278.2132,2
383309.5365,-239960.1964,2
383263.0394,-179192.1317,2
383233.0901,-174445.7399,2
381561.0202,-105225.7256,2
383486.3524,-107318.777,2
382960.1711,-177816.367,2
383548.8227,-63029.4499,2
383602.6387,-173654.1692,2
383953.2252,-155766.0378,2
378653.9027,-12411.5332,2
384159.1829,-93656.6465,2
384331.5133,-335189.0752,2
384245.5443,-237648.2466,2
384368.2768,-328658.9148,2
383505.401,-92718.6791,2
384384.3484,-14985.4114,2
384600.1128,-239935.6298,2
384651.785,-329311.6146,2
384794.0473,-328712.1649,2
384711.3768,-15281.5244,2
383983.842,-156727.4977,2
384931.7277,-169415.8636,2
385034.9881,-169776.8261,2
385056.6097,-170025.0569,2
385057.2903,-170160.8256,2
384501.105,-173638.2701,2
384500.4674,-104726.2544,2
384299.3999,-176252.826,2
385044.2007,-15395.4563,2
385241.948,-15502.1483,2
384591.4274,-203567.5644,2
384839.736,-198693.24,2
385322.3169,-170533.6889,2
385387.8603,-15589.0656,2
385410.8607,-15628.7146,2
385494.1551,-15668.9768,2
383291.4603,-51282.8256,2
382158.2636,-233942.3058,2
385707.1058,-168703.3796,2
385893.6103,-52775.4879,2
385883.7001,-15908.829,2
385504.4646,-118638.4638,2
385847.372,-174576.7639,2
386875.798,-49838.4518,2
386859.6688,-190389.3075,2
386917.9171,-173624.8971,2
387302.6623,-55066.1263,2
386420.1377,-237260.1188,2
387028.1285,-216000.1134,2
384285.7831,-60295.1494,2
387849.4737,-72814.5667,2
387912.6053,-26064.8042,2
387640.1527,-171278.3515,2
388013.0056,-53562.9764,2
387236.7055,-169441.4682,2
387706.9122,-93832.4101,2
388117.8346,-77137.1561,2
388226.6562,-51934.3461,2
388266.3943,-50734.053,2
387880.0504,-188386.6309,2
387320.894,-62281.929,2
388479.863,-73236.2948,2
388664.0368,-153241.3947,2
388489.1078,-26578.4301,2
387851.9798,-40123.6148,2
388695.6992,-50116.0727,2
388466.547,-59321.9898,2
388107.1684,-66343.4659,2
389410.7818,-66195.6927,2
388632.3451,-68054.1816,2
389534.7811,-66296.7248,2
388986.6549,-111315.1581,2
387754.4122,-16293.1529,2
389656.366,-64995.1171,2
389852.7265,-15611.5327,2
389571.3587,-190180.4677,2
389811.7217,-153476.4018,2
389644.7188,-192912.6106,2
390253.2288,-192434.2571,2
390434.1698,-49343.7494,2
390196.7499,-47448.0779,2
389957.914,-114958.0605,2
390466.3597,-115363.1298,2
390296.2165,-63608.3288,2
390630.4759,-64487.9931,2
390394.6761,-64609.9069,2
390796.8576,-236949.907,2
390582.3516,-163204.8158,2
391071.1566,-164300.3125,2
391075.7092,-164147.621,2
390934.4613,-192388.9254,2
390686.2228,-243083.5373,2
391761.6007,-188716.0064,2
390841.4933,-191580.7058,2
391764.3446,-242928.5222,2
391911.8942,-190543.5426,2
391312.0767,-114942.6891,2
392080.0654,-242932.1788,2
391959.1425,-292838.5143,2
392385.0242,-293197.2908,2
392297.4438,-47211.961,2
392215.7649,-164815.8356,2
392534.7517,-293363.1675,2
392777.0712,-175125.1307,2
392682.8185,-177154.3945,2
392773.8673,-47322.4039,2
391992.4092,-179968.7996,2
392695.0893,-48271.3958,2
393253.7865,-191079.0688,2
393185.5877,-163977.1897,2
393512.5776,-43050.0648,2
393634.7872,-43003.55,2
393584.8926,-190952.4161,2
390880.3782,-43656.4538,2
381953.3117,-68211.1224,2
394474.2233,-174373.3613,2
393808.8942,-178670.1728,2
394573.8785,-185749.6198,2
394332.6714,-77843.2539,2
394554.4041,-175106.1433,2
393801.499,-176375.5469,2
394214.9612,-46581.6482,2
394135.0668,-67729.0439,2
394025.0796,-172343.7238,2
395727.33,-80843.1634,2
395384.4213,-217045.5076,2
392871.5302,-15057.017,2
394747.5062,-188421.5414,2
396631.2,-132592.0522,2
396509.2533,-185083.1074,2
396721.534,-52677.3728,2
396870.72,-3821.1216,2
396894.7878,-186058.7081,2
397041.8808,-53354.6849,2
397191.0637,-148697.4353,2
397211.7216,-161173.9371,2
397516.1603,-148334.9591,2
397537.1655,-148435.4725,2
396931.7207,-134294.117,2
397797.7239,-117230.5231,2
397927.6696,-3788.3986,2
398178.6671,-182492.4409,2
397525.7523,-15394.1748,2
398319.3809,-182468.2394,2
398442.2421,-182461.0131,2
398468.3876,-35680.4855,2
398399.9946,-29413.1629,2
398418.6034,-240606.7979,2
398763.1294,-195557.7475,2
396997.09,-243968.4322,2
399730.8696,-195261.6574,2
400169.5173,-207571.9932,2
400270.4908,-244358.9184,2
400255.5474,-244480.3373,2
399905.3591,-239201.8838,2
400770.0501,-237013.7605,2
400688.6629,-238657.4912,2
400824.4683,-236930.9073,2
398483.0022,-247314.2981,2
401026.5391,-122342.6304,2
399732.8199,-215513.6792,2
401111.9981,-254533.6067,2
399658.3701,-232377.3093,2
401626.3815,-126956.2069,2
400700.4877,-243251.2714,2
401028.6209,-28694.9036,2
402304.6499,-102576.0412,2
401411.34,-124576.4669,2
400394.203,-160396.6667,2
399235.8009,-17220.9366,2
402142.2917,-242490.4167,2
400510.7087,-111984.7415,2
399290.5899,-190781.2595,2
402157.7246,-167246.4824,2
402578.1293,-102207.6074,2
402275.8517,-31148.3395,2
401650.2569,-158485.4947,2
402772.4661,-112102.2576,2
403276.1244,-112083.163,2
400163.8968,-183910.58,2
403375.96,-111855.4167,2
403446.1541,-18383.315,2
403471.1573,-18417.8914,2
403440.2671,-110892.0957,2
403586.347,-64048.8493,2
403575.1017,-155707.7744,2
403665.8723,-111684.661,2
403486.0847,-156619.0659,2
403676.3996,-110926.7824,2
403872.255,-64641.3038,2
403728.3768,-5989.9453,2
403833.8658,-110773.6756,2
403855.1531,-110957.8108,2
403797.4759,-32220.31,2
403625.3669,-164294.4364,2
403275.4678,-28088.5956,2
404264.7034,-30872.5355,2
404165.8408,-1546.83,2
404342.2076,-64921.5312,2
404450.5107,-106800.6757,2
404464.6041,-107025.0982,2
404465.1526,-107115.7935,2
404243.5464,-107788.6654,2
404267.931,-236634.3103,2
404707.1681,-164081.4003,2
404792.3071,-643.8546,2
404080.4311,-39790.9532,2
404908.3952,-240200.6768,2
404448.2014,-129739.384,2
404977.712,-157455.6221,2
405004.5352,-157605.182,2
405005.3653,-157680.6161,2
404998.8976,-157806.6598,2
405007.8353,-157905.1053,2
405008.8337,-157995.8416,2
404787.2741,-125386.1646,2
404815.7489,-127815.5902,2
405104.2806,-129138.179,2
405207.8972,-305.8349,2
404857.8005,-883.9307,2
405263.7756,-158804.4754,2
405180.3298,-1496.0553,2
405450.1057,-1645.8355,2
404723.8104,-2136.7776,2
405156.3278,-167833.7705,2
405277.3043,-54806.3115,2
405093.8493,-247615.2648,2
404685.1319,-231078.5632,2
405228.8862,-116806.9465,2
405647.7087,-158241.6236,2
405528.2508,-163341.0237,2
406337.7026,-168016.9022,2
406100.3729,-154584.3102,2
406220.0665,-157316.3536,2
406466.9938,-158743.817,2
406648.9997,-161903.8867,2
406761.8803,-157735.776,2
406994.8832,-157777.0693,2
407021.5606,-159620.5805,2
405219.631,-18582.609,2
406849.6432,-161061.5818,2
407261.9984,-163875.2357,2
405576.3471,-181292.9038,2
407061.4972,-3050.3216,2
405367.3925,-242469.3327,2
407655.7056,-79006.888,2
407754.3458,-70523.6157,2
407796.0947,-157577.2047,2
406800.4185,-57514.0568,2
408222.9709,-157676.6891,2
408544.727,-152317.4133,2
408821.3594,-126555.2044,2
408433.5739,-102734.4131,2
408810.4138,-126837.3398,2
407885.1731,-106998.7401,2
408841.8173,-157911.1087,2
409117.2779,-44013.4829,2
407089.4391,-152365.0064,2
409314.279,-101980.9675,2
409479.0376,-71.7091,2
409515.7862,-217963.8621,2
409382.205,-160408.0192,2
409784.2568,-165825.5482,2
410670.3414,-154069.8511,2
410686.0868,-165737.1246,2
410925.6334,-211821.1509,2
410962.2392,-107117.8205,2
411029.4523,-154864.7702,2
411225.2609,-154351.1364,2
412029.4996,-198217.9623,2
412097.4607,-198243.5567,2
407127.3072,-212492.1235,2
412531.5034,-214109.5672,2
412603.5338,-214135.5155,2
412255.3934,-153783.2806,2
413459.0157,-221374.7043,2
413494.7508,-221471.6367,2
413931.7429,-154798.7373,2
414075.9532,-74587.836,2
413774.3065,-324336.8056,2
414241.0258,-186542.6585,2
382279.5542,-328500.4966,2
414032.2791,-222171.3181,2
414952.9789,-208741.8224,2
414773.135,-74804.6396,2
415211.1153,-163347.9094,2
415375.344,-183401.0961,2
415024.0684,-186051.4378,2
413419.9576,-107625.3535,2
415824.8071,-15551.4161,2
415910.4704,-15505.6236,2
415937.5855,-184496.09,2
416233.7689,-185971.6571,2
416050.3073,-221910.8893,2
413733.0531,-216602.1639,2
414426.0114,-68551.5145,2
415653.2382,-139033.3394,2
416928.568,-42411.8514,2
415975.9863,-27653.1771,2
416991.5637,-42440.7185,2
416619.9763,-51207.6962,2
417079.6782,-220691.3582,2
417094.3412,-42472.1487,2
417232.8334,-42506.997,2
417351.7867,-42533.0721,2
416617.1636,-15359.3437,2
417408.6864,-42560.1811,2
392815.988,-33198.7753,2
416802.2242,-3199.3336,2
416799.0249,-102924.9247,2
417401.6519,-220350.9596,2
417840.1982,-42661.6136,2
417269.3875,-66673.8728,2
418771.6075,-15800.1872,2
419468.9971,-212717.3908,2
419430.6411,-16787.756,2
419300.6318,-63847.6175,2
419856.9197,-331.9369,2
420247.2911,-154825.8196,2
421208.3183,-5343.0921,2
420905.5323,-64114.7392,2
421009.5164,-39335.7627,2
419206.6209,-215909.7892,2
421785.3157,-187484.1532,2
421774.5477,-112659.0537,2
421934.1692,-5847.6791,2
421572.6338,-16192.2754,2
422594.0708,-158188.0177,2
418792.5816,-336213.4444,2
422705.7101,-337541.5482,2
422888.8969,-337896.5646,2
422995.3015,-78761.7286,2
423068.1047,-88701.3918,2
422581.2909,-6235.714,2
423445.3979,-172762.2966,2
421707.185,-117571.8875,2
423400.8371,-79157.5264,2
422909.5986,-112250.6309,2
422850.8363,-187493.1158,2
423839.7939,-186839.994,2
423597.7656,-153551.7362,2
423605.8089,-75844.4801,2
423928.8738,-172884.8666,2
424333.5839,-338372.3925,2
424320.5261,-337998.2668,2
424404.5404,-337979.5112,2
423741.136,-149067.4529,2
422984.3675,-151791.8265,2
425139.4136,-173222.1939,2
425012.6231,-149649.2213,2
425381.2224,-173269.5569,2
425430.1761,-173316.7483,2
425491.218,-173515.923,2
425089.8919,-19705.6476,2
421588.7924,-14893.9751,2
425614.0834,-173698.0595,2
425494.4571,-60690.6582,2
425675.1267,-173727.5637,2
425354.3433,-152133.4154,2
425818.2546,-60150.7948,2
425791.9824,-173886.0191,2
425944.5169,-174053.9105,2
425986.5796,-174132.177,2
426061.8248,-174207.6816,2
426090.3663,-188423.2255,2
426317.5323,-175418.9635,2
426391.5886,-175059.8459,2
426422.245,-174909.3874,2
426426.5607,-174678.4134,2
426329.3971,-154387.3407,2
426455.6082,-174818.3114,2
426339.5518,-110558.966,2
426375.6339,-188437.0661,2
426510.3754,-20966.5275,2
426580.3603,-58528.364,2
426563.7156,-56069.3845,2
426565.8661,-54104.0935,2
426613.0911,-55207.0687,2
426636.4008,-57154.3709,2
426883.271,-6179.3342,2
425855.6866,-338075.5606,2
426911.4296,-6288.5112,2
426914.8441,-54690.09,2
426925.6952,-53759.6889,2
426930.074,-54741.695,2
426933.1181,-55425.1072,2
426846.0958,-55858.9882,2
426856.5471,-56318.9504,2
426941.8479,-6318.3681,2
426076.2215,-142093.2605,2
426987.9016,-57748.3461,2
426940.6447,-1728.7618,2
427225.7782,-1293.1126,2
427039.3784,-54181.7685,2
426877.722,-132402.9043,2
427056.5693,-21055.9341,2
423299.2599,-20914.5418,2
427536.0104,-24513.4157,2
428007.1378,-177382.9541,2
428128.5023,-15751.0506,2
428118.7654,-3254.9242,2
425334.9636,-40815.8917,2
428166.5802,-150665.0074,2
428299.9803,-162995.1252,2
428397.7113,-150663.4822,2
428295.7557,-165111.2679,2
428299.7629,-164720.5961,2
428166.3374,-51164.3676,2
428725.0098,-177625.4068,2
429433.8422,-177492.2085,2
429547.7622,-6840.4428,2
428823.4469,-5015.1022,2
429897.462,-177177.6373,2
429929.1029,-177149.2421,2
429959.6733,-177119.5689,2
429987.2517,-177086.3759,2
430015.916,-177056.786,2
430109.8447,-110425.6808,2
430114.1836,-177027.1375,2
429812.6381,-74327.2899,2
429691.6871,-151194.7076,2
430987.8406,-176270.8201,2
431022.6143,-205522.9789,2
431052.3772,-176243.0169,2
431181.2771,-213251.2476,2
431196.5002,-213555.1167,2
408220.6153,-202186.5759,2
431276.3336,-213612.3741,2
431309.696,-83114.6837,2
431708.1282,-9225.0223,2
431490.323,-176199.7143,2
431313.8187,-49565.6375,2
432123.8683,-13995.2174,2
432098.6119,-14159.4923,2
431872.4578,-1884.7061,2
432270.8226,-4462.127,2
432327.172,-176024.5718,2
430493.7208,-80735.8519,2
432393.9721,-214170.3976,2
431572.9795,-349687.6884,2
432738.139,-214299.3592,2
432750.5447,-214209.3843,2
432478.4715,-144474.6218,2
433429.0254,-82915.899,2
433235.3291,-5065.9995,2
433773.7807,-244357.3772,2
433775.9575,-244455.2802,2
433854.7911,-154705.521,2
433453.5195,-155940.609,2
433589.9828,-336780.0505,2
433202.0224,-176052.1184,2
433711.8481,-83999.7766,2
434111.219,-337689.5225,2
434300.2138,-337558.6183,2
434078.6104,-6208.7216,2
434478.8757,-337561.7051,2
434725.8028,-155364.7998,2
430624.7278,-42935.7285,2
434844.9977,-15156.5714,2
435014.8482,-24423.5876,2
435262.7396,-72675.1832,2
434787.9036,-245238.9065,2
435016.9333,-14463.7333,2
434803.4584,-336449.4108,2
435238.1437,-154337.9335,2
435774.235,-242793.3186,2
433662.4377,-207784.1481,2
436419.531,-154691.0397,2
437009.772,-243063.3787,2
437026.1703,-243104.8169,2
436828.7815,-43235.689,2
435634.9559,-349451.5118,2
435923.7808,-101566.0457,2
434353.3571,-197223.3532,2
434525.4707,-157.1621,2
437472.0306,-110550.5597,2
437855.2628,-93089.5156,2
437642.1108,-167920.9657,2
438123.7514,-189617.5322,2
438226.7919,-189807.2799,2
437709.616,-95923.5037,2
438108.2334,-3190.7881,2
438364.0124,-110880.0859,2
438270.8757,-92876.6978,2
438551.8427,-189819.3097,2
438026.7288,-194063.4352,2
438622.9082,-9518.2882,2
438392.9593,-190576.6486,2
439049.8115,-175375.5367,2
439210.8601,-175863.095,2
439557.419,-49754.1474,2
439576.0779,-91267.3267,2
439905.7581,-87642.5337,2
440120.1918,-109159.222,2
440019.4222,-10107.692,2
440408.4928,-168439.8152,2
440415.8752,-168330.1565,2
440432.491,-168206.1212,2
440459.4904,-50237.6397,2
440228.1144,-42649.4246,2
440619.0296,-158866.2418,2
440570.4081,-108676.6724,2
439431.3282,-84026.8914,2
440843.4559,-50767.6803,2
440220.9022,-49096.7082,2
440794.5356,-43259.9855,2
439308.4573,-150463.4021,2
440985.7944,-43155.0268,2
439882.2355,-192307.0592,2
441017.6827,-42879.5376,2
440997.3739,-159435.4584,2
434137.5976,-131607.2672,2
424630.4533,-28218.7653,2
441520.3384,-109354.5619,2
441180.479,-16275.7407,2
441517.5851,-51323.1579,2
441457.3486,-41079.4913,2
435065.0621,-8186.5741,2
441417.3104,-80177.3942,2
441968.8679,-168488.3849,2
441640.9806,-97450.1851,2
442375.9194,-344834.407,2
436149.7749,-213286.3182,2
442280.7938,-168623.2428,2
433246.805,-107553.7021,2
442504.4525,-161826.1457,2
443001.5,-192425.625,2
437769.777,-172131.1259,2
442452.5306,-131619.2575,2
443130.9673,-170215.915,2
436406.3348,-341237.2537,2
443660.1761,-152467.421,2
443504.188,-188640.6695,2
424767.3748,-155376.0546,2
442175.8856,-164174.4985,2
445091.6801,-192854.9927,2
445255.3169,-234443.2308,2
444935.2406,-218296.3709,2
447192.5845,-299279.103,2
447868.628,-340862.1737,2
-601775.304,290710.0272,3
-594481.3387,301626.7514,3
-594340.5055,295112.4363,3
-593375.4986,340596.1376,3
-590535.1666,338798.88,3
-589938.6336,321790.9951,3
-589430.2835,321510.341,3
-589320.4097,317135.9575,3
-589492.2305,316329.8052,3
-588035.9706,288620.4617,3
-587982.7524,286676.2316,3
-588283.5965,318077.4404,3
-588220.7975,283424.9703,3
-586830.285,286850.159,3
-586563.9028,286908.332,3
-586836.3783,319204.6172,3
-585870.9698,287237.3426,3
-585724.9597,287307.2373,3
-585960.2814,287685.7541,3
-587853.891,344295.6172,3
-584313.0525,331419.7445,3
-584037.648,351255.5416,3
-584079.8013,351505.5388,3
-583943.17,290272.9017,3
-583208.3572,350645.5974,3
-584654.3866,284503.5719,3
-583146.1711,342895.3007,3
-582135.2346,293954.8888,3
-582202.5613,286995.3078,3
-581805.6411,288212.128,3
-581662.7688,287675.9807,3
-582654.715,315717.0738,3
-580854.4877,294281.1202,3
-580918.9262,287566.5029,3
-580580.543,329145.5197,3
-580071.5729,352077.8985,3
-580187.2668,323184.1748,3
-579963.4537,324213.4552,3
-579128.1547,293307.2293,3
-578714.3427,329005.2646,3
-578923.123,329141.3974,3
-578902.7557,340888.9207,3
-579267.3912,309872.5675,3
-578143.0486,339760.3848,3
-578084.5012,317362.2271,3
-577900.3708,329054.0702,3
-578142.4457,307273.3611,3
-579266.8859,350630.8642,3
-578432.5672,337410.7041,3
-576927.3674,318427.2907,3
-576775.4139,343448.6694,3
-582292.1913,348533.359,3
-578364.6914,329879.7781,3
-575445.782,350189.106,3
-575391.866,349713.4068,3
-574861.9319,349571.9022,3
-574412.8513,350990.7208,3
-575071.3953,340523.1969,3
-574885.0525,342605.0728,3
-574552.4819,350298.4793,3
-574060.3574,349768.6113,3
-574010.3639,350985.043,3
-572846.6681,328480.1886,3
-571398.5951,345787.1362,3
-570841.2394,330991.7499,3
-571791.9601,339131.7084,3
-570037.8489,316712.4629,3
-571168.7398,332217.5418,3
-569730.8951,316843.767,3
-570339.9128,319998.3352,3
-569132.3231,309072.5311,3
-574338.5598,312490.1874,3
-568930.4809,308245.5263,3
-569797.8879,336954.6138,3
-569219.1557,334677.7584,3
-568646.0249,339310.2228,3
-569274.6803,333186.3966,3
-574622.7136,323651.6667,3
-567202.0693,319938.8751,3
-567290.844,315956.6699,3
-567507.5318,310695.944,3
-567151.5477,304923.9488,3
-566527.655,304133.1446,3
-567663.2265,330751.5689,3
-569912.1527,345316.3385,3
-565839.9648,335438.5332,3
-565698.8009,323399.4073,3
-565461.3154,304494.1929,3
-564383.2527,344909.9951,3
-564233.0242,334528.0962,3
-564158.6409,312440.2211,3
-563121.6751,329244.2063,3
-562691.2793,329846.7898,3
-562130.895,296676.4742,3
-561353.8782,306356.72,3
-560663.8596,314514.4721,3
-560527.9609,329769.5379,3
-559280.8571,300307.5824,3
-558551.5928,292007.2908,3
-558405.9796,333265.9592,3
-557600.7413,333641.7742,3
-557993.6097,314521.141,3
-557538.5731,299693.3675,3
-557562.451,297876.5333,3
-556372.1095,314415.6371,3
-555892.913,312292.6388,3
-556235.5201,310773.6814,3
-555314.2405,312694.9235,3
-555936.3777,340047.7237,3
-554774.8547,297924.6865,3
-554939.1779,312437.3957,3
-555124.0609,311463.9738,3
-555591.5053,263675.8583,3
-554546.2654,298348.9915,3
-554551.0047,340575.0419,3
-554507.8451,259926.911,3
-553990.7397,310975.8796,3
-553961.8052,312789.2992,3
-552882.7298,312002.9113,3
-552554.8119,326454.4331,3
-553148.3951,258647.0113,3
-551870.8258,306988.1834,3
-551829.3207,260483.6437,3
-550478.1669,269294.8666,3
-548929.6995,312057.589,3
-549154.5828,308396.1616,3
-546432.773,323535.1022,3
-544534.3848,324169.0758,3
-542951.6792,320318.2724,3
-543192.9485,321030.6679,3
-543817.0466,260765.6748,3
-540863.11,296205.9478,3
-540217.0716,321997.9174,3
-539226.4038,279000.4516,3
-539159.6397,278940.4102,3
-546399.5919,266337.1049,3
-540111.6001,277611.6697,3
-538727.9417,278259.8572,3
-534764.4131,291460.6838,3
-533706.6834,264498.5575,3
-533733.1865,264741.6378,3
-533546.9848,264039.8483,3
-537000.2044,293789.4147,3
-531031.0432,295838.8618,3
-530483.4032,293193.7869,3
-529072.3948,260455.1725,3
-528793.8096,260689.2503,3
-528736.7346,260737.1909,3
-527760.41,259860.8772,3
-526922.6998,296085.1111,3
-525544.8131,320554.5318,3
-525204.6248,283502.0405,3
-525277.4379,322312.6342,3
-525218.4398,283337.8069,3
-524804.0266,283454.448,3
-524649.6215,283956.2452,3
-523868.9333,284725.6003,3
-523653.5649,284027.3244,3
-523711.1887,282811.1254,3
-522902.1497,284049.6115,3
-522219.077,283885.7425,3
-522193.9859,291334.6357,3
-522103.0916,291836.6688,3
-521942.4041,293135.4575,3
-521640.7608,284423.8525,3
-521691.0937,324239.5639,3
-521501.6071,302802.4689,3
-521149.7748,292415.1898,3
-520924.1621,292992.4065,3
-520961.1827,302748.1744,3
-520480.6891,291962.4861,3
-519807.1636,287546.246,3
-519380.6743,289949.0204,3
-518745.9308,304177.2995,3
-520703.4108,289466.6778,3
-518573.5219,302681.2803,3
-518547.7791,302643.8673,3
-519207.3066,317388.4653,3
-518288.951,302136.9873,3
-518879.4411,301355.9703,3
-515784.2116,272057.2785,3
-515158.4057,301130.0997,3
-514977.4313,271716.3569,3
-514013.2332,271681.5131,3
-514685.4268,259314.298,3
-514076.903,310449.9494,3
-514560.9381,262122.7231,3
-513712.5052,271881.3656,3
-513657.4848,272281.7113,3
-513795.9389,272301.2592,3
-513589.904,281464.5521,3
-513147.3852,271862.6004,3
-513347.7671,272717.3845,3
-513161.8095,319746.2809,3
-512988.2771,272453.4237,3
-512976.0576,273329.6826,3
-512641.5149,275192.0027,3
-512525.3662,271920.8233,3
-512452.3202,259809.2981,3
-512391.683,271372.3943,3
-512255.0491,272377.0017,3
-512301.6025,272591.277,3
-512222.247,271436.3604,3
-512320.0914,274027.127,3
-512163.0623,272248.959,3
-512217.1719,273402.9069,3
-512127.9747,273186.8037,3
-511872.768,291070.9111,3
-511549.6311,272395.5896,3
-511353.5858,286636.2698,3
-511162.6611,277426.6935,3
-516061.5435,292673.3491,3
-510690.6134,273503.5623,3
-509496.3041,272724.065,3
-509212.0857,306611.8612,3
-509724.1955,287314.4286,3
-509139.7166,304359.334,3
-508300.7015,248944.1071,3
-506280.9307,292643.1503,3
-505560.7175,283366.4952,3
-504894.1115,269563.3823,3
-505115.4421,243836.7674,3
-504192.6093,264886.1261,3
-504265.5288,271810.04,3
-504086.1787,273313.6946,3
-504053.1605,274808.5348,3
-503784.4384,272266.9753,3
-503738.6643,265466.8148,3
-503255.1772,272981.4585,3
-513279.4761,145502.1148,3
-504555.1087,285256.6281,3
-502806.9802,244394.1195,3
-501186.8361,346859.0201,3
-500944.0278,244711.1414,3
-500876.9447,336689.8116,3
-500252.2772,345745.3354,3
-500680.0617,243902.1733,3
-500750.1913,339907.3786,3
-500227.4073,309044.8302,3
-499293.7608,274463.0868,3
-499889.5158,242252.6374,3
-499177.2693,274235.0275,3
-499174.0773,274292.993,3
-499179.7987,274400.5907,3
-499190.0682,274139.4358,3
-499146.3713,274033.9404,3
-499145.9556,274350.3336,3
-499065.4281,273982.2901,3
-499005.5223,273952.1536,3
-498965.7446,273927.0897,3
-498886.0063,273891.8911,3
-498846.2634,273866.8296,3
-498969.0802,240304.2688,3
-498745.6414,335721.6027,3
-498607.3241,240121.3322,3
-499081.6657,341446.059,3
-498460.6678,308487.3887,3
-498495.2939,242945.5199,3
-497856.2931,272549.9701,3
-497833.4516,273480.0282,3
-498249.4727,244284.6891,3
-497067.8425,335946.1948,3
-497667.838,336943.7803,3
-496680.5611,220956.2486,3
-496592.1521,219566.9091,3
-497406.8399,342983.26,3
-496565.1895,219532.5467,3
-496531.2642,219478.1843,3
-496470.3781,219389.4566,3
-497130.2515,346187.0864,3
-496112.1102,218876.9668,3
-496085.1532,218842.5928,3
-495990.7456,338093.8329,3
-495859.3337,341304.173,3
-494969.9308,220667.9773,3
-495520.0318,347752.371,3
-494673.2214,210302.0946,3
-494645.3211,210552.2546,3
-494650.9697,210661.042,3
-494621.3019,210494.1838,3
-494690.5791,211104.246,3
-494589.0161,211325.2055,3
-494551.6956,211350.979,3
-494474.7665,211373.7057,3
-494004.4911,211460.0206,3
-493978.9708,211498.1357,3
-494602.769,336429.9076,3
-493895.0784,211524.8603,3
-494478.3577,339636.9006,3
-493813.3269,211552.1015,3
-494550.9527,332355.3231,3
-495072.5176,343783.1845,3
-494160.2745,274430.0666,3
-494168.8523,346078.1572,3
-493605.1026,211604.0384,3
-493178.2647,348226.2659,3
-493106.6467,347796.4283,3
-492821.8943,324515.2473,3
-493001.7584,330705.8225,3
-492972.062,341199.8717,3
-492888.6075,347028.0267,3
-492293.1189,347766.9298,3
-492743.6554,344615.7722,3
-491948.6761,346422.1776,3
-492235.7115,348179.2086,3
-491916.819,346097.0306,3
-491671.7993,309284.7184,3
-491636.4832,346104.6254,3
-491592.2341,308362.9393,3
-492335.2179,234690.5366,3
-491474.1497,346556.9894,3
-491534.2478,345770.4854,3
-491113.8994,345379.0447,3
-490787.6794,345773.4677,3
-491641.3965,329318.5002,3
-490604.8071,219427.6069,3
-490535.9719,219472.1723,3
-490507.2474,219549.5622,3
-491306.6925,342742.8362,3
-490694.5595,345603.3662,3
-490615.329,345408.7971,3
-490487.565,328023.9639,3
-490310.0151,344069.5402,3
-489849.7467,219712.3056,3
-493753.9426,209553.0131,3
-489841.8472,318206.9985,3
-489920.5336,340976.8405,3
-487624.8281,235727.1616,3
-488383.6515,325752.4295,3
-487243.1153,313489.9069,3
-487354.0045,236311.5163,3
-487939.3355,241252.2681,3
-486720.7465,246675.4469,3
-486483.2693,329795.3075,3
-486853.6224,324108.8336,3
-486751.6332,327311.1904,3
-486042.1982,329934.0752,3
-486073.6839,241141.466,3
-485668.5946,338530.4068,3
-486080.4506,231094.7575,3
-490204.1396,205534.8527,3
-485605.2186,336631.0856,3
-485393.602,331641.7431,3
-485671.7756,244905.0471,3
-484787.8578,298452.4115,3
-485150.605,239504.6182,3
-485608.4063,315228.6463,3
-484079.9127,329421.4268,3
-483404.6995,237650.6401,3
-494292.1445,226985.459,3
-483347.225,240480.761,3
-484495.5523,265391.4028,3
-482697.8135,331869.6657,3
-482365.732,292492.8281,3
-482247.5557,326056.4443,3
-481251.3259,316058.1225,3
-481495.1588,316930.7803,3
-481816.5945,239029.545,3
-481224.9109,268924.4708,3
-480891.4324,321266.2415,3
-480767.4714,296115.1389,3
-480588.3316,329755.2127,3
-480197.914,237712.8248,3
-479336.2006,319607.3484,3
-479377.0867,316381.0738,3
-478086.5374,330449.111,3
-478085.7667,329998.465,3
-481406.961,243059.2303,3
-477823.0835,329969.3877,3
-477981.9036,236449.8183,3
-478198.4813,317358.6368,3
-477538.5028,310508.5778,3
-478068.742,305150.9446,3
-477114.6051,308338.4281,3
-477136.8399,308698.9337,3
-477086.0979,309036.6859,3
-477960.8685,307893.2334,3
-477242.1768,237529.2744,3
-476496.2828,308137.7822,3
-476364.2566,328409.8045,3
-477145.3066,268386.465,3
-475710.8682,313722.8703,3
-475299.0947,303815.2564,3
-474917.924,302328.3228,3
-475964.8688,274539.2126,3
-474241.5276,309388.5688,3
-473800.4759,244598.8429,3
-473125.2655,298066.4486,3
-473422.7138,308578.0965,3
-473413.4511,303624.3171,3
-473008.9188,316042.0718,3
-473149.4058,319019.0825,3
-472063.5977,317007.4629,3
-471883.2118,308497.8926,3
-472687.6298,310894.7438,3
-469585.3025,317200.9538,3
-468749.9336,314443.6652,3
-530666.9502,298358.3598,3
-467544.8369,248495.28,3
-467617.6115,247995.9096,3
-467373.8832,296216.2725,3
-467278.8019,248236.0335,3
-468228.2773,274571.0333,3
-466686.3405,247661.6902,3
-466986.2144,253843.9931,3
-466044.5555,220138.3729,3
-467114.7004,285904.4645,3
-465583.9486,231440.7867,3
-465548.247,231415.4112,3
-464391.2368,314147.5061,3
-464217.7999,226013.7848,3
-463764.3487,283453.9632,3
-463708.5801,301416.4523,3
-463454.6291,218422.0392,3
-462953.1886,315877.7811,3
-462808.183,224028.3976,3
-463630.6938,285809.1659,3
-462881.3795,282829.5222,3
-462338.1867,316792.9918,3
-462206.963,217513.5958,3
-462197.041,294783.4102,3
-462248.941,298490.2966,3
-462023.2001,217540.1518,3
-461837.4231,217622.7314,3
-462996.3676,219118.9026,3
-461621.4024,301996.3936,3
-461831.6201,222923.3057,3
-461361.8087,217371.6739,3
-461101.8044,217285.3481,3
-460959.2841,217223.46,3
-460942.7284,217241.7084,3
-461137.2275,316903.5283,3
-460819.835,217634.2921,3
-461141.1481,220609.8425,3
-460347.8146,220550.8809,3
-460558.9572,315747.5362,3
-460077.6687,217180.502,3
-460073.9595,316102.7563,3
-459990.4059,316239.1446,3
-459973.9683,316303.9258,3
-460130.8678,294198.0848,3
-467216.1351,269259.3061,3
-464541.2402,306359.2473,3
-459722.5656,219788.3447,3
-459157.713,216371.0366,3
-459486.2805,295766.8194,3
-458781.5581,232315.5478,3
-458757.5498,293950.1672,3
-458204.8998,292543.4239,3
-458289.8517,283663.8084,3
-457814.3998,284404.4786,3
-457935.749,303298.0011,3
-457634.6123,262138.2406,3
-457117.8719,293894.8199,3
-457101.4482,293446.6322,3
-456812.7161,297166.5086,3
-470185.2941,215497.7376,3
-457257.7917,244425.2661,3
-456212.9774,296234.7507,3
-456313.4771,296385.3093,3
-456501.1504,285220.1365,3
-456305.8675,298224.3766,3
-455655.0979,298660.1122,3
-455631.621,219490.3349,3
-465666.5398,241638.3616,3
-455466.3868,298650.068,3
-455328.3178,219547.9132,3
-456422.235,288241.4878,3
-455295.7435,219422.2082,3
-455955.6407,216940.0699,3
-454699.1795,298236.1803,3
-454919.5749,286509.0366,3
-454802.4539,289703.6088,3
-453484.2319,297833.0804,3
-457670.0269,292246.8555,3
-457258.5743,263288.8774,3
-453315.9032,219058.9916,3
-452445.1429,290621.7095,3
-452536.4922,286047.9557,3
-452997.6267,205773.7066,3
-451074.2703,292641.0525,3
-449345.5849,198760.2695,3
-446816.9035,187073.5081,3
-446456.7703,190866.7663,3
-444560.1039,287878.7939,3
-442835.0842,182069.8164,3
-442151.7666,308815.7122,3
-442385.9553,286859.618,3
-443688.7563,183827.3702,3
-441921.1614,285147.1336,3
-441226.1756,111126.1382,3
-448456.7736,266254.5484,3
-440031.8488,285502.8407,3
-439806.7318,286679.0831,3
-439880.7414,107932.3471,3
-440075.3514,108538.9605,3
-438910.1939,257756.331,3
-438775.9223,285850.164,3
-439293.4008,256745.4688,3
-437995.4776,290200.6891,3
-438179.018,250925.9576,3
-444810.7134,21600.7501,3
-437427.3803,107804.7941,3
-437525.8233,200589.1069,3
-437186.0829,108362.1962,3
-437075.8199,306019.8709,3
-436867.321,287483.8005,3
-436111.451,306020.4666,3
-436711.8113,106083.9147,3
-436771.7004,290698.4993,3
-436952.3523,198550.3256,3
-436647.5476,293937.3756,3
-436522.1292,297221.2735,3
-436418.0141,300476.6962,3
-436376.2215,303618.7202,3
-435760.2377,307251.7918,3
-435416.7659,307640.5909,3
-434816.5447,307636.8882,3
-434702.4092,120097.6454,3
-435327.7333,285825.8279,3
-435223.5206,289033.4203,3
-435113.5957,292241.0105,3
-434290.8064,286993.2785,3
-433862.7098,306884.5346,3
-435939.9728,268333.6106,3
-433379.2377,272075.5026,3
-433396.9085,100226.7726,3
-433331.7783,270872.0599,3
-433460.335,99422.401,3
-433173.8741,272405.8276,3
-439907.7587,281128.1588,3
-433567.1979,290575.4374,3
-432497.3174,286477.2127,3
-433029.1451,306520.8805,3
-432256.2197,307460.1028,3
-431992.9326,285998.0266,3
-431862.0472,276029.981,3
-432071.2561,285490.5548,3
-431881.1621,282959.0647,3
-430415.7213,309183.2741,3
-430079.3442,97961.6089,3
-431574.055,276844.879,3
-429988.6996,306535.1826,3
-429488.9887,267718.4726,3
-428762.6892,307690.1744,3
-427782.9675,305717.8885,3
-428364.2414,305213.347,3
-427784.9077,269462.9849,3
-426705.4171,309289.5433,3
-426607.4057,312370.4381,3
-426922.6054,261865.6139,3
-427108.2148,306147.4381,3
-426041.527,306196.077,3
-425898.3385,307035.1045,3
-426127.0182,307383.5205,3
-426052.0342,309203.2365,3
-426476.9999,309954.2304,3
-426109.1041,312967.8166,3
-426071.827,199351.4429,3
-426464.4673,205182.0268,3
-427354.6191,208131.9151,3
-425249.1244,278572.4666,3
-425576.6248,272475.76,3
-425896.8386,277994.4511,3
-425273.8412,259566.3698,3
-425689.0707,211804.6818,3
-425146.7369,305093.2277,3
-424506.513,218126.6568,3
-425075.2559,308253.3595,3
-424396.743,206339.2176,3
-424477.2567,259953.7867,3
-424259.5252,212366.149,3
-424105.9005,218248.614,3
-423895.202,214241.3136,3
-423873.6325,214178.4706,3
-424031.6909,309138.031,3
-424236.2446,296319.9072,3
-424295.8378,177549.7153,3
-424866.6768,194794.8351,3
-423660.8308,214084.1275,3
-424007.088,214970.7343,3
-434253.6676,107997.4289,3
-423566.0639,214064.1735,3
-423961.91,182155.2956,3
-423526.902,213993.7207,3
-424318.4102,274300.2457,3
-423413.2,214056.8709,3
-423701.7184,252712.0215,3
-423398.0399,204618.9933,3
-423381.671,214002.3265,3
-424985.2234,113553.5394,3
-424355.9828,314257.9866,3
-423316.105,181207.1615,3
-423309.0056,214037.469,3
-423272.1047,213992.8776,3
-423812.4871,231517.8586,3
-423627.9357,282620.1861,3
-424920.8912,215719.9383,3
-423171.13,214094.5486,3
-423125.789,214035.144,3
-423650.445,196398.719,3
-423134.2094,294851.0804,3
-423013.7173,214142.3852,3
-423013.8217,214098.9443,3
-424233.1769,221011.3319,3
-423567.9503,254255.5922,3
-422979.3822,309074.353,3
-423531.511,259686.4193,3
-422872.864,174147.9022,3
-422864.7092,211643.794,3
-423242.4733,213692.7798,3
-423017.5689,282954.3481,3
-422808.1666,174164.1635,3
-422748.7846,174216.0686,3
-422832.8899,174204.6754,3
-423495.005,306615.5624,3
-422683.112,214138.6931,3
-423061.3837,280564.7405,3
-422832.8664,252204.7846,3
-422679.2511,214044.4984,3
-422609.3339,309018.7798,3
-422688.4614,176790.3449,3
-423051.8774,228463.5727,3
-422807.3313,309892.609,3
-422955.2967,225261.6435,3
-423036.6505,226997.6804,3
-423543.4541,175908.6832,3
-422502.4625,262673.471,3
-422925.1103,195087.0434,3
-422908.0711,230221.8522,3
-422414.7029,214024.3827,3
-422286.8652,213972.6001,3
-423299.02,233345.4198,3
-422241.9839,213920.6077,3
-422351.969,174061.8283,3
-422357.9572,224456.388,3
-422293.9196,260211.1421,3
-422475.856,272638.5353,3
-422064.1414,213951.367,3
-422032.5511,213911.9448,3
-422032.1681,248924.1193,3
-421901.9907,214000.712,3
-421978.9529,176819.9003,3
-422199.5512,281199.1239,3
-422482.7076,285554.4737,3
-422167.8346,197100.7018,3
-421611.2791,214078.1557,3
-421582.3921,214015.561,3
-421510.3773,214086.7419,3
-422038.8392,173225.9912,3
-421535.2952,282936.3188,3
-421348.032,248944.5716,3
-421093.5624,214114.8653,3
-421036.1931,214043.5604,3
-420958.8119,214075.2892,3
-420867.6226,214075.4995,3
-421016.3175,215522.957,3
-420786.9127,214206.4625,3
-421129.5794,233668.3124,3
-420709.0777,231826.1652,3
-421105.5426,171496.285,3
-420706.4201,214198.3573,3
-420633.697,241405.0893,3
-420759.1234,246551.3642,3
-420351.7344,214153.3107,3
-420394.504,214218.2254,3
-420335.2653,214024.6503,3
-420307.2035,214064.5828,3
-420491.5376,250130.4171,3
-421169.7794,170003.3366,3
-420568.5392,284875.3446,3
-422198.6751,179184.3903,3
-419936.7718,214066.8162,3
-419918.3506,214155.9316,3
-420366.4239,251243.2203,3
-419712.0635,214300.9596,3
-419831.2985,233777.5594,3
-421592.437,303086.4937,3
-419576.5539,214752.3132,3
-419585.4154,214380.8128,3
-419529.8191,214329.2663,3
-420292.9581,306522.7036,3
-419565.8729,214587.157,3
-419413.725,178278.1003,3
-419433.3298,178347.3463,3
-419262.8505,178073.9549,3
-419433.2774,246256.4424,3
-419277.4752,225170.1493,3
-419596.8161,198291.6216,3
-419336.0698,301063.6159,3
-418985.523,109075.1735,3
-418911.2982,267277.3281,3
-419403.1057,235460.1413,3
-418626.0124,267499.3986,3
-418928.593,177469.1753,3
-418528.9422,198605.2474,3
-419510.018,108114.0694,3
-418654.4814,249884.0511,3
-418631.4772,244677.8023,3
-418614.1043,308063.3385,3
-418497.694,311260.4016,3
-417771.9307,232167.5383,3
-417677.7466,313236.9899,3
-417627.8,248998.5146,3
-417842.243,202347.9906,3
-417726.6223,225240.0627,3
-417455.3908,248870.1563,3
-417424.7565,314685.8369,3
-417298.4858,252911.4015,3
-417308.2452,231616.0468,3
-417533.6401,200073.7907,3
-417267.4033,313473.069,3
-417746.5353,233368.5633,3
-417254.7822,313824.6706,3
-417247.6602,314025.7789,3
-417218.6534,314829.3086,3
-417525.0773,303232.9058,3
-417282.702,230728.2215,3
-417618.4184,197672.0884,3
-417373.141,279332.8399,3
-417439.9834,306423.7322,3
-417627.8936,209338.1928,3
-417366.8848,282622.0662,3
-416955.011,313332.7817,3
-417032.3234,314420.0648,3
-416917.4032,313815.3026,3
-416900.6814,256345.7882,3
-416938.2534,257913.3964,3
-416884.5156,314717.2263,3
-416931.2621,232185.2977,3
-420687.711,313615.9547,3
-416895.5225,314116.5064,3
-418205.5057,215038.4652,3
-417459.6999,163520.7319,3
-416683.6605,257320.2082,3
-416630.9479,254848.2304,3
-416632.0973,254807.2935,3
-416580.986,246259.0542,3
-417894.2561,268850.4302,3
-416853.6486,255761.5653,3
-416474.9041,313156.0733,3
-416432.7305,247160.5376,3
-416426.1576,247347.3971,3
-416913.0774,312576.2834,3
-416159.8341,263334.0657,3
-416218.7409,290253.5742,3
-416178.3732,258924.7281,3
-416083.3854,288629.2269,3
-415979.4302,290742.664,3
-415957.6991,217294.4227,3
-421073.3931,120906.5263,3
-415760.0625,273570.9115,3
-415790.7007,217508.2372,3
-415661.6797,217584.6648,3
-415657.7706,217669.9399,3
-415835.5446,165558.518,3
-415759.8091,165666.6568,3
-415969.1366,247115.0554,3
-415846.3005,281310.5918,3
-415347.635,283379.3763,3
-415340.8,283559.7301,3
-415317.7275,284609.7925,3
-415430.2913,236891.8035,3
-415533.9648,241615.1037,3
-415438.2555,297451.2714,3
-415037.1036,311920.2007,3
-414969.5584,236181.7673,3
-415299.4129,269224.5343,3
-414780.8005,282181.598,3
-419308.9864,238677.1228,3
-414866.4535,281854.9999,3
-414501.4034,242786.3874,3
-414495.2864,282031.3008,3
-414581.324,282206.6155,3
-414451.6947,242707.4079,3
-414466.7187,283724.6834,3
-414363.1834,282031.9831,3
-414394.6727,235780.0991,3
-414695.0613,210504.3983,3
-414244.2951,282062.0221,3
-414130.1731,283162.9135,3
-415498.1457,230543.642,3
-415876.57,310182.7936,3
-414571.2615,280587.1401,3
-414021.2024,283053.5675,3
-413884.2055,283047.3034,3
-413852.0223,282955.9339,3
-413919.0048,282543.2993,3
-413764.7579,282554.7499,3
-413782.4042,282719.0625,3
-413498.4282,164448.3437,3
-413741.9666,290614.736,3
-413659.6525,236921.0078,3
-413776.2544,267596.3684,3
-413279.2851,233654.4867,3
-413623.6675,303817.8589,3
-418093.4186,98245.9823,3
-414673.123,233614.4276,3
-413192.5375,233857.3176,3
-413219.4989,226217.2022,3
-413099.7901,309758.8218,3
-413273.1756,226811.0168,3
-414026.4336,245795.4269,3
-412849.7436,155088.3723,3
-412976.1725,231506.1393,3
-412523.7572,283473.2029,3
-412477.1476,217725.0785,3
-412382.6769,285397.5838,3
-412934.7156,166049.8239,3
-412570.8068,162707.7372,3
-412241.7242,285305.4593,3
-412186.4105,234399.3989,3
-412184.1083,162111.5657,3
-412130.5447,234883.8968,3
-412461.3335,207228.9347,3
-412164.3251,161954.3364,3
-412083.6953,161860.3237,3
-412037.5664,161822.8495,3
-411980.951,294040.6953,3
-412085.9684,231929.1628,3
-411680.3203,277477.7462,3
-412088.2493,239877.2856,3
-412075.1958,311025.1508,3
-415640.366,258582.5484,3
-411435.0043,96407.4993,3
-411537.4325,159210.0834,3
-411418.841,160939.5678,3
-411152.9032,292205.0859,3
-410946.245,256195.1879,3
-411389.7721,289680.0674,3
-412275.2921,282347.0792,3
-411588.7546,173683.3498,3
-410513.7911,214156.6116,3
-410745.9312,229805.4842,3
-410449.8564,279013.38,3
-410520.2301,150477.3518,3
-410108.2072,298678.7645,3
-408956.4966,297745.2403,3
-408786.2844,297880.3046,3
-408853.6621,227272.4485,3
-409298.8839,227827.0311,3
-409065.7802,172007.6249,3
-413049.3049,293251.1795,3
-408527.4525,262003.4536,3
-408621.481,277218.111,3
-408268.0845,230724.5534,3
-408249.9694,235700.6525,3
-408212.6131,230698.7873,3
-408159.324,292458.4028,3
-408955.0362,307720.2711,3
-408253.6238,144542.5248,3
-410353.9181,246062.175,3
-408058.3957,292449.1257,3
-408050.179,292414.7436,3
-408405.4215,240157.924,3
-408289.3384,291777.5022,3
-408078.8655,149989.6883,3
-407720.0213,291744.5862,3
-408085.6606,243119.0994,3
-407658.9094,290038.8002,3
-407645.8699,289951.7311,3
-407639.3424,289996.0261,3
-409472.2047,232810.4681,3
-408746.8899,155224.3019,3
-408003.1929,142164.2596,3
-407546.5845,290013.524,3
-407571.1058,292588.7883,3
-410737.7071,149119.216,3
-408165.2447,226581.2608,3
-407488.7807,183871.0647,3
-408256.4811,283635.8619,3
-407431.2133,285182.699,3
-407402.1592,284298.2513,3
-407570.0393,223746.0575,3
-407394.2926,173684.6287,3
-407104.2794,277958.8707,3
-407135.5869,292592.5399,3
-407861.4677,152748.5816,3
-406730.8854,278440.1608,3
-406425.5412,231770.656,3
-407085.5981,230710.5943,3
-406290.4282,174257.0011,3
-406247.3682,151143.8471,3
-406218.0083,180921.6621,3
-406142.0675,149331.9225,3
-406109.2172,179186.5423,3
-405587.5096,175697.6711,3
-405484.6363,282448.0473,3
-405364.4108,285579.2783,3
-405102.4458,292154.154,3
-404636.9345,213799.5266,3
-404635.7478,228533.8242,3
-404487.3738,213848.7746,3
-404490.7482,228508.0073,3
-404411.2972,234897.4137,3
-404516.9336,282606.6203,3
-403486.7073,303593.2282,3
-403491.7687,254399.4564,3
-403579.144,283488.27,3
-403369.9047,293765.8745,3
-402877.1069,254396.5948,3
-402925.6748,147464.1166,3
-402555.1784,254409.3958,3
-402164.6015,219824.3558,3
-401956.0522,294340.1259,3
-402003.5074,264071.5692,3
-402205.2304,260717.8597,3
-401750.764,288181.6938,3
-402324.0555,293794.9325,3
-401649.9317,288085.0092,3
-403121.0504,140933.3215,3
-401611.3351,254976.7809,3
-403836.142,217166.2315,3
-401764.5861,53887.6408,3
-402396.5437,252521.1064,3
-403966.6529,226534.6682,3
-401684.0296,167877.7617,3
-402050.4216,265781.9748,3
-401305.978,270061.7435,3
-401322.3963,278477.9797,3
-401277.9403,64219.7906,3
-401077.2409,64450.9737,3
-401061.7164,210818.4622,3
-401108.0211,64242.5389,3
-400955.6044,64252.7434,3
-401427.5783,274776.7656,3
-402325.605,286356.7126,3
-400666.8936,290175.2281,3
-400658.258,176559.9406,3
-400859.137,53042.405,3
-400619.4203,270392.6367,3
-400721.9837,284842.579,3
-400529.6401,286545.3009,3
-400684.4019,277545.4524,3
-400283.0049,238988.9927,3
-400099.7341,176896.2346,3
-400517.3248,146816.5284,3
-399851.1525,266919.5833,3
-400445.3578,261424.5902,3
-399924.3754,201793.4801,3
-399560.7599,60834.03,3
-399700.2626,270448.763,3
-399191.9064,270466.0558,3
-399499.1542,274123.7216,3
-398811.7482,278962.3056,3
-398903.9575,147621.7355,3
-398615.8536,278721.4094,3
-398607.1731,279105.7883,3
-399242.2614,51551.6028,3
-398341.4795,273058.3092,3
-398379.723,278577.0159,3
-398415.9708,278849.1444,3
-398322.7014,273246.1959,3
-398388.729,279224.128,3
-398658.5779,175785.6219,3
-398256.368,278656.0383,3
-398286.2069,195302.5168,3
-397829.6238,278730.5365,3
-397965.4591,196276.3332,3
-398114.2015,167148.0538,3
-397793.2433,199335.5844,3
-397588.4551,270752.6974,3
-397984.9795,204436.077,3
-399667.1915,56309.6827,3
-403473.1983,241093.7452,3
-397240.0728,206911.9621,3
-397079.4524,270750.1816,3
-397082.5812,266330.5855,3
-397632.7066,279800.3874,3
-396945.1186,266407.9641,3
-396757.4046,266361.2644,3
-400030.8535,233094.7167,3
-396528.9055,266446.0202,3
-398102.5981,271767.173,3
-396798.7008,93786.7704,3
-396497.628,267196.8777,3
-396694.7695,268107.1117,3
-396321.4183,-43259.2032,3
-396223.5329,-42889.4215,3
-398523.0321,263094.2144,3
-399065.9255,217883.4264,3
-396242.8733,-43041.0746,3
-397163.9789,268993.2725,3
-396121.7022,66929.3747,3
-396242.8762,67228.1945,3
-396626.8127,270017.5682,3
-395606.4826,158816.0632,3
-396894.4521,171906.3336,3
-395692.876,53380.8187,3
-397943.8733,255956.5727,3
-395921.1545,60893.3415,3
-393895.1267,80887.6269,3
-393913.7703,99285.2398,3
-393587.8289,100095.904,3
-392538.7947,111131.5871,3
-392502.131,37811.0137,3
-392321.5554,26790.8765,3
-392046.7174,109249.1213,3
-391745.2608,111107.5335,3
-391592.0209,14170.2077,3
-391610.0802,45563.1512,3
-390781.1893,101969.0042,3
-391069.892,135054.1935,3
-390283.149,41690.5801,3
-390294.8426,13887.7659,3
-389323.7722,55765.5516,3
-389498.2266,36018.6354,3
-388922.1096,55165.5176,3
-388423.8635,14612.8858,3
-388065.9053,115693.1051,3
-387718.8538,1921.4868,3
-388556.9031,-37403.5132,3
-388688.0191,113319.5398,3
-388022.3021,12298.1,3
-388059.6024,-39905.1292,3
-387762.4399,54701.1013,3
-386965.5619,72111.1192,3
-386346.2043,179272.4085,3
-386317.7896,179241.5854,3
-386288.5307,179210.7885,3
-386259.272,179179.9971,3
-386221.1774,179128.5878,3
-386666.5478,-2180.7759,3
-386158.4376,179051.2502,3
-386105.6425,178938.9517,3
-386075.4283,178879.3711,3
-386045.2141,178819.7905,3
-386949.7532,19179.0754,3
-386014.9999,178760.2099,3
-385984.5974,178702.5189,3
-385958.3879,178668.8728,3
-385922.2133,178617.455,3
-385893.916,178584.6208,3
-385837.5506,113850.143,3
-385253.344,178334.2574,3
-385206.2321,178471.5796,3
-387148.3623,32071.5584,3
-386092.1037,-28314.6341,3
-385221.9776,109447.9672,3
-385411.831,177655.288,3
-385280.4764,74056.8783,3
-385382.2364,4358.5213,3
-385113.6903,112936.5773,3
-384526.4164,72624.996,3
-385058.2809,-30094.0668,3
-385095.2784,179905.4408,3
-384604.7912,8360.1118,3
-384076.9629,67794.8376,3
-384141.7149,73638.6952,3
-383765.9368,-56000.1348,3
-383782.3459,-54902.7318,3
-383697.1503,-53899.0953,3
-383801.7621,78098.5304,3
-383869.83,84213.1232,3
-384216.4419,-35506.3693,3
-383295.0752,138880.4453,3
-382906.1236,4585.7505,3
-382590.7697,-47282.3,3
-382358.1997,3607.7193,3
-383499.0387,-39564.7389,3
-382240.8426,3736.2796,3
-382559.8408,139228.9043,3
-381987.8931,140810.874,3
-381908.7841,106270.2011,3
-391029.7984,173050.4336,3
-381688.419,35413.4286,3
-381421.4565,-48236.0958,3
-381222.5978,120204.8489,3
-380145.6383,63515.8314,3
-380103.3481,30089.1418,3
-379718.1757,61587.2697,3
-379223.6146,3688.5175,3
-378966.363,57719.1399,3
-378963.948,57851.8425,3
-379091.9853,58361.4199,3
-379978.5298,150020.84,3
-378803.3532,-16276.9111,3
-378645.1446,57955.6399,3
-378585.1636,57956.1441,3
-381958.1102,-58323.7024,3
-378480.9605,57969.89,3
-378942.4959,55837.2965,3
-378227.8626,56610.2879,3
-378381.9772,57289.0564,3
-378197.2696,57974.3589,3
-377974.4784,52888.5169,3
-378333.7009,-47499.9789,3
-377984.0078,83867.65,3
-378144.5055,51250.3147,3
-377776.7349,132094.6929,3
-378029.952,116482.5907,3
-379356.3411,342.0111,3
-377609.9691,82895.7922,3
-398755.0964,65841.802,3
-376418.5906,62611.4544,3
-377044.5301,57466.5913,3
-375978.478,54886.6137,3
-375640.2321,-44174.9474,3
-375635.8547,-43820.9768,3
-375604.464,-44012.5314,3
-375811.4956,35706.7419,3
-375371.3984,-57255.4917,3
-375341.8384,-57244.4385,3
-375521.6854,61811.0789,3
-375766.7726,59165.3443,3
-376244.7317,145489.1432,3
-378612.7767,-42742.6675,3
-375868.9727,87187.6088,3
-375454.341,56244.5156,3
-374675.9944,57147.7034,3
-375149.9898,53615.9539,3
-374204.6395,57191.7955,3
-374453.0156,57562.1954,3
-374437.8713,61205.5059,3
-374370.0257,81996.6554,3
-374260.5856,88246.2279,3
-374455.1545,-49207.6199,3
-378869.6055,-30401.689,3
-374203.0307,-56747.4252,3
-372748.8425,81272.1837,3
-372920.5445,112118.2373,3
-372884.1177,139403.6381,3
-372397.4801,80490.5648,3
-372184.6492,81143.9718,3
-372094.9714,-27663.1459,3
-372424.6933,89648.0728,3
-371508.2559,-51465.1651,3
-371614.748,90045.5311,3
-371515.3854,68396.0831,3
-371275.3697,-36171.5004,3
-370000.5591,58847.8253,3
-370727.9515,-52692.1712,3
-369954.52,-53722.9245,3
-369898.3449,61198.8658,3
-369835.6318,145331.8858,3
-369901.645,60062.7318,3
-370075.3183,68000.6189,3
-370909.4505,-55557.7721,3
-369564.418,66218.279,3
-370247.343,24640.2795,3
-369796.2106,64334.313,3
-369520.8912,-45985.8738,3
-369260.5781,-54688.0022,3
-369233.9218,-54784.7781,3
-369283.927,67474.2446,3
-369260.9215,-55175.5181,3
-368884.3452,67093.3038,3
-368813.6393,59031.5107,3
-369297.6753,102224.2611,3
-368729.5929,62939.2849,3
-369130.3176,65289.9014,3
-369724.6144,62649.2289,3
-368419.2455,66099.0633,3
-368459.2429,59270.7181,3
-368854.013,68306.2134,3
-368236.4742,64182.4218,3
-368750.68,58625.0949,3
-368008.3587,63529.9487,3
-367975.4302,62745.0139,3
-368153.1454,7543.6276,3
-368212.2006,3819.9896,3
-367923.4941,56491.6278,3
-368308.6306,60676.5997,3
-367656.0442,62432.0477,3
-367731.0259,63007.1013,3
-368567.3608,-44975.8428,3
-367283.5507,56878.6922,3
-368071.9233,57804.5266,3
-367123.6565,57965.416,3
-366668.5547,-17372.1387,3
-366549.6199,67462.8982,3
-366476.7506,6960.8868,3
-365859.5301,101269.2876,3
-365228.581,83274.9041,3
-365663.6326,7975.2416,3
-365456.1123,1096.0061,3
-365180.9664,54909.7639,3
-364651.6741,-21030.8472,3
-365829.452,57289.2395,3
-364606.1925,-20916.1529,3
-363888.0087,-43836.1663,3
-363828.5622,-43805.8817,3
-364074.7348,87533.0381,3
-363769.1157,-43775.5971,3
-363709.6692,-43745.3124,3
-363650.2227,-43715.0278,3
-364066.0566,58407.8661,3
-363015.0674,-41677.7396,3
-363588.9762,92669.7848,3
-363089.8774,86890.1645,3
-363045.2166,54224.9194,3
-362337.1648,-41604.3459,3
-369299.0149,-26230.2758,3
-362589.8322,98314.4258,3
-362204.9078,-44437.7071,3
-361480.8141,53212.7901,3
-360977.9866,-41648.5762,3
-360761.0244,133867.8352,3
-360774.7841,134537.2165,3
-360634.0321,-27391.1148,3
-361198.6249,98782.5632,3
-360422.0096,-27392.5852,3
-360572.0843,-41408.7154,3
-360267.339,-40964.5119,3
-360327.613,60276.5103,3
-360182.5989,52328.2272,3
-360135.7606,130322.6924,3
-359961.2409,52113.1831,3
-359879.9011,51966.8396,3
-361008.2678,87352.5038,3
-359219.7068,-29039.72,3
-359189.6768,-29069.6727,3
-359159.801,-29099.7985,3
-359133.7415,-28689.3177,3
-359101.6741,-28741.1598,3
-359263.1534,28366.2721,3
-359434.4914,-721.5884,3
-359701.4434,-3881.1866,3
-358951.571,-28801.9981,3
-359052.7802,95694.1724,3
-359157.9331,61248.2477,3
-358628.8639,39197.3022,3
-359907.6881,82186.1611,3
-357731.7277,65058.9123,3
-357301.611,19.0678,3
-356804.4214,49154.693,3
-357552.0218,-34960.8959,3
-355890.3086,-42948.0047,3
-355625.8128,48454.2872,3
-355573.9259,89809.2408,3
-357583.4757,-26738.1921,3
-355159.8424,-195.4236,3
-354352.8316,88929.6289,3
-354111.7121,-50008.8715,3
-354280.3737,54794.6159,3
-353823.9109,72799.8046,3
-353906.8529,84564.0989,3
-354869.0679,47178.7349,3
-353829.8606,-49650.1978,3
-354481.0672,40649.1731,3
-353618.7941,-49180.5689,3
-353933.3741,27621.9082,3
-354009.3858,58498.6169,3
-353204.9838,84536.7525,3
-354655.8927,-24550.8178,3
-360920.9041,-55329.9375,3
-353218.2382,-48738.4646,3
-353714.1944,-51460.833,3
-353804.6991,56128.4147,3
-354104.4091,-34091.2208,3
-352756.9683,46775.2116,3
-352786.575,84060.0238,3
-352855.5244,87776.5455,3
-352802.4312,-32125.9174,3
-353011.3707,57402.2774,3
-353132.5638,-44359.2787,3
-351993.7874,59198.5047,3
-351752.6051,37183.2073,3
-353882.0362,92309.2366,3
-351490.0392,47215.364,3
-351434.7276,47183.7158,3
-351658.3755,97939.3231,3
-351559.57,56317.192,3
-351478.4592,72432.9541,3
-350523.949,92479.5285,3
-349502.6874,-52801.6959,3
-349410.9939,-52860.6272,3
-351053.1945,-51576.1209,3
-348724.7042,-22892.0674,3
-349452.0993,60924.2945,3
-348607.0378,43883.4896,3
-348417.9441,58993.3226,3
-348550.8336,56057.2676,3
-348238.3638,57429.2911,3
-348242.1156,57594.0834,3
-348152.4336,57794.7895,3
-348280.0797,58403.7385,3
-347991.5495,-18666.3508,3
-348285.5662,80774.7929,3
-347940.0242,-18623.0152,3
-347886.4628,-18774.2607,3
-348054.8068,59163.8341,3
-347777.0298,38550.2815,3
-347678.5057,-18592.5482,3
-347895.9009,28316.2346,3
-348146.8106,91860.478,3
-347490.0202,-18419.9823,3
-347523.8594,58973.7765,3
-347589.7005,38717.0927,3
-349844.7143,39605.951,3
-347073.8552,58284.1251,3
-347088.9229,58781.4874,3
-346892.0715,57840.8862,3
-346996.6663,-12008.1933,3
-346789.6799,27522.9964,3
-347820.6627,-10809.1679,3
-346413.8142,-55471.0784,3
-346207.2635,-56199.0262,3
-346242.8747,-55820.3999,3
-347210.3285,-52128.3333,3
-346174.832,-56287.0364,3
-346276.2487,60402.333,3
-346133.1203,-56337.8593,3
-346492.4035,62766.5117,3
-346089.8752,-56377.6039,3
-346056.8881,-56405.3039,3
-346029.3971,59234.4437,3
-345982.6765,60675.1424,3
-345976.6787,61226.4101,3
-347060.5473,56731.0714,3
-345879.3097,-57314.4517,3
-345861.6012,-56610.2358,3
-345778.7735,72794.8146,3
-345719.5579,24826.8868,3
-345768.7765,-12425.7817,3
-345829.3656,58614.2201,3
-346067.498,59778.0507,3
-346076.9383,69537.4726,3
-350849.5366,77757.5057,3
-345343.7884,-60514.002,3
-345639.6919,71129.2294,3
-345267.9966,57180.9483,3
-346423.025,82983.0849,3
-344952.2652,-8986.9102,3
-345274.5331,-56548.9049,3
-345320.2746,57957.7897,3
-344901.859,-13316.4976,3
-345346.1003,66176.6761,3
-345443.4203,-59339.5298,3
-344934.0172,77441.9866,3
-344174.9524,91517.896,3
-344361.4502,82600.218,3
-344263.497,57641.1262,3
-343886.1599,54282.683,3
-343957.8525,-12384.6098,3
-344070.0682,67122.0553,3
-344920.8182,74720.2863,3
-343386.4851,67398.5626,3
-343497.3419,78722.4403,3
-343680.2904,91843.0698,3
-342968.5257,80274.2275,3
-343348.8103,-55220.6921,3
-342812.4171,79080.8331,3
-344274.82,81352.9619,3
-343574.1987,-60508.2297,3
-342335.966,81547.671,3
-341810.4047,47309.9493,3
-341589.4003,53487.0837,3
-349965.3184,49623.2349,3
-341023.3325,84614.9944,3
-341308.6819,83086.985,3
-342133.1872,85706.0901,3
-341838.3288,-14172.4422,3
-340580.8617,42276.8805,3
-340014.4877,39621.7576,3
-339984.3463,39502.275,3
-340104.2873,40824.7381,3
-339510.0463,46897.1426,3
-343692.4002,20978.711,3
-339358.6582,46597.6172,3
-338963.7527,34751.8489,3
-338933.5741,35539.2797,3
-338919.9523,34505.1132,3
-338875.3438,34446.9351,3
-338848.6298,34412.0408,3
-339633.274,-15575.423,3
-339431.0336,38024.1878,3
-338414.208,33743.5211,3
-338367.494,33693.7325,3
-338708.6982,-16587.6063,3
-338273.924,33549.0498,3
-338247.21,33514.1555,3
-338213.782,33459.2612,3
-338187.068,33424.367,3
-338126.9258,33334.5787,3
-338065.4489,33244.223,3
-338038.2626,33212.5877,3
-338004.8344,33157.6937,3
-337975.9734,33072.8447,3
-337946.5686,32980.9457,3
-337917.1638,32889.0471,3
-337887.759,32797.1485,3
-337855.2193,32685.2499,3
-337825.8145,32593.3513,3
-337796.4097,32501.4527,3
-337767.0049,32409.5541,3
-337737.6001,32317.6554,3
-337702.3063,32212.2919,3
-338520.2403,-8604.6021,3
-337673.2674,32121.7147,3
-337643.9658,32029.4619,3
-337611.5637,31917.2093,3
-337582.2621,31824.9567,3
-337542.4837,31690.7811,3
-337330.7872,23016.4412,3
-337251.3267,22929.9086,3
-337156.6301,22815.0812,3
-337041.3007,22689.9384,3
-337012.5474,22658.5141,3
-336983.7941,22627.0898,3
-336955.0409,22595.6655,3
-336893.0295,22517.2483,3
-336831.2746,22449.9682,3
-336728.0233,22325.8522,3
-336592.3761,22178.6616,3
-336426.597,21973.5325,3
-336294.419,21689.4467,3
-336263.0472,21516.6844,3
-336233.5708,21363.9221,3
-336202.199,21191.1598,3
-336172.7443,21038.4461,3
-336141.6606,20865.0452,3
-336189.383,50884.9157,3
-336110.5525,20691.0303,3
-335901.4637,-53091.4672,3
-336073.9447,-17082.2402,3
-336260.0998,35518.7901,3
-336965.2393,26909.6351,3
-335607.3781,19441.0348,3
-335339.0626,19200.8984,3
-335308.6282,19171.3147,3
-335304.932,-53366.2655,3
-335268.4527,19122.0633,3
-336121.265,50690.4621,3
-335033.8034,18867.567,3
-337138.5836,-56540.3386,3
-334787.3568,18613.9783,3
-334620.4835,49463.4828,3
-334777.0111,39212.8342,3
-334582.5519,49355.0706,3
-334615.6131,139596.7463,3
-334740.8016,24504.4135,3
-335350.7198,26337.4866,3
-337030.1251,17556.4232,3
-334522.882,18337.2528,3
-334475.1154,18276.1958,3
-334399.3054,17084.8367,3
-334396.6777,16977.6494,3
-334401.149,16552.5368,3
-334939.1024,49872.8949,3
-333840.9174,-48568.5459,3
-335217.3011,48592.5983,3
-334009.0081,15880.7154,3
-333459.1398,15455.1343,3
-333381.2631,15397.0743,3
-333052.1389,-50110.0715,3
-333025.6716,-50201.6518,3
-332993.8765,-50344.0422,3
-332962.1921,-50486.3099,3
-333119.0257,37220.7847,3
-332939.9063,-50549.593,3
-332703.8427,-51358.6574,3
-332858.7789,48349.3796,3
-332655.7249,48679.5884,3
-332575.2127,-51321.183,3
-332508.2189,-51295.2022,3
-333025.3326,-57167.6994,3
-332397.4214,-51269.7923,3
-333029.6232,-48641.2167,3
-332279.7228,-51230.3914,3
-332781.1519,14919.7202,3
-332055.2967,38738.4773,3
-331880.0499,14227.7762,3
-332081.4321,14993.9288,3
-331792.3348,38529.257,3
-331954.9668,-51218.2943,3
-331772.3281,14137.0042,3
-331643.3117,14045.2314,3
-331610.5268,14017.4097,3
-331558.0437,13972.7462,3
-331492.2802,13926.1137,3
-331459.6532,13898.1942,3
-331384.1414,13830.1076,3
-332203.2589,35649.2525,3
-332066.5636,37813.0163,3
-331331.4556,13749.011,3
-331244.7432,13591.6146,3
-331090.4887,-10951.8652,3
-330824.5787,38026.5942,3
-330878.5876,-7669.2969,3
-330753.7514,12701.0934,3
-330910.9447,10999.0149,3
-330372.6543,11856.0399,3
-330357.6852,9815.8285,3
-330269.2055,9601.9601,3
-330297.9975,35923.1158,3
-330030.931,33466.9371,3
-330686.1615,21291.9648,3
-330096.3808,-56377.7171,3
-330504.0001,33410.018,3
-329452.7974,-10532.1341,3
-329450.3596,-8953.1749,3
-329044.8017,-11766.1383,3
-329036.6065,-8552.5999,3
-328631.1392,-12173.5585,3
-328631.9527,-11357.2858,3
-336117.364,7798.912,3
-329076.3401,30791.6603,3
-328167.1024,31824.3868,3
-328498.3256,32525.3038,3
-329012.3192,-52135.3198,3
-327830.6078,-9232.9833,3
-329453.7518,146334.7906,3
-327608.7423,-8208.5276,3
-326926.0145,27435.6676,3
-327546.4346,24914.1817,3
-326491.8417,45003.3916,3
-327213.7898,30577.2262,3
-326451.5048,45219.9636,3
-326294.8988,44885.9139,3
-326243.2355,37274.0152,3
-327082.5134,-10655.3715,3
-327178.0882,22671.6393,3
-325328.3157,-23036.3267,3
-326320.1634,-14112.4008,3
-325214.2929,-47076.3699,3
-324567.405,-2121.0454,3
-324538.7109,-2215.5518,3
-324504.2208,-2350.058,3
-324663.1578,-13013.1214,3
-324475.5267,-2444.5642,3
-324635.1986,-19444.6587,3
-324350.0686,-2896.1178,3
-324326.2082,-2956.9776,3
-327023.3692,-55625.7546,3
-323749.283,-21245.9319,3
-323897.8143,-15351.2543,3
-323456.614,-18606.6611,3
-323667.9725,-20319.4998,3
-324342.4519,-10590.66,3
-322775.4695,17406.4259,3
-325962.5799,-3982.4149,3
-322923.4708,-3316.5812,3
-348695.1019,121784.3815,3
-321701.776,33647.5251,3
-321411.2086,33761.1095,3
-321521.5214,-2337.078,3
-322360.3445,-32961.8452,3
-320903.1428,33245.5618,3
-321603.177,-18913.5142,3
-320346.3095,146080.9895,3
-319981.4279,145941.2652,3
-319953.7928,145786.6768,3
-319920.1771,145558.9168,3
-319847.242,145215.1593,3
-319861.1169,500.1446,3
-320074.924,-12603.6998,3
-319176.4039,-56411.292,3
-319145.0614,-56468.9089,3
-320268.9402,-19888.2602,3
-319082.3685,-56584.1702,3
-319050.1344,-56640.211,3
-319023.7663,-56675.9253,3
-318970.0273,26670.926,3
-318940.5129,30278.8366,3
-318854.9396,30278.9285,3
-319037.6622,153608.1445,3
-319224.301,-2754.7967,3
-318872.2233,26383.1853,3
-319179.1696,-4372.3406,3
-320473.6164,154323.4663,3
-318546.5837,-58525.8015,3
-318630.728,30279.0286,3
-318763.0423,155298.5506,3
-318064.4714,-58108.483,3
-317935.6536,-58041.1953,3
-317916.0558,-57983.1574,3
-319752.6172,-14654.7366,3
-318106.5016,152651.3994,3
-317971.7771,-5557.2374,3
-324722.6577,6512.1929,3
-317161.4785,-7610.0795,3
-317487.2066,2104.9094,3
-316325.5608,38860.9332,3
-316108.1629,-16908.101,3
-314523.8788,37527.7594,3
-315152.7833,-51419.5455,3
-314156.5494,36693.5787,3
-313694.6174,35756.3627,3
-313491.8844,36090.079,3
-313894.3231,36090.6212,3
-313454.9766,36562.3501,3
-313912.7501,-20975.9838,3
-313534.626,-27154.558,3
-313068.0972,35248.7416,3
-312369.6236,30439.9592,3
-312279.939,-76890.0035,3
-312362.226,30309.1285,3
-312060.0177,-77702.0257,3
-312063.3163,-12063.3157,3
-311790.0481,-77740.0864,3
-311765.9328,34144.7372,3
-316150.0578,27457.7215,3
-311808.1071,26882.7179,3
-311650.9221,30448.4722,3
-311519.6761,34125.5698,3
-312370.2329,-22204.3227,3
-311292.4064,34141.8141,3
-310852.939,-14486.9567,3
-310596.2794,26485.8946,3
-310589.8545,-27372.9676,3
-311144.4034,31711.0618,3
-309692.4556,-39903.0284,3
-309586.8864,26089.6224,3
-309711.7829,5867.1036,3
-309673.2756,-14317.1734,3
-308443.9427,4211.4355,3
-308429.7307,-15479.0073,3
-309669.9421,28591.5863,3
-307021.1365,-21921.0357,3
-307198.0275,-13867.8526,3
-308756.0844,20417.7667,3
-311220.8512,-17204.3243,3
-306582.4135,24243.2174,3
-305905.8794,24850.5514,3
-305860.9051,-64357.1998,3
-305707.7762,-64161.8707,3
-305672.6301,-65108.7027,3
-305642.4731,-65163.0794,3
-305735.3256,-64651.0356,3
-305782.7496,24091.96,3
-305646.765,-64141.0499,3
-305876.2575,-37252.4223,3
-305499.7665,-57374.3259,3
-305405.2647,-57390.0843,3
-307033.6054,26483.384,3
-305659.6698,-23818.3775,3
-305278.5295,18932.5722,3
-304700.4442,2958.2233,3
-304894.3889,22280.662,3
-304964.0287,1385.2885,3
-304759.2919,-19110.8169,3
-304008.2699,-51075.7805,3
-343801.3084,-17037.2045,3
-304374.7582,-4150.8095,3
-303499.9339,-52089.1022,3
-304173.8309,123783.9928,3
-303285.0127,20859.9682,3
-303356.5901,21548.0325,3
-303886.0895,-36436.8798,3
-303705.646,-62001.8904,3
-303091.7087,17153.3399,3
-302648.8063,18194.9965,3
-302648.7815,18254.9965,3
-302648.7319,18374.9964,3
-302606.68,19560.8738,3
-302514.795,-62463.2907,3
-302386.2886,-53405.5469,3
-305315.4679,-55267.2928,3
-303499.461,35785.1174,3
-302132.7527,-58724.7633,3
-302659.1592,-3196.5724,3
-301699.0184,160653.0039,3
-300749.8354,-37687.0038,3
-300829.6575,-5492.3615,3
-300847.7833,-54566.9021,3
-300158.8543,-7619.9128,3
-301186.5331,-64654.4482,3
-300106.1593,-7260.2864,3
-300287.5037,-6262.8985,3
-300845.385,-57875.7026,3
-308661.589,-69630.9686,3
-299828.1258,-55118.8724,3
-299353.8476,142973.7253,3
-299323.7552,-55447.6222,3
-299825.4306,-8089.6174,3
-299054.9529,-7804.8085,3
-298679.7307,-7794.2549,3
-298203.207,-53400.0896,3
-298248.4266,-55751.321,3
-297851.1844,-53850.8189,3
-297849.9968,-54006.0993,3
-297844.6804,-55900.605,3
-298235.1248,-56242.6981,3
-297249.4459,-57810.7164,3
-299420.114,-49764.3501,3
-296593.9555,-57653.335,3
-296055.0651,-58154.5486,3
-296437.2173,-24334.0554,3
-295950.7307,-58143.0176,3
-296191.6526,-54857.6356,3
-296161.1615,-63712.8182,3
-296485.1532,-73418.8434,3
-294655.6032,-74705.3436,3
-294628.5861,-74523.041,3
-295640.4055,-56308.7781,3
-294362.8569,-74653.3618,3
-294338.0502,-74712.3837,3
-296225.8914,-10440.039,3
-296259.6413,-60896.8308,3
-294153.4711,-64678.1237,3
-293375.4933,-65578.8269,3
-292905.5428,-65275.592,3
-294019.6698,-25054.9792,3
-292615.1338,-65286.9558,3
-292954.0703,-63966.7135,3
-292358.786,-65093.4705,3
-291793.9581,-65281.7742,3
-291686.8769,159917.2235,3
-291392.7007,-66028.0508,3
-291143.1807,160621.1297,3
-305302.8579,-10148.3512,3
-290914.4227,19279.4385,3
-291461.0419,-26652.4218,3
-290644.3856,-66269.2371,3
-290854.8245,-24146.3834,3
-290262.1251,-67152.4114,3
-289626.7709,-68183.8921,3
-289273.4019,17385.7066,3
-288508.6801,-69873.0004,3
-288313.8144,-28244.075,3
-289757.1434,158492.2667,3
-288686.8546,152054.3402,3
-287764.0888,156004.1587,3
-286992.8858,158444.4057,3
-287412.67,-70281.0589,3
-286926.4153,150933.6004,3
-286591.547,-19313.9503,3
-286020.9152,-71745.9401,3
-285297.2172,150126.204,3
-288910.1042,-60966.1647,3
-285380.2876,-72356.4914,3
-285693.0694,145946.0613,3
-284081.7482,-55092.0966,3
-283965.0131,-55221.8259,3
-284096.3686,127191.2191,3
-284053.517,128404.3873,3
-285103.9897,-14345.7671,3
-284548.6062,151682.2569,3
-284482.7446,155889.8573,3
-283521.017,11816.037,3
-283415.7885,12075.2703,3
-283685.0331,136349.7084,3
-283321.8312,11923.3895,3
-283004.7946,-75927.8618,3
-283147.0815,150650.8687,3
-283003.4942,11629.1491,3
-282831.9113,126773.7885,3
-282890.0535,126323.6112,3
-282736.8243,126125.0962,3
-282733.6768,10599.3557,3
-282620.0709,126121.5071,3
-282757.7413,150247.0428,3
-282584.801,126444.4945,3
-282579.1884,125936.8728,3
-282591.9225,126539.4275,3
-282539.3384,126378.4829,3
-282536.3192,126049.3732,3
-282478.8678,-66693.7141,3
-282503.0339,-74622.0482,3
-282490.3772,-74173.429,3
-282394.4639,125945.1334,3
-282286.5003,-74647.296,3
-282262.9366,126033.1448,3
-282897.5291,-19811.6057,3
-282361.6297,149841.4441,3
-282161.8047,126249.1425,3
-282090.6437,-75529.4305,3
-282096.5218,126512.776,3
-282074.2117,-75367.8271,3
-282065.7062,126316.0622,3
-282005.8461,126391.8077,3
-281912.8928,126397.1553,3
-281930.5933,124676.0324,3
-281874.7552,126107.6182,3
-281876.6899,126144.1881,3
-281845.2975,126197.0754,3
-281819.921,126331.2392,3
-282670.4414,-14868.7946,3
-282183.2125,-76148.6422,3
-281570.6743,126381.1068,3
-282469.3253,-31053.036,3
-281533.8808,126326.1877,3
-281502.3711,122886.9908,3
-289753.694,12641.6068,3
-281019.9805,-43747.9392,3
-282568.8996,138737.0021,3
-280852.4408,141485.1993,3
-280674.4308,-16409.2661,3
-280858.7964,-36254.2193,3
-278481.1306,148573.6537,3
-279563.4502,-39238.1883,3
-278228.271,148813.6641,3
-278105.3476,132129.3741,3
-278032.0783,149108.5284,3
-277547.4548,1488.5109,3
-292073.5651,-40218.0793,3
-277353.2273,443.886,3
-277275.286,132792.8759,3
-277753.714,141014.2879,3
-276625.5353,133929.081,3
-277546.2403,-54519.0037,3
-276349.5616,133650.66,3
-278344.3158,-52301.4152,3
-276142.4882,133148.8152,3
-279395.7403,-484.2975,3
-276203.5368,117760.4749,3
-275861.2214,133271.3194,3
-281811.7592,-68893.5326,3
-275596.1659,120902.0481,3
-275917.2559,142194.9249,3
-275539.0691,133675.2796,3
-275049.3587,122393.7158,3
-274880.7216,122107.8823,3
-275799.3554,-10150.6098,3
-274850.5273,158098.9217,3
-275034.5656,124650.4706,3
-275729.4382,-97195.9656,3
-274281.866,158153.7312,3
-274496.1477,141196.1816,3
-273903.2509,119356.3097,3
-273538.5685,145644.8187,3
-273275.6861,105548.404,3
-273177.704,126178.0829,3
-272495.9549,-68006.8782,3
-272441.6359,-67965.1725,3
-272699.9141,125711.4937,3
-272247.8559,144351.0684,3
-272103.4771,144881.0129,3
-300547.9624,135934.3856,3
-272630.2385,-18789.3294,3
-271633.1389,-85967.1887,3
-272229.5837,146112.8314,3
-271433.5214,156749.3162,3
-271144.6746,-18247.5444,3
-270129.4199,123664.5847,3
-269619.032,-85032.1533,3
-269776.1866,142974.0444,3
-270485.7893,-98665.1736,3
-268973.9924,-85323.2141,3
-269209.821,-85954.6067,3
-268634.981,-85333.3309,3
-268560.1605,-86725.3101,3
-268569.1267,-84759.1047,3
-268370.1381,-80785.2648,3
-268186.2804,-85144.1046,3
-267658.8645,135566.4064,3
-267796.454,-80597.5809,3
-267448.5663,137841.8167,3
-268298.4007,-49639.4621,3
-266658.4134,159007.6334,3
-266656.2741,158126.2911,3
-266106.6824,159133.0179,3
-266084.2552,-10949.9214,3
-266161.4379,125201.9245,3
-266374.365,131916.345,3
-265882.2003,136983.5443,3
-265888.8458,157447.6936,3
-265716.2404,-10830.647,3
-265797.3211,-11141.3239,3
-265935.2897,134393.8009,3
-265616.8855,-12289.9127,3
-268586.5981,-25103.2557,3
-265713.0924,159219.5499,3
-266381.4517,-96290.3101,3
-265429.8219,-10517.1126,3
-265146.5038,137253.2017,3
-265355.1771,133123.4449,3
-265118.5105,-9278.5776,3
-264791.116,137262.272,3
-265364.0515,-90762.1546,3
-264585.0057,-10991.841,3
-264720.9544,138682.1906,3
-264641.3297,134628.1176,3
-268515.0938,138328.4367,3
-264569.481,149609.8193,3
-264791.8802,-103437.7688,3
-263977.8134,136217.5775,3
-264294.3271,-10041.7833,3
-263956.8518,122258.2232,3
-263556.1713,135538.8452,3
-263310.7818,137470.6369,3
-263426.7283,138941.4464,3
-262859.068,138412.5558,3
-263043.1831,125596.7312,3
-262668.5546,143603.5716,3
-262441.0269,146549.2501,3
-262827.0519,-102858.7143,3
-264153.5971,157102.6279,3
-261937.9464,141466.1778,3
-261584.309,143071.9227,3
-264689.7345,145419.0219,3
-262697.2759,142322.9513,3
-260876.4623,137472.7602,3
-260778.3363,132797.5011,3
-260572.947,132848.627,3
-264749.9127,-13160.2881,3
-260233.8822,137412.929,3
-260298.4265,-103862.5879,3
-259591.7262,137479.041,3
-259108.8224,140576.3471,3
-259093.6679,147351.6872,3
-259039.4313,147383.409,3
-259014.1156,140598.2332,3
-258981.6965,140825.0101,3
-258705.1657,140921.8353,3
-260040.1075,135922.218,3
-258235.1039,-72037.6359,3
-257880.2171,142808.3199,3
-259277.7455,131711.9648,3
-257172.2369,128262.6924,3
-258104.6235,-107486.6265,3
-256484.5179,159896.4304,3
-257676.3508,145307.4372,3
-256031.1806,154882.9284,3
-255983.2895,142231.6162,3
-255957.9286,141838.2674,3
-255922.086,141884.5106,3
-255894.1751,141947.065,3
-255865.1688,142009.2715,3
-255970.8627,140477.1045,3
-255869.036,135192.4294,3
-255690.3138,129977.7137,3
-255614.2262,129978.862,3
-255748.7235,134484.384,3
-255439.2996,124014.5106,3
-255439.6352,123663.4528,3
-256208.0964,-110408.4518,3
-255513.211,134738.008,3
-254833.3982,140936.5127,3
-254861.7888,142850.4597,3
-255062.8515,124697.4104,3
-253613.0504,119624.1708,3
-253396.7556,124189.8642,3
-257615.1372,162395.5181,3
-253111.0864,124182.1807,3
-253005.0737,124181.0283,3
-253047.6113,126855.2524,3
-254697.6945,-109066.3976,3
-253286.8259,131091.9749,3
-251747.513,174042.1046,3
-251240.7501,140991.2513,3
-251174.3232,140413.6021,3
-251024.0395,140694.0057,3
-251021.7917,140994.6195,3
-255019.8422,151643.1971,3
-250850.4386,141542.6629,3
-251473.9891,164748.3891,3
-250642.9935,128893.716,3
-251398.2797,-20796.1928,3
-250004.9422,131055.839,3
-249731.4368,168771.7895,3
-250293.5433,108254.7839,3
-249781.5674,-18819.9488,3
-249124.3703,168916.9179,3
-248516.1142,168141.2661,3
-248509.0547,168578.9796,3
-250807.7688,-113640.0308,3
-248258.6543,169038.0086,3
-252731.8789,-116737.3932,3
-247864.3309,175203.0238,3
-246324.5226,-118102.4388,3
-247299.2823,-20600.3855,3
-246119.5646,-116236.8935,3
-246272.3871,-116696.1351,3
-246215.4569,-117797.1205,3
-250352.6395,-52710.036,3
-253412.7806,139841.0784,3
-245337.2432,128940.9449,3
-244890.3229,-115736.2243,3
-244743.7501,-115916.6468,3
-246136.9273,-121265.1223,3
-244742.141,175653.5966,3
-244443.9789,-116594.775,3
-244441.7674,-108684.6081,3
-244681.9981,124025.6253,3
-244683.0098,-114413.28,3
-244190.4086,-116646.7783,3
-244065.2657,-116865.0607,3
-243815.7071,-110070.6883,3
-243826.1909,-123354.2388,3
-243593.258,130610.2287,3
-242814.4817,-125227.5611,3
-242134.9876,122889.782,3
-242290.4752,176361.8795,3
-241748.5836,146625.0025,3
-241571.5395,124850.4533,3
-241188.0913,125973.0514,3
-240857.3074,-126046.6897,3
-240536.8969,126444.4019,3
-241432.012,-73485.171,3
-238915.8722,139948.4491,3
-239570.7356,-44309.5633,3
-238292.4796,128912.26,3
-237749.194,-93199.2707,3
-238147.9324,-128606.162,3
-237960.8914,179427.9026,3
-237806.7086,131275.309,3
-236811.9516,-130425.4524,3
-236846.2543,130726.8303,3
-236738.988,-95019.2833,3
-236477.1944,-130880.4168,3
-236328.2549,-131128.5921,3
-236320.7169,-131196.7704,3
-236327.5414,-131157.1742,3
-236484.7387,178297.1853,3
-236397.4736,-125927.8481,3
-236260.5052,-124940.8561,3
-236083.8229,-131382.935,3
-235856.1394,-125852.9414,3
-236369.0047,-128640.8179,3
-234993.6756,178734.9568,3
-234817.2611,162674.7541,3
-234808.2128,162786.3017,3
-235498.2702,175836.0159,3
-234810.5983,-24681.7595,3
-234649.5639,-24801.7176,3
-234596.9636,-24837.5902,3
-234910.9784,129805.6812,3
-234176.7614,-81725.9659,3
-233914.8791,146296.2285,3
-232547.0484,-131799.2811,3
-231899.4937,-131508.6941,3
-231659.9796,135834.5552,3
-231694.2973,176533.8733,3
-230244.8837,-129993.9339,3
-230606.7279,-128652.9264,3
-230075.5317,188326.7301,3
-229098.8725,188595.0043,3
-229067.4746,-132577.715,3
-227773.6217,187135.2577,3
-227567.6431,187330.0774,3
-227584.426,186675.6983,3
-227564.4089,-89052.3411,3
-252433.1418,114979.7872,3
-226407.7949,110253.5492,3
-226458.3237,-106083.9475,3
-226349.1559,110161.3586,3
-226273.4352,110012.5644,3
-225741.2434,106500.7329,3
-225728.4073,109120.1885,3
-225688.4781,106947.1731,3
-225683.6363,109087.2384,3
-225654.8447,109055.8639,3
-225626.9442,107064.3238,3
-225604.4791,108990.2888,3
-225539.6783,108930.3659,3
-225855.9293,-132394.6365,3
-225405.124,170683.6447,3
-225386.9288,108753.4934,3
-225469.2387,107454.8315,3
-225266.3186,107761.7866,3
-225323.721,-129896.5033,3
-225260.9914,108593.6473,3
-224995.0549,108305.6248,3
-224969.5764,108281.0004,3
-224873.6445,-130260.9001,3
-224855.6448,-133516.6232,3
-226283.9479,132819.3514,3
-224611.7369,-130954.3326,3
-223806.9046,-103813.8411,3
-224471.4501,105824.6123,3
-223320.4009,-103834.537,3
-222919.7446,-26150.975,3
-223008.8029,133074.3086,3
-222465.2621,184703.2837,3
-222317.2968,184742.7534,3
-222084.0945,184780.8074,3
-221995.2729,184769.1239,3
-221955.5723,184787.8028,3
-221731.8851,105542.4928,3
-221779.0515,184831.9637,3
-222197.0078,135328.0548,3
-221708.7196,-112514.9151,3
-220703.7335,169609.5692,3
-220292.6614,169358.889,3
-220054.7616,171108.2761,3
-220795.3437,105845.7205,3
-219908.639,172109.4901,3
-219632.2306,169799.555,3
-219467.9005,171607.232,3
-219010.1855,169509.53,3
-218931.1709,169935.3511,3
-218953.6021,170154.8252,3
-218394.1635,168570.6101,3
-218099.7199,168879.871,3
-217538.5874,108003.5816,3
-222394.2471,172521.1162,3
-217088.8368,146955.5716,3
-216431.7881,136784.404,3
-215461.3135,157975.827,3
-215190.4721,157981.5574,3
-215170.0329,179798.7705,3
-215505.2813,-129436.0849,3
-215061.3549,-138366.5213,3
-214685.5526,-141655.1467,3
-214323.5072,158690.6791,3
-214815.7596,125004.4935,3
-213239.8192,-141910.6433,3
-215437.3252,109948.1135,3
-213292.807,121059.6812,3
-212986.6192,-141943.114,3
-212474.5693,-141894.4553,3
-212595.2115,120246.0461,3
-212274.7539,110087.7014,3
-211500.3282,-49151.3129,3
-211338.792,-49003.194,3
-211041.4215,123563.6058,3
-211605.3551,-119175.6928,3
-210938.9508,-127772.1834,3
-211647.5933,132406.3376,3
-210972.39,122622.432,3
-210517.6953,120876.6345,3
-210131.934,-39669.5462,3
-210891.0399,110122.5172,3
-209902.5567,153217.0815,3
-208749.5619,109811.4458,3
-208990.2107,129594.672,3
-208595.6643,-48460.4704,3
-207663.8417,124181.762,3
-206884.8802,157332.1306,3
-206943.9323,127778.9455,3
-207523.0856,111119.393,3
-206256.921,-142829.5092,3
-206313.1913,120725.8196,3
-205481.0216,125086.8319,3
-205745.6008,-48413.5732,3
-205231.1961,-146601.8751,3
-204746.8429,165773.8472,3
-204674.2952,165990.3483,3
-204207.3713,-103587.7356,3
-204526.4164,123813.2756,3
-203432.3294,-116188.882,3
-203592.9709,-146717.5867,3
-203052.9412,-72623.5294,3
-202917.6888,118720.9759,3
-202485.1936,123451.3182,3
-201642.1478,-153017.3624,3
-201520.6619,-153277.4136,3
-201365.882,-149276.248,3
-201300.8553,-153029.6397,3
-201836.2589,-128502.8962,3
-201282.9671,120797.1664,3
-201271.0832,141392.4737,3
-200923.4193,178047.7453,3
-200892.2922,-152895.4333,3
-200876.953,177445.2588,3
-202163.7052,-118787.6567,3
-201382.4716,112582.5278,3
-212698.403,-143906.6883,3
-200735.4245,-154442.87,3
-200811.4297,-152160.4021,3
-200566.648,-152695.2437,3
-200497.8409,-149553.6019,3
-200873.9848,-153642.8758,3
-200608.7696,114212.6917,3
-200131.0502,-119517.1254,3
-200609.5029,-42346.1219,3
-199976.088,-118454.8112,3
-199838.8402,111825.6587,3
-199129.43,162840.006,3
-198579.5769,174952.1508,3
-198681.4705,175124.4615,3
-198547.3758,174923.9548,3
-198475.1747,174879.3669,3
-198785.8043,112835.4157,3
-198313.9529,134591.6291,3
-198196.0503,174683.515,3
-198541.2063,-120558.5501,3
-197887.7558,174383.6433,3
-197855.5547,174355.4474,3
-197823.3536,174327.2514,3
-197942.7048,148535.0586,3
-197733.9348,174282.6114,3
-197900.9929,134975.318,3
-197674.5492,174206.2715,3
-197511.8243,174079.8995,3
-197453.5782,-106852.0318,3
-197425.5189,-106884.4398,3
-197392.1785,-106936.212,3
-197361.4028,-106994.1916,3
-197204.0843,174344.1056,3
-197147.5627,163635.0659,3
-197146.0787,163770.9421,3
-197129.8522,163883.235,3
-197163.6627,164079.5869,3
-197188.3575,156936.988,3
-197034.9677,161503.9765,3
-197018.337,-97375.242,3
-196912.2759,-97324.9319,3
-196877.9765,-97298.9877,3
-196792.9033,-155866.5148,3
-197068.1129,174924.7493,3
-197032.0305,-139208.5504,3
-196368.4557,-41294.4829,3
-196453.6359,-41027.0618,3
-196366.6427,-40724.9821,3
-196539.4653,-40471.9464,3
-196374.3124,-154098.6586,3
-196275.014,-154098.884,3
-196653.9009,112831.0384,3
-196234.8946,176269.9949,3
-196167.5725,-154117.3354,3
-196064.448,-39977.7319,3
-195942.5095,-154191.402,3
-195756.1635,176264.9071,3
-195662.794,-154500.898,3
-195788.8391,-155141.938,3
-195412.0616,-109191.3923,3
-195328.4661,114513.9846,3
-197244.2233,115503.6396,3
-195312.0617,-139292.3571,3
-194765.8756,-164907.4637,3
-194841.7488,113305.0996,3
-196949.1699,119353.4387,3
-193347.366,119843.7372,3
-193299.635,134786.6248,3
-194985.2309,-40804.2336,3
-192715.886,-39465.0337,3
-192376.4911,-36768.33,3
-192373.218,-40030.356,3
-200928.2938,109821.1982,3
-192323.503,110191.2431,3
-192330.3672,-141221.3242,3
-191456.6469,106086.6461,3
-191427.3803,-142522.4221,3
-190956.3211,-51221.7311,3
-189226.0963,-146804.7535,3
-189685.0315,104761.8247,3
-188999.6776,-162389.2928,3
-189001.0823,-118795.1681,3
-188911.084,104238.1879,3
-188803.5404,-163333.6093,3
-188366.8853,-163793.1131,3
-188339.6996,-163875.2267,3
-188099.4005,-52295.7463,3
-188266.6992,-143226.3136,3
-189619.1544,-48111.6591,3
-187775.8665,-153339.5951,3
-187249.3479,-56479.1811,3
-187029.0336,-48646.8038,3
-186579.8076,-54393.5428,3
-189041.0898,-35537.7016,3
-186308.5231,-49456.5969,3
-188315.9417,-54505.1638,3
-185947.0826,-139671.2676,3
-185249.7102,-40026.4719,3
-184661.478,-57816.9145,3
-184451.5784,-42043.757,3
-184530.4089,-76504.1388,3
-184227.4039,-54795.5464,3
-184834.2498,-101304.0622,3
-184020.1409,-70166.6149,3
-183753.1774,-108782.4187,3
-184197.678,142893.2855,3
-183664.986,-108843.4758,3
-183631.0299,-108870.7845,3
-183787.8669,-170085.3371,3
-184171.4964,-42572.0308,3
-184131.0626,-61623.5742,3
-183519.2568,-69380.2357,3
-183311.7173,-170241.2582,3
-190695.0042,-162948.5783,3
-183745.3085,-59629.5835,3
-183653.7017,-63265.5419,3
-182851.6888,-44025.0746,3
-182806.5509,-57804.2548,3
-182713.0602,-44651.816,3
-182130.3585,-64959.8797,3
-181938.596,-44851.6934,3
-181624.967,-46305.0491,3
-181622.5779,-45570.3786,3
-181598.5326,-45447.7212,3
-181581.3533,-45873.0637,3
-181573.7587,-45141.2988,3
-181085.704,-53379.3591,3
-181328.2045,-65453.0764,3
-181586.2399,-70125.031,3
-180407.1083,-71955.0568,3
-180359.7745,-59112.3801,3
-180120.4117,-72334.9216,3
-179868.6945,-72966.8243,3
-179630.1136,-73037.1833,3
-179580.9431,-73301.3103,3
-180287.285,-48402.4104,3
-179247.7967,-55805.0568,3
-179441.2236,-57578.4139,3
-178924.502,-53617.0594,3
-178553.9684,-73489.1221,3
-178580.4485,-49548.8465,3
-178850.8201,-64091.5504,3
-177898.2443,94932.8194,3
-177863.9297,94996.8411,3
-177839.8904,95039.7401,3
-178085.7041,-55907.4711,3
-178611.3909,108996.1872,3
-177352.7853,-124702.7623,3
-176903.9662,-125184.4171,3
-176770.2786,106044.8921,3
-177583.9224,107805.0251,3
-176571.3598,-53671.7581,3
-175998.407,175021.2947,3
-175849.0973,-60589.8319,3
-175630.3461,-61424.6544,3
-174000.1359,-103268.8515,3
-174531.2408,-139443.5512,3
-173550.7948,-138569.3921,3
-173414.8477,125906.3444,3
-173183.4388,-139126.3212,3
-173359.3076,-141751.7082,3
-173889.6423,108894.2755,3
-172830.4711,103113.2523,3
-172350.3132,112496.6341,3
-172353.7345,112252.8722,3
-172329.9573,112320.3645,3
-172346.9254,112649.7375,3
-172518.8979,125465.3134,3
-172263.2979,112507.4717,3
-172218.1801,111929.1625,3
-172100.3397,120605.3908,3
-171582.8897,118710.7232,3
-171553.4716,166256.5833,3
-171540.1123,121065.6988,3
-171323.0376,120847.0525,3
-171647.8815,104660.2994,3
-171275.1122,121066.3513,3
-171053.9873,165436.9131,3
-171435.3171,-156894.6723,3
-171954.7425,-140470.3732,3
-170873.8159,165936.7176,3
-171074.6686,-62037.1528,3
-170446.2383,-131634.1521,3
-170757.5954,109707.6963,3
-170478.1803,-63446.2442,3
-170129.9429,-63846.2745,3
-169671.8084,93111.6143,3
-169528.3154,-62736.0504,3
-168300.1125,-118937.6112,3
-168170.5917,-118915.2697,3
-168236.7659,-119271.7192,3
-168943.6865,-63439.8944,3
-168533.2538,-158695.1005,3
-167895.8375,-119404.426,3
-167739.1732,-119204.8512,3
-167681.6937,-64690.3561,3
-167524.0811,-99099.8717,3
-168318.3038,-62648.8764,3
-167499.935,-99128.4209,3
-167466.8507,-99154.5784,3
-167411.8878,-99187.9449,3
-167377.2257,-99212.8245,3
-167564.6492,-119014.2938,3
-167359.5679,-119175.1308,3
-168052.0257,-151298.5789,3
-167249.1553,-119305.1276,3
-166717.4122,-99819.8528,3
-166755.4564,98072.2421,3
-165630.3965,-158580.5286,3
-165602.8959,-158613.861,3
-165575.3954,-158647.1933,3
-165736.2693,-158829.9148,3
-165537.3166,-158992.3981,3
-165405.6401,-47650.3091,3
-165267.1379,-159822.1488,3
-165679.2943,98731.0798,3
-165649.8366,-69146.3831,3
-164900.0163,-48248.3828,3
-164870.6801,-48614.9582,3
-165149.1761,-49537.2139,3
-164665.8656,-74440.6813,3
-166894.8596,-155546.1299,3
-163911.8068,-172103.42,3
-163610.2393,-166184.5029,3
-164083.3887,-51446.2076,3
-163442.2222,-164351.4832,3
-163450.0628,99308.2289,3
-162393.6664,98535.8089,3
-162311.8716,-69969.087,3
-161854.8279,165441.5198,3
-161768.5771,-70141.4243,3
-161868.1856,98188.5286,3
-161484.6721,164976.4577,3
-161340.4467,164652.8076,3
-161310.1414,-71513.7193,3
-161106.1864,-73091.6779,3
-161132.8921,164145.993,3
-162280.8173,-66244.0399,3
-160958.1664,-150736.0604,3
-161012.3403,-71743.6681,3
-160881.2202,-122437.2248,3
-159485.066,162845.6933,3
-159222.8422,-129477.444,3
-158689.5915,-129237.3361,3
-158750.6507,162873.6182,3
-159816.6303,-153420.6114,3
-158616.9715,99015.4635,3
-158144.8553,163004.9529,3
-158043.7428,-165530.3599,3
-157979.6939,-165510.1928,3
-158038.4533,162506.0451,3
-158881.543,-127740.1608,3
-158425.7796,-123687.7919,3
-219486.8388,-108860.9316,3
-156953.7221,-124520.6861,3
-155314.3892,-172762.0195,3
-155283.3704,-172703.9087,3
-155256.8705,-172674.4198,3
-160421.3519,-166320.9513,3
-154302.4494,-128644.0688,3
-152748.0127,94328.6154,3
-151713.5987,95815.0433,3
-151844.3539,93249.8053,3
-153089.8605,-125032.7551,3
-150474.3284,-132465.0552,3
-149041.1511,157783.5953,3
-148591.5543,157764.5504,3
-148752.1246,94291.758,3
-147993.3617,91229.9565,3
-148910.4334,-135611.575,3
-147506.1714,-70582.1361,3
-145997.1847,93946.6379,3
-146388.8124,-136535.2723,3
-145472.2198,95330.4036,3
-143384.6484,88745.5659,3
-143111.8607,99202.1129,3
-142439.5065,-75112.792,3
-148801.396,-73704.9399,3
-142078.9678,75818.5073,3
-142485.0569,97954.9363,3
-141747.5362,87876.836,3
-141881.0272,76223.6018,3
-141327.7615,85481.4787,3
-141970.9139,-135185.5058,3
-140678.2532,-82747.7214,3
-140085.9141,84228.605,3
-139879.8809,-136040.3739,3
-140271.2833,-134629.5036,3
-138412.8575,-92100.3137,3
-138889.5279,-137092.3604,3
-137917.2584,104085.3287,3
-137373.9257,-136577.6652,3
-137727.3994,-134891.2152,3
-136578.3798,96486.649,3
-135603.7925,146755.2653,3
-136250.7353,-139157.3616,3
-136050.1038,81581.5224,3
-136092.6008,-106891.5892,3
-136344.6225,-136285.9127,3
-135064.2972,80009.0586,3
-135392.3652,-138683.0863,3
-132922.9959,80831.4513,3
-132544.4641,99373.2932,3
-132416.4123,81324.0444,3
-132231.979,154128.4602,3
-131370.419,77920.4813,3
-131367.5326,60120.6705,3
-131094.4574,60681.0329,3
-131068.2764,60717.2114,3
-131223.4228,60699.7928,3
-130815.6317,68970.34,3
-130291.6587,155965.9398,3
-130525.7902,69987.8365,3
-130258.7201,81257.6253,3
-129447.0041,67470.365,3
-129550.7645,153516.5846,3
-129058.0994,-102058.9819,3
-129094.5171,66912.5163,3
-129026.299,-102086.01,3
-128989.737,-102115.663,3
-128910.6867,59217.3586,3
-128893.5208,-102145.1196,3
-128833.6887,-102172.0774,3
-129729.193,59180.0176,3
-129368.9342,68675.319,3
-160975.6552,87107.763,3
-127164.4923,65742.5045,3
-127173.9137,62264.868,3
-126955.6815,76221.7294,3
-124376.8288,-154748.1553,3
-124475.8823,152664.2616,3
-124980.4829,-146076.2617,3
-124102.8357,153030.0297,3
-124052.3144,67086.5897,3
-123656.3165,70093.5363,3
-124038.0051,77816.1946,3
-124296.9931,-142857.047,3
-124604.0694,-151771.167,3
-123067.4853,64220.0477,3
-122319.0766,152979.0609,3
-122032.0331,65232.0025,3
-122257.3571,70163.2937,3
-121190.4431,63537.0685,3
-120899.3112,-146902.6316,3
-118957.4538,-160971.8157,3
-118953.1421,104292.9048,3
-118828.1598,154160.0367,3
-118254.556,91859.7011,3
-117349.8768,69760.5482,3
-117158.4103,60989.1637,3
-117025.8272,94497.1055,3
-116672.2259,69442.4407,3
-116932.1395,153844.5233,3
-116468.246,154356.4854,3
-116397.9182,154705.2866,3
-116393.4141,69480.8909,3
-116279.2465,154855.6664,3
-116203.0452,34563.2859,3
-116250.3352,66989.8277,3
-116635.3312,70447.6285,3
-115820.3939,154571.9892,3
-115599.6059,67689.206,3
-115584.5207,66720.961,3
-114928.5745,67267.4058,3
-114776.543,153695.9351,3
-114604.0054,91427.0309,3
-114652.1441,-142844.248,3
-114300.657,67258.9691,3
-114534.8013,63017.1989,3
-114026.9903,52919.153,3
-114038.8654,52572.5999,3
-114418.4279,53697.9113,3
-114015.7636,58602.2944,3
-113715.0515,66529.5612,3
-113749.0789,88124.9655,3
-114110.2332,-145711.0622,3
-113450.4076,66711.5109,3
-112954.3526,60824.8784,3
-112928.8982,60940.0452,3
-112960.5447,86660.9572,3
-112924.3187,91379.8053,3
-112856.9641,60026.9817,3
-112539.6361,59665.8158,3
-114348.5619,-162338.3196,3
-113403.2072,-147382.0312,3
-113335.6554,29343.8421,3
-112046.5935,153584.2831,3
-111961.763,60598.7973,3
-111680.1887,-147051.6258,3
-112627.4396,40303.6282,3
-111508.6108,59626.2647,3
-110876.4366,85281.1537,3
-111118.3217,87427.004,3
-110145.1298,51764.4185,3
-110040.6343,51761.8123,3
-110124.4668,66745.3547,3
-109923.2882,51738.3636,3
-110229.0512,90079.1893,3
-109902.5871,57078.7917,3
-110173.3953,65649.9959,3
-109544.7795,54383.097,3
-109927.7699,-95474.5089,3
-109652.5497,55849.1184,3
-110188.9321,-156841.3262,3
-109439.209,30908.7022,3
-118598.7155,55137.1322,3
-108561.2736,50775.3764,3
-107759.6764,74266.0029,3
-110283.7944,91768.7367,3
-107301.4959,75104.6456,3
-107720.8238,62461.3995,3
-106248.935,38946.8126,3
-107037.2772,51290.4687,3
-106105.6102,34873.5219,3
-109662.345,73319.5661,3
-110339.449,34910.7618,3
-105574.6208,75496.1511,3
-106968.0867,70116.8354,3
-105833.5741,63708.6418,3
-105318.5754,72971.1893,3
-105317.2843,70411.7548,3
-104753.1434,-107507.0385,3
-104919.1973,70816.0347,3
-104516.5033,71214.1589,3
-104470.1288,68831.7447,3
-104250.7808,71894.7201,3
-104305.6637,47548.8721,3
-103558.6315,41841.246,3
-103539.4906,47297.3345,3
-103704.9237,74513.8263,3
-103536.3472,47953.8298,3
-105267.6198,41462.889,3
-103984.9543,48574.0308,3
-102993.8699,-97774.1746,3
-103114.3979,42087.6813,3
-103046.7779,91405.8122,3
-102383.3048,47463.1825,3
-103928.8357,46825.5344,3
-100323.9442,44340.0226,3
-100347.5799,40081.6947,3
-99902.8385,-202172.7907,3
-99928.5824,-202108.9256,3
-99680.2808,43512.2447,3
-99888.619,44209.5146,3
-99774.0899,55562.4059,3
-98902.7913,29837.9723,3
-100655.4237,42196.1957,3
-98701.2968,20341.5013,3
-98672.6589,20373.0782,3
-98644.021,20404.6551,3
-98736.4284,44429.2993,3
-98615.383,20436.2321,3
-98320.995,44698.8244,3
-98354.1562,42057.6841,3
-98303.0539,56796.8988,3
-98242.1957,51108.2037,3
-98088.5967,49360.5192,3
-97954.091,-148804.1801,3
-97980.9329,44731.8682,3
-97982.18,56422.1234,3
-97924.3043,-148834.3981,3
-97894.5175,-148864.616,3
-97860.0074,-149074.8327,3
-97864.7308,-148894.8339,3
-97830.9257,-149100.8435,3
-97843.8415,-148965.0576,3
-97908.6917,51545.0894,3
-97813.2135,56471.2199,3
-97723.7288,142945.3461,3
-98667.7015,28535.1386,3
-97860.0919,50126.5035,3
-97641.1758,44609.4275,3
-97291.1271,51584.9203,3
-97214.7515,51787.1759,3
-98789.3592,27148.9407,3
-96844.7045,-188415.6258,3
-97061.1071,54782.5557,3
-99608.8269,48346.544,3
-97971.3471,19391.5374,3
-96469.6395,54116.3072,3
-96132.6994,-140522.3959,3
-96589.8692,52003.2758,3
-98710.3213,-199854.3107,3
-95747.2923,45499.8042,3
-95966.5782,25262.2626,3
-94743.0505,-206044.9532,3
-94949.8249,147810.8961,3
-94702.3106,-206084.7861,3
-94217.8584,-154941.7915,3
-94251.7157,50174.2701,3
-93942.7601,59653.3697,3
-94498.7979,146681.5547,3
-93902.3388,61261.378,3
-93870.2691,-158007.7617,3
-93845.317,-158129.9942,3
-93818.4236,-158264.208,3
-101357.473,60514.8177,3
-93119.0947,-144220.2297,3
-92904.6315,-144038.0798,3
-93095.6422,42970.9477,3
-93030.0277,44997.0616,3
-93955.9511,44710.7108,3
-92722.0273,52985.3884,3
-92717.7517,52577.7485,3
-92608.7828,52343.0969,3
-92460.0026,46588.6575,3
-92442.7596,43575.0139,3
-92422.9862,43687.5748,3
-92431.4098,46458.7296,3
-93309.5283,148656.2269,3
-93517.4969,47742.213,3
-94865.781,-203862.9335,3
-91334.3706,45138.832,3
-91837.0916,45802.4617,3
-91403.5895,62238.6268,3
-92410.6994,51138.4601,3
-90212.2363,47145.319,3
-90901.7363,47936.0499,3
-90039.8886,57366.6294,3
-91409.0101,42044.7055,3
-89962.3671,66595.1687,3
-89890.0583,-142114.4985,3
-89490.6193,57584.6492,3
-89279.5136,-148824.3023,3
-89634.5938,59574.0734,3
-89075.7976,69886.9544,3
-90026.3048,56719.3806,3
-89056.7118,47555.4147,3
-88642.3539,67338.55,3
-89007.9027,47067.3126,3
-88517.3271,46557.7397,3
-88383.1067,67333.403,3
-88260.8077,70730.565,3
-88505.7779,58962.6798,3
-88506.6102,-211190.339,3
-88138.2497,3485.254,3
-87884.6133,3310.2294,3
-87782.0411,-172914.3895,3
-88197.38,-170686.0945,3
-87701.4807,-145296.2803,3
-87566.6566,67952.6424,3
-87516.7106,-173874.934,3
-87492.9089,68362.7255,3
-87076.2793,67181.3277,3
-86855.4098,45875.3959,3
-86839.3895,45689.8308,3
-86845.5371,68846.1729,3
-88027.2082,10581.9716,3
-86899.1117,69270.698,3
-87256.9565,47848.3775,3
-86595.1325,68238.1673,3
-86262.2914,69833.7215,3
-86850.4811,3636.4743,3
-85800.2385,3122.2545,3
-85769.5154,4494.1036,3
-86126.5575,38543.6837,3
-85505.7993,56246.8763,3
-84734.0137,39559.834,3
-85786.3601,44736.1027,3
-84333.6403,-213032.3555,3
-84774.646,5295.938,3
-84251.6521,43472.3594,3
-85515.157,72706.2352,3
-85768.273,-211059.4513,3
-84278.8863,73661.1391,3
-84304.876,42289.9358,3
-83895.4256,40662.0868,3
-83794.0041,41338.3057,3
-83646.2201,41137.5144,3
-83310.761,5069.8297,3
-83245.7113,25377.1226,3
-83337.0059,5152.874,3
-83384.6543,43405.5741,3
-82371.752,5054.5732,3
-82732.414,41077.1662,3
-82470.2631,5779.7119,3
-81823.6643,44453.6509,3
-81815.1214,43651.8585,3
-81104.9617,27258.2238,3
-80914.2353,40393.8133,3
-80313.4142,34698.4401,3
-80335.776,41149.7121,3
-80261.6186,34185.9399,3
-80229.7965,35157.5355,3
-80126.451,80714.6884,3
-80197.5422,42198.7158,3
-79879.9784,-182666.0336,3
-80114.0844,8734.7666,3
-79281.1866,37475.6788,3
-79405.8917,40948.3112,3
-78752.2454,-190577.8357,3
-78516.7077,-190754.8859,3
-78441.455,-190820.5345,3
-78413.1928,-190851.6276,3
-78359.7764,-190889.6385,3
-78143.8286,-191391.2249,3
-78057.1489,-191635.1728,3
-78026.6644,-191871.472,3
-77746.3716,-191664.6862,3
-77676.4527,-191633.3128,3
-77646.3385,-191603.9723,3
-77520.1185,-191507.0084,3
-77292.6865,-191497.7539,3
-77706.6603,36637.4142,3
-79477.8384,-209955.7813,3
-76643.6827,50245.7495,3
-76244.9881,-184665.4106,3
-76237.7261,36954.0772,3
-76589.4555,-191953.4606,3
-75907.8622,-183861.4369,3
-76616.0481,35452.5832,3
-74240.8129,-212345.3405,3
-74011.7303,-189248.2556,3
-74093.3212,-212226.9199,3
-77059.4583,38659.6071,3
-75275.5719,11254.8321,3
-80413.4329,4530.5271,3
-73792.9561,-211891.3625,3
-73401.5183,-186527.6669,3
-73378.9785,-186891.1914,3
-73377.1813,-186034.5769,3
-73370.192,-186616.2201,3
-73348.4947,-186753.9774,3
-73348.4706,-186144.2803,3
-73201.2663,-211710.2691,3
-73341.5196,-211597.0817,3
-73949.5185,45965.3727,3
-73408.0922,58716.3375,3
-72854.3802,60555.8271,3
-72710.0738,-211795.068,3
-72586.2078,-211833.0457,3
-72507.6677,-211840.1585,3
-72346.0102,-211838.8452,3
-74774.0926,60767.1147,3
-72291.6201,114817.4403,3
-73372.8695,31154.9242,3
-72031.5745,-211800.8915,3
-71860.7213,-211956.2345,3
-71802.6264,-211985.4914,3
-71716.2085,-212013.9889,3
-72516.2316,9053.144,3
-71964.7823,-194464.1947,3
-71584.4467,-212040.7591,3
-71039.3717,26676.232,3
-71063.5248,20107.4323,3
-93398.7244,-171088.0087,3
-70902.7948,39880.5727,3
-71332.4507,-204516.2955,3
-71873.2669,28298.365,3
-69942.1878,57366.4697,3
-72093.2327,34052.8343,3
-69821.7101,124099.9064,3
-69654.7272,141050.7754,3
-68377.7094,33571.3287,3
-67276.0537,55103.2413,3
-69506.1164,91792.9745,3
-67281.8014,37048.7522,3
-66418.389,32029.124,3
-66482.6461,55914.5549,3
-66056.9402,27048.03,3
-65468.7238,7328.4278,3
-65372.0441,39734.6104,3
-65916.0861,35252.976,3
-65038.4146,-451.0976,3
-64826.6008,54947.9072,3
-64803.343,53975.4354,3
-63586.7976,8080.7187,3
-63514.38,8037.9598,3
-63451.8248,46735.0588,3
-63450.8248,46870.8543,3
-63454.4715,8019.6592,3
-63391.4424,7979.3281,3
-63850.0864,28881.1625,3
-64090.8879,45792.3389,3
-63013.1081,-203987.973,3
-63293.541,32397.379,3
-62384.8237,31290.1762,3
-62011.1976,46779.8038,3
-61866.6423,47940.2654,3
-62603.149,26497.5813,3
-62104.2231,31635.8847,3
-62011.6138,-17784.6032,3
-59917.3485,50064.3782,3
-64478.0812,-14337.7,3
-60654.8862,29355.7527,3
-59681.5438,-203099.7102,3
-58883.513,55420.5466,3
-58361.2512,39356.0884,3
-59054.597,21045.4192,3
-58154.1951,39134.9709,3
-58432.3746,47686.2856,3
-58229.5687,24643.3172,3
-57873.823,59736.3789,3
-57857.6221,38949.8588,3
-82475.6479,24248.3353,3
-57472.4635,58500.0805,3
-56821.422,37481.7694,3
-56640.5363,59470.6867,3
-56118.4427,28895.2065,3
-55936.6884,28480.264,3
-55769.6094,16849.951,3
-56886.4716,19191.1755,3
-55128.3384,19548.4588,3
-55260.3957,-23174.5324,3
-53192.1533,31078.0756,3
-53012.9198,32045.3056,3
-52908.7622,31362.6228,3
-52859.1527,31527.8172,3
-52841.9368,31312.8414,3
-52760.0786,31111.5084,3
-52830.48,61551.5748,3
-52841.8346,31560.9146,3
-52894.5082,32497.4395,3
-52385.4208,32116.8554,3
-52327.523,31644.6114,3
-52315.4768,31758.5501,3
-52295.1059,32068.8845,3
-52321.0454,31914.0325,3
-52286.1302,32615.8864,3
-52296.119,31146.3551,3
-52302.9445,-219695.6229,3
-52156.7573,31706.7207,3
-52112.6292,31416.2812,3
-52122.1352,31803.9923,3
-52081.9342,31416.89,3
-52252.8497,32458.3465,3
-52098.4061,32080.2668,3
-52009.1139,31277.7719,3
-51998.6813,31336.22,3
-52019.563,31527.6283,3
-51979.6339,32375.7898,3
-51958.4932,31272.3541,3
-51971.7889,31873.9099,3
-51999.6772,32220.1054,3
-51947.9024,31227.6786,3
-51973.5651,31371.7803,3
-52043.851,31701.5784,3
-51927.3348,32194.3437,3
-52021.7312,32435.6964,3
-51936.7872,31675.4991,3
-51929.5196,32075.7136,3
-52287.9247,31260.1129,3
-51912.7093,31986.5039,3
-51876.2462,31408.7462,3
-51868.0012,32069.6966,3
-51912.1542,-219416.7204,3
-51836.6896,31464.4295,3
-51849.48,32133.8644,3
-51846.7038,31816.246,3
-51774.9894,31987.0862,3
-51718.7382,31402.1677,3
-51639.5013,31650.6976,3
-51721.2882,31203.8069,3
-51585.6163,31375.3617,3
-51752.1084,31520.0483,3
-51138.8561,-220046.8299,3
-51334.9732,-982.2239,3
-51317.8112,2925.4966,3
-51037.5048,-218783.7661,3
-50753.9762,-113243.9186,3
-50793.286,-1205.7117,3
-50687.3453,-113323.1174,3
-50636.271,-113365.5387,3
-50682.3418,-22217.1386,3
-49999.388,-218920.1019,3
-49399.6902,-1572.0631,3
-49484.8158,10868.1723,3
-48722.19,19681.2379,3
-48349.8623,5554.7018,3
-48053.3304,387.5329,3
-47913.6387,-23569.685,3
-47769.981,5408.2225,3
-47876.8085,-212112.6702,3
-47261.301,-6559.8607,3
-47151.4609,6699.816,3
-48683.3452,120735.2389,3
-46312.8025,18368.537,3
-46240.4789,-7219.6788,3
-45811.0137,2858.3741,3
-46437.5061,-4108.906,3
-45795.5469,9507.2255,3
-45734.8423,-14705.4579,3
-45544.9192,15793.569,3
-44932.979,8471.7574,3
-44630.617,127033.4515,3
-44947.7951,6062.3004,3
-44096.5574,3772.8006,3
-45222.4149,4231.319,3
-43685.7891,96524.9083,3
-43701.0637,126514.7745,3
-43651.622,95294.8045,3
-43648.1259,95995.6956,3
-43550.1683,127590.6886,3
-43498.1884,127984.1942,3
-43633.0496,-2562.7736,3
-43374.7804,126054.8273,3
-42978.2445,-213828.1214,3
-43430.4248,27164.0201,3
-43106.166,95206.9122,3
-43035.3525,-3297.5928,3
-42670.1471,9361.2331,3
-42099.1404,13832.2661,3
-44206.0075,-13938.3963,3
-41689.3976,20367.749,3
-42091.4812,5566.4161,3
-41402.3635,14082.5942,3
-57904.4286,-211386.8422,3
-57772.1794,-3462.4873,3
-40908.9715,13683.0499,3
-40973.1119,-16153.2894,3
-41278.9368,2286.1782,3
-40662.1825,10136.2708,3
-39922.3728,1808.1756,3
-40271.9904,20572.4641,3
-40007.0522,-19627.7425,3
-40704.9985,23612.2772,3
-40075.1588,-17614.8133,3
-39528.462,12974.6598,3
-39986.4629,-6093.7305,3
-39575.2483,13239.5701,3
-39432.4436,13408.6424,3
-39574.9155,94532.2444,3
-39225.5943,-24530.0352,3
-39465.2732,-16047.4857,3
-39766.6381,-21557.5145,3
-39153.8061,13847.3883,3
-39266.1274,124671.7009,3
-39189.143,-16482.7085,3
-39131.4969,13642.8512,3
-39063.5771,-15751.0498,3
-38458.4018,-18062.0459,3
-38759.3334,4243.7168,3
-38835.7249,11533.774,3
-38168.3976,20523.4617,3
-37936.3369,13258.4872,3
-37737.17,-8280.9784,3
-139479.7726,-98536.931,3
-37552.2001,20796.6746,3
-37448.0391,20544.4548,3
-38243.4421,-7703.5241,3
-36694.4647,-1469.9426,3
-37508.7979,6952.81,3
-36240.81,-5202.8658,3
-35622.5405,-4112.1945,3
-35413.5072,21404.8932,3
-35413.8101,21434.4689,3
-35409.5407,22011.5813,3
-35371.1352,21184.7979,3
-35369.5978,21445.365,3
-35369.0297,21391.4063,3
-35354.8691,21095.7265,3
-35332.53,21918.9747,3
-35332.5514,21769.7596,3
-35340.0709,21852.2596,3
-35328.2189,21625.1646,3
-35343.8195,21522.5998,3
-35498.8414,735.8988,3
-35277.3591,21084.5159,3
-35828.8879,-333.2047,3
-35278.757,21271.0909,3
-35254.36,21994.8114,3
-35253.7643,21917.3554,3
-35252.314,21772.7318,3
-35251.6764,21713.3387,3
-35250.9344,21643.9078,3
-35248.4622,21100.9084,3
-35199.6563,21691.9726,3
-35199.6848,21723.5773,3
-35173.7623,22225.6538,3
-35171.9484,21851.5602,3
-35167.1161,21129.837,3
-35126.0461,22175.1936,3
-35122.3589,21695.114,3
-35120.4514,21361.3633,3
-35119.6229,21270.0005,3
-35118.0607,22658.5271,3
-35100.9059,23067.4045,3
-35094.9232,21908.477,3
-35093.3017,22116.2743,3
-35092.7791,22023.7202,3
-35091.7658,21316.4877,3
-35092.2021,21385.4564,3
-35090.6933,21209.5373,3
-35085.1779,22560.0378,3
-35049.0267,21925.1135,3
-35046.4841,21562.1758,3
-35045.8221,21424.8773,3
-35044.6991,21218.0803,3
-35042.4189,22623.3057,3
-37285.0391,-38176.8315,3
-35084.5303,-11803.8389,3
-34618.568,20599.7779,3
-35178.7473,-8290.8394,3
-35300.073,-33915.4258,3
-34116.999,-918.1707,3
-34446.6415,1296.1344,3
-33202.6565,5995.5146,3
-33196.85,-4635.1474,3
-32601.6666,-1804.9265,3
-32241.1988,-4427.742,3
-32552.0275,10731.6995,3
-32302.1014,-34465.0725,3
-31856.3139,-4900.8015,3
-31168.2716,-8072.0011,3
-31012.1255,-181686.221,3
-30824.7249,-7580.873,3
-30607.9505,-9110.8266,3
-31076.8674,-41604.9945,3
-30364.2563,5411.1775,3
-30232.5221,875.6891,3
-28914.699,1165.9422,3
-28402.5434,-22512.9398,3
-31994.2212,-36991.6217,3
-28066.1083,93869.0876,3
-28321.68,94389.8841,3
-27786.44,78584.9506,3
-28445.0933,-21916.9349,3
-27608.0178,95280.0192,3
-27451.6551,75826.9866,3
-27607.5654,79068.7803,3
-27607.7886,11819.2488,3
-27317.4231,90050.4335,3
-27448.9565,94832.3944,3
-27150.4088,79529.5101,3
-27165.4798,79605.5473,3
-26982.8065,79999.8355,3
-26865.062,80811.553,3
-26795.4992,-186513.5339,3
-26812.5076,80815.7313,3
-26693.7373,80884.7276,3
-26598.9802,80944.4501,3
-25981.8009,80886.3282,3
-26211.8005,-20673.292,3
-26155.1529,-9483.7188,3
-25805.0807,76469.0415,3
-27843.4465,76841.0428,3
-25732.8784,81009.0548,3
-26470.0087,-22882.6778,3
-25644.6674,80825.88,3
-26007.0641,81305.9346,3
-25370.1464,81586.5261,3
-25025.6712,81616.1076,3
-23305.8251,9134.6451,3
-24338.2919,-10999.1692,3
-22867.4736,-9839.5712,3
-23249.6819,-6527.5518,3
-22831.2655,-10779.5546,3
-22761.8145,-10773.08,3
-23767.9892,-33684.6927,3
-22645.6714,10478.8599,3
-23081.7926,-154566.0138,3
-22291.9493,-10138.7448,3
-22270.1331,10527.5226,3
-22713.6678,4642.6546,3
-22197.1584,-21498.8986,3
-22560.9602,-5618.8435,3
-22161.5597,-22450.6683,3
-21849.9925,-39643.0183,3
-22318.6983,-9346.6803,3
-21789.5786,-18474.6007,3
-21606.1841,-58169.7447,3
-26618.3152,-34881.6663,3
-21433.6297,-58094.6321,3
-21385.9221,-57964.3164,3
-21336.5941,-57922.6881,3
-21296.2621,-57874.3882,3
-21328.9957,-18348.3417,3
-21251.1092,-57828.7429,3
-21743.6703,-2060.9356,3
-21226.9316,-57809.3321,3
-21545.2001,-24847.8592,3
-21285.2677,-40901.9846,3
-21035.7547,19795.651,3
-21976.1211,-52658.6996,3
-21472.1723,3225.6481,3
-21733.9549,-11314.053,3
-20950.6346,19907.2389,3
-20781.8736,-69.3768,3
-20759.2916,-367.4297,3
-20826.1431,-25254.0519,3
-20690.9215,19999.5063,3
-20543.3071,19821.6511,3
-20993.6129,-58871.2589,3
-20807.7004,-23501.1332,3
-20051.9354,-167140.3367,3
-20012.9445,-167144.6719,3
-19950.3003,-167182.9842,3
-19890.7723,1013.3091,3
-19743.5548,439.5216,3
-19386.579,-192214.6523,3
-20482.6215,-50054.8785,3
-19618.4668,-56261.5256,3
-19294.5249,-168691.5621,3
-19331.5049,-168643.6354,3
-19289.5047,-168763.9831,3
-20496.7418,-155541.6563,3
-19234.9409,-168566.1047,3
-19846.0647,13807.398,3
-19162.6276,-30224.1653,3
-18935.512,-168567.3612,3
-20431.8517,-179258.1769,3
-18539.6891,-43670.8018,3
-18684.7443,-168506.8752,3
-18488.8355,-168419.332,3
-18738.0457,-42884.0303,3
-18661.1817,12307.1072,3
-18242.9546,-41542.3677,3
-18042.9007,4622.6251,3
-17408.0274,-39918.6342,3
-17995.6469,-231.8364,3
-17104.6655,-39960.3624,3
-17428.5758,-29885.7629,3
-16769.1276,-39973.3938,3
-16695.9302,-39991.2381,3
-16869.9078,-42498.4361,3
-16533.0961,-44846.459,3
-17143.5117,-44330.8643,3
-16067.0767,-43289.2409,3
-16319.3936,1752.3596,3
-16967.3883,-170490.8164,3
-15781.2396,-43535.0761,3
-15712.6308,-43506.9685,3
-16059.2417,-40724.7482,3
-15489.5019,-219520.0379,3
-15665.7742,-42256.4373,3
-15198.7989,73964.2893,3
-15133.1661,73826.3733,3
-14833.5345,-37345.483,3
-14529.5103,-226122.664,3
-14692.505,74409.0357,3
-15023.0833,13011.3474,3
-13727.064,125799.7856,3
-13638.9063,-21023.7119,3
-13487.5107,708.0761,3
-13288.0354,-45929.3987,3
-13166.4953,-39032.3832,3
-13544.7064,112531.9331,3
-12977.1432,-38853.8545,3
-12856.7199,-226921.0067,3
-12958.4296,-23700.0681,3
-13497.1267,-37847.5569,3
-13131.676,-4892.9261,3
-12782.3511,-21538.4622,3
-13258.4475,-46986.1253,3
-11914.3894,112324.823,3
-12300.0544,-19959.8312,3
-12024.7706,-10616.8661,3
-11978.5965,-12366.4171,3
-11580.2497,125101.9294,3
-11908.0478,-793.1366,3
-11970.3106,-13975.6354,3
-11354.9794,-42822.802,3
-11879.0596,-39025.0217,3
-11959.2743,1812.8513,3
-12985.7708,-61185.5574,3
-11113.571,-16303.9028,3
-11633.4125,-37896.6062,3
-11632.7411,-16106.0743,3
-10845.0724,-37562.8016,3
-11121.3426,-153042.4068,3
-11891.0271,-27450.4274,3
-10936.55,16106.8253,3
-11772.7933,-43660.7506,3
-10445.6286,-41410.8259,3
-10326.2935,-46362.2244,3
-10278.9151,-46329.3001,3
-10257.7903,-46476.4178,3
-10257.3521,-18980.1334,3
-10252.4592,-44919.6204,3
-9989.6398,74591.5989,3
-10350.9976,74993.5877,3
-10374.2327,-11141.2978,3
-9796.7628,-45167.4755,3
-9562.4681,-45273.9233,3
-10065.5615,-8066.797,3
-9262.3316,-18103.7318,3
-9046.986,-231879.1527,3
-8779.8834,-232859.6175,3
-8550.5665,68185.2519,3
-8175.2929,-172474.6855,3
-8992.8268,-17467.5599,3
-7726.5658,68807.0632,3
-7795.3315,-17114.4902,3
-7586.0758,74733.3843,3
-7383.1015,19466.8183,3
-6796.6743,-231935.2862,3
-7368.3611,-236317.2003,3
-6748.3028,-236519.3384,3
-7106.5316,-41265.963,3
-6646.6706,-236547.9632,3
-6788.1111,20705.0179,3
-6757.7756,22028.4089,3
-6242.6322,-238579.4526,3
-6170.966,-238754.8247,3
-6430.456,20009.9126,3
-6659.9342,14015.8308,3
-5910.5974,-232501.4112,3
-5853.6655,-232628.6595,3
-5805.887,-232725.8625,3
-5639.4654,-34075.5452,3
-6253.1495,-234337.6995,3
-5153.3747,-233903.2506,3
-12849.395,-163186.4905,3
-5133.1397,-233987.1095,3
-5006.0023,-32117.2429,3
-4923.1416,-233505.2462,3
-4566.2652,-233797.7927,3
-4521.2518,-233849.8643,3
-4474.1056,-233915.1065,3
-5233.0917,-64711.4423,3
-5030.5505,-234741.3332,3
-4422.5022,-32223.5209,3
-4233.7065,-234214.6101,3
-4205.6666,-234247.0481,3
-4141.5469,-234331.9241,3
-4113.5071,-234364.3621,3
-3996.9275,-234485.2564,3
-3964.2837,-20122.7948,3
-3895.4216,-20091.9789,3
-3851.6688,-196985.1115,3
-4107.5221,-32176.028,3
-3788.8248,-197013.8569,3
-3807.07,-234675.219,3
-3725.9166,-197042.6132,3
-3881.2524,-42402.8523,3
-3744.7658,-20167.6073,3
-3890.6039,11672.3783,3
-3595.8438,-197092.6158,3
-3151.3954,-197313.1318,3
-3122.5371,-197375.7911,3
-2914.409,-197584.2334,3
-3235.284,11327.4571,3
-3168.2276,4351.1247,3
-16231.3466,-189721.1257,3
-2780.9214,-197916.3591,3
-3258.278,13882.0221,3
-2401.0038,-19059.2712,3
-2344.7108,-235892.157,3
-6318.571,2653.3801,3
-2192.1386,-15536.601,3
-2124.1139,-26657.9503,3
-1418.7155,-42803.8081,3
-1389.835,-18810.5055,3
-1958.0368,-61548.6267,3
-1298.1688,7524.6084,3
-1554.4302,8831.392,3
-1158.7813,-33145.0499,3
-1115.7999,-32614.7943,3
-971.2923,-1165.0558,3
-655.6358,-13538.8504,3
-326.1702,-33652.9085,3
-106.3337,-32535.7448,3
656.2047,64356.4403,3
293.4536,64462.7211,3
675.9343,-46628.7483,3
721.043,-14652.139,3
525.9127,-4473.9069,3
-7425.535,-62548.6226,3
1143.39,-46254.2846,3
1380.9837,-46208.6063,3
1704.5436,68547.3669,3
1434.9017,-6967.6479,3
1892.2108,-263378.6545,3
-5845.8879,-230009.7992,3
1966.0426,-49424.1461,3
2067.2648,-264216.1463,3
2086.8804,-49298.2165,3
1700.9388,67608.902,3
2039.0233,-7749.6756,3
1577.5097,-9309.9536,3
2911.1034,-47278.6686,3
567.8612,-68355.4187,3
3611.714,5068.2799,3
3739.0064,-48816.2797,3
2142.843,-47492.2976,3
3996.5056,-26140.1545,3
4216.8959,-33999.7171,3
4159.732,-38143.7248,3
4165.6224,-47048.9899,3
4838.1319,-30652.6829,3
4556.3108,-48973.7974,3
4536.3336,-47970.2737,3
4653.0722,-28909.5528,3
5102.1928,-6643.3707,3
5001.5516,-14161.1626,3
4785.4238,-13595.5329,3
5191.3196,-6678.4367,3
4596.7026,-56604.6403,3
5425.152,-30440.004,3
5624.5877,-18996.3769,3
4357.0193,-7357.0892,3
6009.3142,-33989.6284,3
5757.4712,-11662.9503,3
5970.6875,57.3601,3
6828.1791,-47327.4264,3
6618.6388,-33602.0335,3
6781.1316,2257.8275,3
6552.9441,-29311.2026,3
6550.419,-5847.2304,3
6932.405,-31824.755,3
7635.2378,-25975.0548,3
7886.21,-30987.4318,3
7785.0347,-28941.4944,3
8018.5942,-30359.2625,3
7899.2854,-29806.7671,3
8104.661,-50145.4595,3
7716.3465,-24524.9877,3
8930.7548,-9998.3375,3
9001.6787,-30191.9207,3
9585.1784,-25036.8705,3
9214.7155,-228315.7911,3
10129.104,-249720.0633,3
10678.8298,-249955.9849,3
11291.695,-70051.222,3
9799.3026,-51068.5371,3
11275.9049,-22876.8894,3
-17601.7244,-23633.6775,3
11722.7208,-29016.9488,3
12347.6386,-32101.2377,3
12461.6842,-17081.3581,3
12807.7409,1475.4292,3
13168.9454,-33754.7723,3
13126.778,-15576.5552,3
13029.5314,-10463.7858,3
13159.923,-8430.8235,3
13699.8568,-12035.7267,3
13405.1194,1078.4723,3
13625.9464,-32350.0339,3
13930.4807,-9666.7668,3
11767.5485,-6992.2179,3
14146.3225,-15178.5742,3
13324.0497,-30554.3661,3
11918.8423,-22110.8279,3
14727.6111,-17823.3469,3
14571.4512,-6426.7646,3
15006.6274,54668.9277,3
14847.202,-3662.7966,3
14640.0443,53945.4807,3
14930.8588,56593.5475,3
15296.8472,-71545.3166,3
15359.839,-71429.8172,3
14981.4577,-26913.0886,3
15474.0849,56795.3886,3
15657.1654,51974.5001,3
15965.7998,56401.0959,3
15499.1201,98262.6153,3
16675.1028,-44262.5794,3
15847.8753,-4750.9177,3
17182.7663,-3375.0407,3
17134.3511,-58676.7939,3
16399.2971,-15509.3913,3
16681.284,-20183.5273,3
14481.527,-252188.9289,3
17991.1466,-3156.105,3
17742.5567,-44268.8506,3
17376.1304,-244418.0087,3
17716.7367,-2966.949,3
17856.2244,-3350.1666,3
17602.9583,-247752.9511,3
18577.7552,-69509.8727,3
18594.3706,-66393.2088,3
18610.1609,-66175.5758,3
16119.1432,-75949.7259,3
18714.9572,-66093.5972,3
18954.673,70393.5226,3
19066.859,-67261.3754,3
19048.039,-478.4134,3
19385.7108,70017.4123,3
18929.8856,-42284.1425,3
19246.8577,-68759.0829,3
19872.1371,69988.1185,3
20059.9921,-58808.9453,3
20081.425,-58832.1649,3
19532.4629,-67569.5677,3
20069.0135,70025.2001,3
20197.676,68985.0368,3
20189.3549,69209.2238,3
20054.1444,71032.0949,3
19898.8623,-996.9032,3
20475.0239,69787.8302,3
19540.34,64960.7448,3
21062.1606,-75523.2889,3
21212.821,-6016.9678,3
20887.9306,68303.8316,3
21526.0654,-5507.75,3
20412.0987,-248577.489,3
21680.1128,-41917.8838,3
21416.2171,58565.5781,3
21954.3092,-5821.0087,3
22664.9507,-50060.2223,3
22732.9526,52182.2701,3
22670.8057,57219.0208,3
23047.7618,52188.0773,3
23234.0082,217.6288,3
21394.9524,-74202.384,3
23216.5808,62659.6347,3
24221.0893,-38066.6527,3
23936.5698,-7327.9103,3
23958.4271,1836.1806,3
24376.9099,56750.2345,3
24817.6556,-74666.8113,3
24487.1879,58147.3143,3
24976.8215,-74607.0499,3
24883.0712,23432.8076,3
24870.1498,-74130.7995,3
25335.0392,-5478.2113,3
24237.1526,-251880.4785,3
27670.4378,57728.4438,3
28433.963,58701.9234,3
28956.8684,-185606.9619,3
28989.9239,-185631.6325,3
29017.1371,-185659.4815,3
29041.5306,-185698.8485,3
29117.873,-185693.2789,3
29176.2956,-185662.27,3
29231.5937,-185635.4887,3
29442.6384,16214.9986,3
29765.2989,15976.2387,3
29654.8427,16976.4864,3
29970.9988,21442.362,3
30311.8868,16449.7042,3
30780.2135,-194883.8701,3
31208.5005,21076.051,3
31443.3333,-203876.7815,3
30417.1053,-5133.9971,3
31510.9926,-203904.6998,3
31654.1093,-203968.0829,3
31694.6278,-203992.6251,3
31689.8186,15363.6363,3
31935.8788,-204141.987,3
32381.2729,20572.574,3
32900.4186,-185931.2036,3
32187.0436,22300.4064,3
33152.145,-185841.5306,3
33536.6821,-59853.1792,3
33563.5478,38839.4766,3
32022.4271,-101629.8123,3
34245.2915,38811.6457,3
32542.3858,-191788.7437,3
35090.4294,-177505.6507,3
35172.4342,-177472.0173,3
35235.4231,-177443.3354,3
35275.4445,-177417.0766,3
35371.0502,-2845.4252,3
34896.8121,-4816.0767,3
35984.8829,19005.4321,3
35666.5119,-89132.3218,3
37163.4173,-51782.0347,3
37052.2975,-6831.7867,3
37658.7851,-210722.6304,3
38389.8027,-71863.8383,3
38525.6508,-51387.4159,3
38347.7353,-47902.4555,3
38763.5936,-64379.0536,3
38793.25,-64403.8698,3
38594.2929,-51977.4727,3
38608.6817,-45302.2188,3
38441.6975,-14029.6556,3
38743.1368,-47470.7642,3
38855.5526,-51333.8244,3
38840.7895,-50861.1857,3
38998.1742,-50586.1852,3
39433.746,-81030.0698,3
39303.0121,-9895.1382,3
39521.2564,-45454.3076,3
39234.3207,-36219.7442,3
39439.2111,-46026.6034,3
39438.4934,-15666.6472,3
40103.5055,-47279.8674,3
40223.2163,-218385.5362,3
40257.2866,-218304.2147,3
40564.5936,-197849.0983,3
40478.6684,57220.9592,3
39435.5335,-64978.7875,3
40978.2703,47751.7348,3
40982.8026,-61880.7265,3
40969.0719,57850.3918,3
40854.0069,-16561.1054,3
41338.0761,-64438.6721,3
41390.9067,-64402.386,3
41422.8495,-64374.0127,3
41454.7623,-64345.7115,3
41507.5576,-64309.4176,3
41516.5563,-47589.7129,3
41185.9626,-15701.6801,3
41776.5394,-49799.4341,3
41662.4134,-17564.7093,3
41976.2745,58574.9277,3
42318.6802,-42898.0062,3
42360.7285,-69039.6518,3
42361.6747,-71071.7674,3
42339.6889,-69300.1357,3
42396.1384,-71042.8453,3
42424.3062,-70909.6864,3
42400.5173,-42959.4813,3
42432.566,-71004.7765,3
42326.158,-68442.7698,3
42471.0089,-43355.3636,3
42477.7398,-14401.5833,3
42556.5914,-14501.6751,3
42571.0067,-14335.5163,3
42680.3676,-14422.312,3
42862.3261,-71214.6041,3
42900.3182,-14361.0687,3
42939.8357,-43481.356,3
43031.8127,-43222.7011,3
42764.8232,-13891.0015,3
43095.8198,-14142.7401,3
43865.0904,-206292.2308,3
43839.9606,-20348.1535,3
42455.9395,-207011.306,3
44324.7778,-11667.0904,3
44681.8707,-207704.6173,3
44658.4454,-18975.5138,3
44973.249,-207107.421,3
44806.8289,-14903.9037,3
45031.001,-11915.077,3
45239.1237,-8743.2521,3
45357.7792,-48839.8927,3
45366.3415,-49090.7111,3
45482.4659,-8243.4958,3
45624.8774,-48000.2645,3
45577.0828,44589.0515,3
45917.4346,-1248.4269,3
46260.9491,-221646.3795,3
46376.2616,-221690.1732,3
46446.1941,-221715.3125,3
45153.6278,-264973.7609,3
46426.5141,-203049.6358,3
46311.9797,47643.5398,3
47669.786,-22310.3429,3
47449.8912,-43071.7336,3
46763.1005,-87067.3405,3
48084.4662,-9722.3962,3
48386.221,-210746.0918,3
48407.1056,-210863.829,3
48458.3683,-210893.4449,3
48513.8172,-42352.3633,3
46596.2101,-17419.4683,3
48770.5129,-211041.905,3
48833.4838,-211045.8844,3
48908.0535,-211017.7297,3
48610.4882,-3476.8107,3
49250.7133,-59177.0677,3
49606.7853,-11301.4284,3
49267.8968,-19103.2395,3
49878.9729,-215337.3908,3
50764.834,-57494.7094,3
50091.9875,-9013.3748,3
50905.8805,-230955.4058,3
41370.6848,-224389.4745,3
51005.1001,135.1844,3
51477.3537,-8632.8971,3
50213.8068,-87973.8907,3
52677.877,-21705.7582,3
53084.7499,-74762.6385,3
53359.073,-74729.5795,3
53559.7443,-18975.9256,3
53294.7636,-29833.1305,3
53661.6024,-13512.9177,3
53672.5416,32838.1257,3
54310.7038,-249818.1342,3
54387.3488,-249748.8636,3
54417.533,-249566.2142,3
54591.2104,-249415.8709,3
54470.4287,-13937.0479,3
54585.1039,-24204.0058,3
54927.3961,-19195.5947,3
55076.6972,-176855.7196,3
55108.5657,-176912.2145,3
55135.0096,-176947.1982,3
54787.5712,45355.9368,3
44654.8541,-216234.8047,3
55385.1701,44969.5597,3
55951.2247,-184421.4417,3
55777.9745,-81858.7369,3
55785.4242,39697.3836,3
56633.8603,-82358.6496,3
56785.0755,-82554.0753,3
56914.0769,47694.6262,3
56789.3078,48827.7693,3
56920.7607,-16445.9325,3
56699.6321,-187729.2584,3
56532.0501,44571.7261,3
57028.2193,28634.7329,3
57086.8785,-82134.4197,3
57336.0132,48474.8095,3
57523.4219,44117.9393,3
57440.5334,37110.9393,3
57752.47,-192848.6268,3
57545.6383,-68786.2766,3
58479.2656,37122.8208,3
56854.1179,-265453.3466,3
58506.4927,37088.9839,3
58383.6793,-28381.8331,3
58567.2658,-22770.938,3
58395.7985,-64207.6141,3
58279.1837,47814.7788,3
58088.2089,38115.0357,3
58737.0513,-20083.0394,3
59259.5405,-185776.0709,3
59327.2712,-19350.7921,3
55941.5125,-26309.0519,3
59719.2292,-18937.4155,3
59762.5011,-20156.3349,3
59587.2944,-22144.8878,3
60076.4102,47513.7139,3
59858.393,-23186.714,3
60254.5176,-44422.0951,3
60548.8301,-264469.6483,3
60666.5033,-37308.8061,3
61208.5675,-39929.5244,3
60155.6422,-30613.4953,3
61239.6333,38988.6242,3
60995.7177,-18525.0624,3
61853.9004,-36707.3773,3
61360.7293,-263868.5062,3
61576.7532,-233823.8718,3
61464.6435,-237185.5143,3
61941.9,-235890.3,3
62051.6102,-40600.8445,3
62209.3471,-42890.4662,3
62363.6968,-37777.1249,3
62830.709,17660.3879,3
63152.876,-194595.8572,3
62942.5656,-73178.8287,3
63007.4516,-37807.733,3
62651.5877,48277.2418,3
63759.7568,19745.3832,3
63978.8388,-48236.2363,3
64085.9719,19827.8014,3
64239.4497,19924.0342,3
64081.1955,38283.2252,3
63036.8815,-266910.2701,3
64322.6415,-49422.4514,3
64547.3166,19298.1644,3
64091.092,26965.6415,3
60858.4118,-273505.0448,3
62588.5429,-255862.0955,3
64599.8458,-236250.3568,3
65278.7099,47391.7816,3
65323.4051,-66035.2263,3
65511.7675,17649.07,3
65056.9446,-36403.529,3
65137.9315,2567.524,3
65631.2604,3382.9113,3
65561.2409,38300.2314,3
65412.268,-48743.4976,3
65793.4171,17130.9116,3
66150.6744,-80697.5312,3
65998.0424,38249.2788,3
65991.1553,-47676.4335,3
65908.6461,-67038.9512,3
66201.6756,-66899.0128,3
65802.1667,25047.9405,3
65739.2454,-273089.9219,3
65846.3543,20810.6607,3
66117.5333,-41649.171,3
65612.5614,-44589.5483,3
66529.4177,38283.9254,3
66661.9229,21498.1925,3
67105.3199,22108.9776,3
67141.9719,21505.7803,3
67053.8525,38182.6354,3
67247.8863,-66236.0306,3
67500.0006,18798.6191,3
67885.7778,18688.7774,3
66400.827,-268178.7189,3
68095.1588,-227725.5296,3
67895.4708,-34950.2255,3
68161.9448,-227698.3503,3
68194.7742,-227722.7531,3
67084.9758,-270407.5242,3
68340.1407,-227789.7801,3
67866.9193,20122.0946,3
68471.1723,-226114.1938,3
68489.0556,-225809.5258,3
68496.8059,-226088.0969,3
68525.2116,-226056.2001,3
68534.695,-65613.6108,3
68562.5813,-226025.8476,3
68283.1612,16237.584,3
67789.2686,-84924.4935,3
64789.9481,35643.202,3
68766.4617,-38662.0894,3
69013.1005,-42995.6262,3
68928.2252,17027.7145,3
68224.0462,37676.4992,3
69196.5815,36246.9432,3
69541.5416,-247380.7198,3
58039.9272,43062.122,3
69556.548,37215.0279,3
69573.8587,-247223.0011,3
69559.4144,38833.355,3
69575.8383,-247303.6672,3
69608.6276,-247088.4448,3
69575.8081,38008.8638,3
70039.1945,24412.8649,3
70288.4587,38854.7384,3
70224.7275,36047.2887,3
70290.3851,-34497.0311,3
70687.7267,-293098.865,3
70815.0473,-293237.2083,3
70485.4065,37640.2099,3
70269.6546,20847.1583,3
70555.4817,-18256.3321,3
70435.4438,29300.4904,3
70994.2165,-189109.7467,3
71249.7684,-62499.6621,3
70751.6494,-81353.7487,3
71238.219,38140.3547,3
71549.0743,-88107.6425,3
71552.9584,38289.6494,3
71173.7798,-23228.0003,3
67356.2728,-86842.5501,3
71416.4588,-189907.5684,3
71604.18,-88021.1662,3
71131.4445,31320.1514,3
71659.5733,23654.4295,3
70671.9526,40263.826,3
70714.4453,-246883.4102,3
71696.8371,22692.2684,3
71341.9376,-85292.7347,3
72299.1635,-82488.1401,3
72300.4297,25876.6575,3
72163.2732,39670.4416,3
71113.5086,16133.3377,3
72446.5374,22442.1489,3
72629.1155,-71422.738,3
72190.722,24534.6924,3
72664.3489,25792.1978,3
72914.135,-294044.1838,3
73019.434,-241619.3569,3
73048.2352,-241587.9948,3
73077.0364,-241556.6327,3
72557.5081,-21412.5483,3
73235.7538,-241478.4187,3
73518.221,-46812.7104,3
73623.3717,-294674.5652,3
73614.6857,21634.4609,3
72641.4717,-18862.6532,3
73179.2855,-22943.5132,3
73566.8035,-201357.7754,3
72629.2293,-212490.9314,3
73707.4228,-52738.2942,3
74511.6718,-211538.2106,3
74556.3378,-211770.8679,3
74558.2888,-87604.2088,3
73026.5449,-83849.8346,3
73848.6389,-179517.7151,3
74034.1277,-80317.2228,3
75056.6174,-85803.3826,3
74715.329,-41960.3813,3
74438.6041,-43649.4222,3
75122.2476,-295588.27,3
75136.0217,-295573.6917,3
75080.4935,-85442.3091,3
74559.5451,38905.5362,3
74420.7044,-26823.8749,3
75234.8515,-29211.7771,3
75725.7257,-252766.3163,3
75604.8172,11565.7579,3
75806.9523,-252694.2326,3
76428.9521,12001.8384,3
75740.1276,-20361.8029,3
76446.3359,-44284.7122,3
76396.8927,-30715.6751,3
75988.5727,14063.5258,3
76642.8054,15182.8451,3
76645.995,23505.7814,3
76898.0625,-46100.3059,3
77243.5055,31181.1493,3
77042.9062,-20292.9932,3
76482.0135,-76832.7159,3
77326.0718,-45086.9437,3
76554.5584,29853.6244,3
77239.182,22156.3575,3
77416.9129,20463.8323,3
77413.0756,28160.2642,3
78230.7536,27226.7881,3
78296.6334,-72273.3718,3
78201.8244,-67479.7989,3
78475.7239,-72209.002,3
78555.6811,-72124.1584,3
78443.1231,-177138.0514,3
78632.8648,-177498.2998,3
78557.1401,2086.0027,3
76080.9447,17881.6675,3
78401.4682,-39918.4086,3
77648.7611,-27721.2242,3
78330.2334,-45861.9158,3
78948.4944,20132.2051,3
79482.2697,-73064.6737,3
78879.5936,33111.898,3
79322.4544,-89726.4144,3
79698.3113,18854.9837,3
78249.3402,-22892.8869,3
79996.7484,-27889.3897,3
78465.35,-17959.2775,3
80204.6028,3188.8759,3
80764.4796,-72271.8432,3
80994.127,-95358.4821,3
81048.5991,-95337.4857,3
80848.1263,-26882.8433,3
81336.8657,-95306.1261,3
81372.3928,-95331.149,3
81793.7318,-186140.1169,3
81392.7487,13695.5249,3
82217.1669,-204362.4349,3
82472.1227,-91460.3187,3
82523.3817,13986.2169,3
82755.0985,27409.6181,3
83113.6777,2945.4336,3
83348.5513,-89848.0094,3
83617.0531,-90335.7336,3
83717.8399,-89987.2938,3
83553.791,23875.466,3
83579.605,16582.096,3
83702.5608,7232.6155,3
83932.9301,25561.2802,3
83830.6244,-55684.479,3
83908.8478,-32719.7823,3
83697.3818,25665.6942,3
83833.1595,-33427.837,3
83850.3059,9112.6569,3
84166.6612,-37797.9854,3
84397.2636,-71615.0882,3
82808.6209,-27556.9419,3
84377.0736,-55072.7145,3
84656.0625,-71670.7725,3
84203.5422,-39192.1554,3
84342.9775,-34889.2387,3
84823.8426,-91643.283,3
84503.8494,7844.0449,3
81235.6727,15920.4638,3
84860.9511,26536.2222,3
84600.6166,26850.4057,3
84770.4455,5376.1609,3
85248.2535,26732.1935,3
85218.3536,-85496.5856,3
84569.4518,-30330.9378,3
85205.1053,-29954.4065,3
84960.3728,-28712.5685,3
85380.0916,26739.9127,3
84626.8065,-86283.6131,3
85394.693,5552.0961,3
85490.4662,-258511.6513,3
85436.1835,7433.5377,3
85566.24,-30549.9144,3
85520.3884,-70454.5189,3
85369.8434,-53943.1883,3
85850.5097,26318.5574,3
85942.3729,6352.9541,3
85931.4529,8172.1751,3
86414.9089,-24362.6028,3
85916.9126,15715.6856,3
86373.6007,-235431.8827,3
86460.2994,-69725.3935,3
86666.8415,-24286.0951,3
86670.4779,25437.435,3
87340.4514,-259887.7576,3
87431.0753,-24135.0115,3
87192.7923,-44124.9061,3
86915.11,-12603.8547,3
87501.0633,-51699.9335,3
85895.4452,-97706.0329,3
87800.3247,8887.4549,3
87971.2917,-72045.1317,3
87640.528,-9005.8306,3
88038.1578,-237392.7887,3
88352.5164,-24280.4371,3
86180.9891,-45682.528,3
88635.2697,-6873.3083,3
88645.853,16068.3498,3
88784.543,-26545.5248,3
89056.3271,-22593.2844,3
89301.496,-6803.2873,3
89070.0029,-57898.843,3
88792.1963,-24322.0232,3
88615.9369,22480.0927,3
88937.8266,-38540.1696,3
89450.6488,-4481.6922,3
89518.3124,-239064.3064,3
88008.1366,-86651.0327,3
89673.259,-25330.3533,3
90000.0734,17151.3434,3
89746.0035,-5215.7574,3
90059.5391,-72230.7924,3
90132.3577,-72061.3859,3
90171.6202,-72263.2608,3
90238.8548,-85710.6422,3
90082.955,-26923.5796,3
90297.16,-85741.2856,3
90303.7012,-72298.8463,3
90623.3964,-262543.4991,3
90432.1332,-72343.5206,3
90733.5896,-24720.9207,3
91314.0204,16507.9863,3
91917.3987,-262592.1108,3
92051.9272,-3327.5751,3
92044.7815,16160.7153,3
91943.4205,-65685.3272,3
91612.9301,-5382.5813,3
91031.9528,-67148.0355,3
92242.1276,-212953.2872,3
92700.2314,16837.0861,3
92376.9272,-62151.863,3
93094.2937,-66228.2572,3
93088.8155,-63414.3714,3
93056.8684,-33068.3155,3
93541.2576,-75107.7223,3
93148.581,5799.7648,3
93226.6671,-39309.2907,3
93012.6667,-97528.0476,3
93637.4633,-34067.9035,3
93926.6805,-199201.3236,3
93686.6979,-208458.3311,3
91735.3797,-210457.3748,3
94147.1548,-63969.5169,3
94182.2642,-39124.3868,3
87886.8294,-91954.4001,3
92174.2954,-94625.3868,3
95025.5113,15308.6362,3
95459.2494,15577.6338,3
95749.0971,-7903.9038,3
95660.6105,-7636.1578,3
95677.0641,1179.1801,3
95880.8233,-91420.2015,3
96167.6631,-36594.6065,3
95858.7264,-77979.9463,3
89882.2249,-32748.7814,3
95732.8988,-37020.246,3
96459.4506,-77882.4508,3
96600.762,-32811.0633,3
96579.538,-33624.4295,3
96569.2705,-73684.0434,3
97306.9772,-25030.4474,3
97515.6288,-25081.64,3
97524.5144,-3212.4178,3
94046.2179,-1308.9671,3
97104.6725,-95643.772,3
96762.5478,-300176.8153,3
97544.5732,-65322.143,3
97029.9788,-287042.7172,3
97728.1269,-33637.0771,3
97424.4599,-31764.9925,3
97548.655,6339.6914,3
97513.5795,-33034.5705,3
97924.1255,-25015.5715,3
98260.8693,-88785.3662,3
97219.9888,13251.761,3
98324.5383,-32686.2933,3
98325.6468,-3131.1741,3
99126.2747,-46617.1922,3
99480.623,-78795.4561,3
99490.8738,-78975.066,3
99481.3297,-79145.8913,3
99082.0741,-99610.1456,3
99686.8545,-91411.8587,3
99861.8871,-26827.8541,3
99162.0758,-284340.0406,3
97911.807,-5381.7182,3
95506.8119,-311037.1228,3
99200.0594,2172.9431,3
101529.5032,-82439.711,3
101552.7018,-82388.4469,3
101352.7337,-81681.1067,3
101608.0722,-65979.6477,3
100639.3092,-291517.6645,3
102034.1135,-81251.7356,3
102146.9008,5593.9193,3
102180.1806,-6997.0756,3
102034.5885,5200.9335,3
102392.2078,-3206.4698,3
101662.0695,-295332.1641,3
102221.8174,-66782.0091,3
102686.6974,-6392.5713,3
102801.1135,-88232.4867,3
103134.6786,-213346.2715,3
103026.8676,-203517.0796,3
103350.6262,-85639.443,3
103031.8021,-81535.1187,3
103302.0394,-54356.2466,3
102419.0864,-200783.428,3
103656.4502,-25842.6368,3
103766.6413,-84399.587,3
103300.4339,-47772.2646,3
103902.283,-25957.7045,3
103923.6276,-201745.936,3
103853.3388,-82189.8237,3
104219.818,-8720.7311,3
104108.1831,-81374.2407,3
103757.058,5744.6495,3
104311.9932,-57146.632,3
104300.1686,-202139.0571,3
103870.8175,-50866.6848,3
103742.0798,-73475.2125,3
103769.4224,-67123.1283,3
104330.4538,-26124.4732,3
103182.7814,-57493.1225,3
45360.0056,-53745.2054,3
104970.3546,-82547.4031,3
105058.5305,-246269.675,3
104893.0519,-220083.8757,3
105057.2019,-77859.6269,3
104367.317,-214337.7351,3
105062.9637,-41347.0952,3
105037.585,-30547.066,3
105095.3254,-221153.0966,3
105438.1084,-37314.5427,3
104614.8874,-45759.6108,3
105421.1376,-206903.9922,3
105588.9636,-290785.3244,3
105596.3188,-78430.2203,3
105340.0961,-55603.4914,3
105521.3581,-208955.9553,3
105293.8156,-52659.193,3
105350.116,-71868.5639,3
105220.7878,-59135.6128,3
105850.1124,-293109.5318,3
106184.6173,-38293.399,3
106396.5713,-73408.6953,3
106111.9708,-295520.2737,3
106309.4413,-32014.8608,3
106447.9722,-210868.7204,3
106666.984,-37592.7489,3
106448.4498,-70169.0502,3
106404.676,-41135.7012,3
106608.7504,-68195.6709,3
106594.5543,-60505.0552,3
106943.1722,-220798.1963,3
106335.4792,-35765.2809,3
106994.9484,-43828.2548,3
107443.8629,-73156.9918,3
106716.6927,-57429.0796,3
107488.0183,-37581.3437,3
106918.6261,-54451.0207,3
107326.1582,-51584.4644,3
107069.1491,-212346.9253,3
107860.0301,-71951.54,3
107890.3079,-35951.5829,3
107888.2552,-34720.776,3
107881.2513,-70738.0318,3
108033.8214,-219972.5333,3
108332.1466,-245207.3223,3
108692.9502,-33915.0713,3
106942.6157,-301875.1503,3
107614.3008,-297801.273,3
107004.8486,-47394.9945,3
109103.4796,-42994.9616,3
108899.9272,-35679.4013,3
108729.1,-213209.9113,3
109147.7855,-82153.4459,3
98535.649,-49017.9119,3
109898.4831,-214605.172,3
109020.6586,-209729.3318,3
109946.999,-35128.0831,3
110150.8225,-27550.6171,3
110095.448,-25038.5986,3
109862.6072,-215432.2302,3
109961.8573,-24118.4612,3
110365.7651,-214861.267,3
109747.1185,-302332.4565,3
110344.2247,-33932.6161,3
109913.9766,-60550.1815,3
110565.8273,-214616.9509,3
110068.5495,-44420.5069,3
110601.0588,-40880.1943,3
109312.2728,-56049.2705,3
110062.8575,-66017.7278,3
110600.7198,-26491.1223,3
111349.0187,-25416.3228,3
111512.6504,-26343.1437,3
110893.5706,-25818.7281,3
111057.908,-62040.2089,3
112005.6763,-20039.901,3
111425.1481,-53081.0246,3
112199.7778,-264147.2683,3
112265.4295,-251955.2365,3
112274.7172,-264319.2934,3
112323.659,-264743.5816,3
112121.1958,-35484.0776,3
112373.1217,-69749.404,3
111643.5439,-42644.1112,3
111686.9446,-46270.9031,3
111687.5951,-56017.2654,3
111910.6045,-303660.4611,3
110276.0462,-51476.5304,3
112030.1759,-39122.1998,3
111263.608,-21920.5613,3
112634.5171,-51399.3535,3
112973.8088,-221228.2514,3
112766.863,-214364.7436,3
112679.043,-65235.4097,3
112806.7628,-55014.5108,3
112790.6812,-74497.8894,3
113261.1895,-10800.7404,3
113250.6227,-10891.5712,3
112810.187,-47589.466,3
106782.6182,-8846.5735,3
113364.4454,-221189.512,3
113571.0474,-30430.6302,3
113553.0678,-11005.8856,3
113620.4134,-10724.1477,3
113731.9948,-62920.5462,3
114034.5536,-10930.2931,3
113314.4124,-40772.176,3
113868.6342,-38023.6367,3
114227.895,-56361.6329,3
114725.9277,-45644.8392,3
114326.5119,-18759.7051,3
114872.8729,-297214.4751,3
112458.089,-31966.5929,3
114160.9703,-43628.101,3
115471.0262,-35612.0635,3
114949.0769,-58711.1768,3
115377.7275,-36407.9404,3
115042.9331,-39011.2751,3
115510.588,-56304.9444,3
115093.2378,-104094.1049,3
116177.1523,-53059.5587,3
117178.3519,-15057.5524,3
116386.7585,-43862.9188,3
116507.3791,-40696.7006,3
117402.0011,-12214.0269,3
116463.6396,-34195.1262,3
116698.4984,-37400.2231,3
117751.0003,-35191.5783,3
118320.3652,-29815.0116,3
118583.4706,-82972.1395,3
118649.9097,-82973.9081,3
117982.3814,-32546.3644,3
118034.0657,-42113.1304,3
117776.3018,-73691.9897,3
118267.0426,-39034.0495,3
119033.8779,-31197.5558,3
119031.5939,-264389.7971,3
120248.1376,-46341.4836,3
119719.0589,-34294.2263,3
119864.6646,-37612.6176,3
119760.2978,-40554.6203,3
120667.4973,-82904.4885,3
120831.6687,-74980.7253,3
120564.5383,-214920.5928,3
120841.1503,-58206.6288,3
121378.3803,-74943.1082,3
121440.6574,-210537.749,3
121869.3156,-73845.5378,3
121593.1138,-59442.4071,3
121235.2776,-32631.1,3
121715.5144,-37633.1125,3
122092.0397,-38339.1658,3
121584.9132,-41455.9548,3
122122.5828,-73662.7066,3
122201.7263,-73329.3724,3
121693.0582,-72178.9874,3
122250.8375,-210885.161,3
122442.2138,-263881.4515,3
122022.8116,-39428.6484,3
121909.0021,-212206.3099,3
122624.9717,-211288.4709,3
122575.513,-55186.8939,3
122283.153,-262094.7196,3
122884.4197,-68294.7671,3
122754.7451,-20180.1715,3
122983.8462,-49237.528,3
123549.4698,-265420.1824,3
123604.8323,-69969.5105,3
123508.3855,-64081.6619,3
124011.2905,-273334.9427,3
113985.1838,-103566.5517,3
123771.196,-225531.4878,3
123191.8507,-306704.9552,3
124089.5561,-258227.4645,3
123900.7122,-213626.4388,3
124537.2927,-259374.8516,3
123902.0805,-223270.831,3
124103.8846,-58185.5609,3
124799.1343,-15205.3584,3
124343.3566,-47698.0873,3
124353.1841,-45849.7303,3
123557.9789,-30177.8442,3
124564.3548,-32664.5411,3
124836.0812,-226532.825,3
124087.3977,-211613.2531,3
125474.0897,-212088.9527,3
125528.4958,-50722.858,3
125843.5712,-61028.0092,3
125991.3454,-13598.3651,3
125417.3717,-238882.2982,3
123561.161,-61685.9367,3
115002.5164,-72650.0362,3
125572.1776,-260541.315,3
122818.7432,-102381.1582,3
126025.5787,-227710.9271,3
126138.1314,-52230.2045,3
126562.9798,-230677.0188,3
126718.2757,-72812.1042,3
126174.2735,-59392.9127,3
126992.0247,-237450.6908,3
127337.2201,-13447.9139,3
127361.3008,-14120.9796,3
127561.3385,-288056.2911,3
127662.9406,-15457.81,3
127282.265,-50633.5664,3
127202.5523,-260935.1679,3
128058.5102,-228824.9419,3
128266.1905,-271660.0841,3
127545.6482,-21550.9249,3
128432.5056,-271657.8366,3
128468.7843,-271558.0323,3
128285.1029,-261274.7403,3
127875.3354,-234480.4091,3
128343.746,-66083.7548,3
128777.2025,-16438.1497,3
128755.0076,-287565.5617,3
127799.7857,-63125.4444,3
128752.8611,-68681.9209,3
129234.8143,-271675.9402,3
127754.6545,-240138.7463,3
129285.8788,-271600.1814,3
129320.2123,-271522.6872,3
128974.4202,-51060.4311,3
129151.3044,-68324.7427,3
129389.5897,-287830.0728,3
127217.736,-31194.4026,3
129456.8484,-288243.756,3
128426.563,-102005.9779,3
128661.2188,-46233.5359,3
129303.015,-47332.6573,3
129041.9394,-62604.584,3
128548.6046,-112227.6715,3
129461.1102,-67841.3525,3
129662.6885,-67118.6637,3
129077.9239,-227827.3942,3
129873.1987,-66671.9963,3
130196.4069,-49326.8095,3
130550.0765,-227786.585,3
126707.0849,-55111.7303,3
129208.208,-230438.6159,3
130655.3216,-51193.4097,3
130825.8803,-289256.6,3
131125.437,-98142.3039,3
131490.7738,-98094.8808,3
126788.7984,-220365.2125,3
131107.3585,-245518.1706,3
131447.7895,-78057.9362,3
130977.1644,-311820.8301,3
131915.5954,-42870.9075,3
132092.2163,-95953.9091,3
132299.7691,-273694.1609,3
132238.2683,-62370.0741,3
131604.6064,-34507.8966,3
132578.1313,-38558.6243,3
132649.7005,-61237.3661,3
133449.2162,-54762.088,3
132528.0917,-216835.061,3
132042.1409,-234517.759,3
133418.8585,-244388.0954,3
133943.486,-52721.9129,3
133970.1698,-27530.2429,3
134277.9503,-59418.2173,3
134877.8536,-22276.3784,3
134670.896,-234355.317,3
132287.7545,-240586.2631,3
135802.5625,-250624.7543,3
135423.912,-236660.2324,3
136227.3317,-250891.3961,3
136149.6677,-69258.7296,3
135782.0856,-41713.7841,3
135896.1548,-58035.8415,3
136517.4688,-56061.7301,3
136352.3582,-55851.5814,3
136524.8161,-51412.7128,3
136662.8151,-21158.8195,3
136876.7091,-56644.9409,3
136565.489,-76915.4798,3
136990.9158,-238777.5985,3
137248.6732,-227497.2512,3
137359.2379,-299601.335,3
136234.1851,-245414.1013,3
138051.1255,-18413.8228,3
137369.5036,-40068.6142,3
137442.8145,-46550.1644,3
137450.286,-49756.3749,3
138107.1718,-76095.3721,3
138221.2752,-236942.8879,3
138395.0706,-232632.4262,3
137877.075,-234244.6394,3
139036.2988,-17955.6321,3
137999.3337,-69221.6773,3
139307.5956,-17797.9985,3
138178.174,-117760.9859,3
139449.214,-75939.8859,3
139471.5844,-229104.9624,3
139701.1915,-17884.2037,3
139077.516,-48139.1949,3
138949.4603,-51458.13,3
139721.838,-58873.6974,3
128383.4577,-13504.0992,3
139376.5306,-240832.4862,3
140173.0743,-17937.059,3
139937.5745,-17784.5635,3
139871.2177,-233475.3044,3
140058.3426,-4276.3373,3
139921.844,-246897.0794,3
139560.3636,-229023.4072,3
140739.6855,-243457.9804,3
139750.0893,-124552.4167,3
138815.4868,-115715.242,3
140540.6059,-209697.9661,3
140426.508,-56107.1092,3
141096.7917,-18008.0364,3
141115.7779,-17911.9074,3
136818.5096,-30235.8608,3
140710.7026,-52958.634,3
141455.0713,-18037.1329,3
141470.7495,-17925.143,3
140394.3259,-321065.3489,3
141350.1853,-231552.5435,3
141380.2554,-241965.2914,3
141593.8656,-51826.6939,3
141559.5957,-228923.3219,3
141636.4156,-238350.9439,3
142145.708,-53375.7796,3
142503.1602,-230661.9668,3
141598.3832,-117634.5315,3
142412.2334,-18573.8406,3
142429.7317,-65070.4059,3
142849.8231,-252175.1331,3
143272.8388,-44667.1963,3
143206.8385,-256373.2479,3
143467.1206,-232508.1463,3
143647.5856,-85630.9793,3
143570.8799,-227726.3733,3
143450.0914,-237354.1857,3
144479.0743,-294275.6654,3
144792.5184,-252765.7826,3
144958.093,-285846.061,3
144697.9328,-256443.8408,3
145136.328,-285995.6526,3
145231.6032,-86487.7435,3
145261.0246,-13119.2964,3
144488.8748,-322609.9633,3
145935.4247,-287054.9025,3
145947.9444,-287227.686,3
145458.206,-242847.9757,3
146018.1207,-29085.0215,3
145986.4898,-29593.9938,3
145596.4851,-286627.704,3
146140.5716,-29700.536,3
145613.1135,-295495.386,3
145471.7143,-44882.8778,3
146049.7805,-67513.3529,3
146253.8669,-80748.5136,3
146453.331,-254968.6971,3
146494.7073,-250647.4001,3
145623.4891,-248245.6403,3
147005.6333,-46257.5026,3
146824.8833,-81645.4065,3
146177.8809,-78845.7962,3
146763.9245,-254065.4841,3
147052.7038,-43243.5669,3
147475.5145,-67714.466,3
147914.6442,-69292.249,3
146478.897,-61827.8547,3
147114.6006,-59114.4097,3
146207.0944,-69808.7727,3
147446.0831,-323922.3841,3
148407.0605,-276872.8384,3
148437.9951,-276901.798,3
148185.3567,-43911.3124,3
148469.145,-276930.7644,3
147955.4677,-60023.2296,3
147930.5147,-232121.9084,3
148601.6407,-276998.1013,3
148619.8309,-49892.2181,3
148765.2945,-278108.1647,3
147921.0782,-59647.3117,3
148799.0255,-278130.827,3
148741.301,-61256.3095,3
149116.931,-74177.7583,3
149156.6101,-278024.6297,3
149099.987,-44234.8802,3
148483.1276,-60687.4502,3
149310.0003,-37654.0232,3
148671.3223,-41626.7979,3
148597.323,-77443.6839,3
148876.9951,-51423.3236,3
149545.9786,-60865.8254,3
148914.1661,-251661.2399,3
149743.2102,-75591.6882,3
149940.3338,-292098.3506,3
150034.6577,-269888.3515,3
149903.429,-61158.7933,3
145215.5754,-288850.9427,3
150060.6853,-269967.6271,3
149525.2932,-70228.8854,3
149977.0001,-234895.1109,3
149906.3788,-60774.0653,3
149996.7648,-235691.5704,3
149185.8582,-247673.6037,3
150507.9549,-245207.2459,3
150503.3407,-245127.4092,3
150386.424,-235285.6145,3
150505.3035,-245458.3202,3
150768.6837,-245660.308,3
149895.2668,-74124.6299,3
150851.6717,-245768.6932,3
150182.3224,-44990.1117,3
150728.6639,-245151.9558,3
150269.7808,-841.1847,3
150964.1753,-245863.0119,3
150080.2951,-36654.3624,3
150823.6458,-235679.8691,3
150386.0462,-40316.3956,3
150780.8413,-250262.603,3
149160.1705,-121213.4456,3
150398.255,-52894.0539,3
150913.08,-242141.2159,3
150433.9686,-59390.4349,3
150434.229,-62653.9946,3
151163.6162,-246379.6125,3
151242.7677,-244725.0427,3
151383.7313,-229652.9249,3
151353.4882,-245354.721,3
151459.238,-34529.703,3
151438.7997,-242907.2906,3
151412.0289,-58414.5898,3
148540.6001,-65136.3869,3
151365.8241,-35754.5505,3
151736.5053,-8825.3003,3
151952.9243,-82664.1589,3
151712.9213,-262148.347,3
152223.062,-246176.8256,3
151960.1288,-246897.0577,3
152259.812,-270280.2354,3
152287.1676,-270341.6563,3
152287.7081,-8014.8494,3
152319.3751,-270426.618,3
151797.6645,-223917.9432,3
152347.2065,-270492.9447,3
151958.5446,-221013.1613,3
151945.3967,-253371.7433,3
152396.1615,-270507.0913,3
152391.7234,-223274.5279,3
152390.1013,-222702.9193,3
152389.0568,-222404.9749,3
152428.8193,-270478.947,3
152194.9094,-3769.624,3
152593.9473,-38036.4118,3
151972.4135,-38939.3366,3
152216.4801,-57584.8114,3
152462.0615,-225833.1147,3
152777.1846,-42885.1765,3
152726.4854,-235374.8067,3
152965.7666,-270477.7186,3
152538.4851,-224109.0603,3
153016.1031,-270465.3898,3
152671.8665,-256322.9736,3
152961.2993,-42730.83,3
152374.4717,-240475.49,3
152714.847,-55155.363,3
152917.1549,-16631.7714,3
149640.7506,-292923.4005,3
152980.7392,-445.9635,3
153431.2297,-268117.6173,3
152284.0727,-61387.218,3
153684.0796,-214847.243,3
151979.6859,-41548.8575,3
153372.1034,-288438.4343,3
153788.4024,-241463.2553,3
153065.6389,-296332.9749,3
153792.5035,-15814.866,3
154184.9975,-97997.1206,3
154001.4032,-13317.7935,3
154005.1686,-12525.2687,3
153671.8326,-37182.0366,3
154133.0709,-64747.5192,3
153620.715,-82095.9003,3
154083.491,-289271.2273,3
154063.0581,-53272.7012,3
153674.5378,-59408.2189,3
154210.0715,-61093.1922,3
153660.6941,-65792.7213,3
154277.1461,-257199.6756,3
154679.9759,-97803.3676,3
154680.9442,-97655.8942,3
154546.6343,-260593.6056,3
154751.6703,-97689.798,3
154783.2268,-97776.8138,3
153815.7755,-243535.6519,3
153574.8599,-325439.8646,3
154845.6304,-97666.0801,3
154850.2907,-97794.4627,3
154863.7765,-97731.7172,3
154277.8195,-247698.9409,3
154906.0438,-97823.0122,3
154988.6901,-53091.9371,3
154267.2508,-253453.5722,3
153933.0095,-230111.0938,3
155166.5452,-45565.5779,3
154890.3344,-249376.1491,3
155352.5186,-260162.7499,3
154261.0564,-43599.3475,3
154827.9702,-99483.7063,3
155599.5956,-14642.4731,3
155332.9088,-86306.2257,3
155253.913,-289034.2174,3
155689.6939,-80756.125,3
155199.3056,-83073.6226,3
155344.1465,-67132.7448,3
155905.9417,-238338.3843,3
155286.6179,-214616.7934,3
156172.4293,-46586.763,3
155725.5844,-42241.5705,3
156344.7732,-63602.1912,3
153721.7668,-64219.6465,3
156217.2405,-12672.5407,3
151138.6066,-68149.0656,3
155737.1723,-93605.6408,3
156732.2588,-47133.6205,3
156600.5512,-72583.3797,3
155935.431,-51964.197,3
156563.345,-46083.6701,3
156213.3631,-61830.2074,3
156897.1516,-80462.9354,3
156955.5635,-96181.0979,3
157328.5471,-287035.9859,3
157389.8396,-287065.3788,3
155392.8855,-221945.5839,3
157262.3867,-425.2839,3
156893.3329,-35722.4461,3
157276.2586,-69438.2579,3
157084.9919,-251035.3403,3
156720.9509,-299252.2359,3
155844.8979,-70194.4705,3
156875.7168,-49168.8677,3
155868.5601,-54092.725,3
157282.0373,-226558.5192,3
157790.4666,-10188.7333,3
157030.7303,-65901.8596,3
157849.8306,-286908.4695,3
157634.0448,-62222.1686,3
157710.5792,-75996.9449,3
157788.5404,-222300.847,3
157394.6925,-63105.784,3
157775.3513,-95352.9594,3
157657.1804,-3285.3028,3
157954.3369,-3982.2775,3
157423.3419,-285770.1083,3
157701.5063,-93719.7057,3
158224.2698,-69960.0444,3
158017.9887,-97788.5162,3
158384.0062,-71812.7087,3
158247.843,-12866.6256,3
158586.4122,-71843.5208,3
158699.4836,-95000.819,3
158726.46,-70189.3654,3
159024.727,-54909.0405,3
158563.2364,-11272.1737,3
159021.6498,-35190.4786,3
158871.0273,-69293.8227,3
158416.0674,-38306.9782,3
158890.8077,-42394.7271,3
158996.6671,-97909.6035,3
158896.5579,-51609.0894,3
158424.6089,-67665.4742,3
158618.6524,-76784.7125,3
158629.3564,-64258.8736,3
159416.4187,-90870.4961,3
159541.9655,-216091.5236,3
159574.8662,-216063.772,3
159283.8932,-71197.3331,3
159023.4982,-223061.9437,3
158867.3941,-66034.864,3
159086.7034,-247709.7939,3
158918.7365,-94101.9156,3
159402.2121,-98554.4141,3
159651.0096,-9949.7282,3
160090.8893,-256332.3242,3
159720.0417,-96782.7227,3
160351.3072,-76079.6246,3
160060.2659,-260560.5957,3
160140.7747,-99420.822,3
160529.9931,-99183.719,3
160134.2355,-73823.9986,3
160480.0236,-74087.6493,3
158727.8076,-26075.253,3
160447.4827,-73328.328,3
160354.4038,-44758.9901,3
160811.6112,-63190.9267,3
159874.8349,-226401.6335,3
160591.6457,-65824.1072,3
158771.9145,-221044.3237,3
161415.1166,-262457.7636,3
161332.1729,-64730.5746,3
161570.4392,-262453.9113,3
161205.6707,-46058.8514,3
161565.28,-83489.1264,3
161775.2615,-262822.6031,3
161415.5246,-73716.0179,3
162115.7725,-262839.5115,3
161799.3274,-98354.0677,3
162140.6235,-64847.3716,3
161254.2387,-19466.9831,3
161415.7408,-99891.6052,3
162093.2414,-86788.1132,3
161792.212,-229784.2071,3
161608.7465,-16995.9496,3
161933.5898,-247440.4182,3
162216.5316,-77959.5822,3
161774.0057,-77093.2832,3
162182.2156,-74464.356,3
162520.6004,-121643.096,3
161758.3326,-63709.3849,3
162445.7957,-24696.6822,3
162120.9462,-71503.8236,3
162115.1491,-83009.3035,3
161865.0161,-70865.593,3
162387.059,-64495.5023,3
162608.1978,-121312.0871,3
162674.5688,-77136.578,3
162822.5116,-104890.9107,3
162733.8557,-83358.3137,3
162827.709,-225894.3972,3
162814.8568,-76284.9552,3
161515.332,-72157.655,3
159099.4012,-255747.5034,3
163565.7579,-105111.3993,3
163434.6064,-266361.2307,3
162934.4612,-102882.3707,3
163673.3592,-105005.769,3
163397.5563,-29953.5101,3
163239.8012,-22680.868,3
163816.6441,-104761.3295,3
163129.586,-6550.3471,3
163691.7819,-71006.7617,3
163291.9607,-43121.3466,3
162457.5993,-249627.5381,3
164035.9155,-24043.1616,3
163411.1177,-52747.0651,3
163078.9382,-65458.2422,3
163654.0617,-62692.0971,3
163527.7435,-78843.9771,3
163830.5056,-228146.8639,3
163444.1293,-81607.4607,3
164504.9975,-290034.2928,3
163560.9869,-27682.1626,3
164513.0824,-263950.5065,3
164299.4293,-86264.5111,3
164589.7254,-229441.2201,3
164834.6164,-290127.5174,3
164459.4507,-233670.0138,3
164629.209,-85177.2774,3
164779.9921,-77739.8427,3
164911.3198,-47192.7081,3
164845.1823,-248900.3121,3
164564.5366,-32170.9589,3
164795.4389,-80409.9041,3
162397.5656,-48369.4827,3
164893.3899,-48037.2795,3
165523.3194,-104841.9778,3
165488.6822,-232280.6723,3
160186.3615,-58018.0815,3
165033.5394,-23109.4379,3
165661.4584,-79799.029,3
164804.3863,-103783.8297,3
163308.6826,-67911.3762,3
165780.1145,-77125.0881,3
166067.794,-68997.7546,3
166087.5886,-52345.4856,3
166465.4881,-111701.1025,3
161829.5552,-1880.5993,3
166371.4064,-64575.9896,3
165995.3035,-16126.7563,3
166610.3753,-9147.1879,3
166385.3155,-257642.2399,3
165253.6281,-40860.6527,3
166310.6491,-251970.1319,3
166400.0694,-24620.4459,3
166211.094,-33697.2621,3
163158.1466,-37147.2729,3
165954.504,-11458.6553,3
167059.5766,-10617.4337,3
167125.8139,-40694.7195,3
167003.5624,-66635.7653,3
164842.4043,-257049.0695,3
167144.6651,-39308.9005,3
166426.4925,-43134.2648,3
167097.5398,-257723.4393,3
166463.4499,-46382.7535,3
167367.8581,-85155.9107,3
166534.7764,-49497.505,3
167399.7037,-12371.0486,3
166373.1058,-78637.5257,3
166813.4616,-65490.0021,3
165929.5277,-55019.7034,3
165948.2463,-76560.7475,3
167340.3885,-1851.8295,3
167142.2644,-68683.3353,3
166848.1183,-81232.1002,3
167092.4241,-84827.0567,3
167683.6575,-55077.2063,3
167562.8615,-92912.5777,3
167705.5712,-11481.848,3
167781.357,-68092.0786,3
166187.7493,-263739.9008,3
168191.2993,-112209.8612,3
168209.3442,-11778.2908,3
168001.0971,-77647.3082,3
168293.1061,-87253.1651,3
167335.5082,-72075.4093,3
168125.6343,-54049.0673,3
168504.3568,-252435.0693,3
168685.6435,-12326.0638,3
168572.4757,-11801.7847,3
167908.482,-35260.8177,3
168031.6758,-38357.8501,3
168677.2575,-77055.7238,3
168178.4172,-47968.4446,3
168594.6075,-70563.0013,3
168859.8891,-112095.3462,3
168407.5538,-18018.766,3
168513.1625,-64735.9681,3
168301.5348,-57575.663,3
168300.1221,-51095.4113,3
168557.3493,-492.9372,3
168336.7583,-67093.2097,3
168989.8337,-68075.3945,3
168729.7806,-247660.971,3
169000.7844,-254455.9102,3
168560.8996,-74632.2456,3
168300.8079,-257137.6546,3
169189.3294,-96868.6415,3
169349.7543,-1716.5284,3
169374.0371,-248163.0923,3
169389.0032,-68554.108,3
169493.0875,-69954.7923,3
169808.6689,-254446.1813,3
169657.6043,-110398.973,3
169659.1922,-75774.6301,3
169034.216,-260521.2849,3
169626.4366,-36781.5328,3
169762.1666,-40338.8278,3
170109.6912,-257249.0581,3
168714.012,-43246.4155,3
169765.9866,-46385.8567,3
170513.0302,-75174.8599,3
170410.5461,-258039.292,3
169891.4537,-52737.6851,3
169775.2885,-56967.6822,3
169918.154,-59195.047,3
167076.8185,-61901.3785,3
170301.7315,-69061.3102,3
170036.1533,-71508.9926,3
170036.7011,-65430.2068,3
170923.5232,-68096.7549,3
170155.0933,-67079.1107,3
170917.8051,-58117.1281,3
170912.555,-93426.0552,3
171151.0088,-73664.4897,3
171243.3547,-73801.0579,3
171040.3856,-76344.6119,3
170302.1096,-72746.0879,3
171523.9657,-65717.3162,3
171036.0684,-105769.9843,3
171563.5638,-69815.9519,3
171787.3427,-64626.0187,3
171420.232,-12846.75,3
171238.4533,-35159.7137,3
171074.8364,-38172.2685,3
172037.8591,-38349.2871,3
171178.855,-41646.5079,3
172109.5029,-42269.1672,3
171340.1728,-44749.653,3
171380.2712,-47935.9161,3
171536.7646,-50962.6362,3
172186.5048,-224143.3151,3
171958.4434,-67308.5227,3
172430.2123,-57733.293,3
172128.631,-227086.5187,3
172685.3853,-57627.9657,3
172505.8558,-40389.5288,3
172387.0954,-92366.2832,3
172919.4342,-260444.1368,3
172999.8612,-3566.6655,3
172443.2846,-292788.9506,3
173092.9256,-43900.6619,3
172845.7544,-68694.7939,3
173557.0633,-119536.282,3
173299.9297,-2005.3543,3
173304.2933,-39724.4256,3
172926.6595,-42981.3131,3
172950.8823,-46341.2243,3
173427.1716,-75382.7196,3
172957.5614,-49458.1657,3
172857.1806,-59513.1238,3
172946.7022,-74006.158,3
172906.5276,-78489.7227,3
173295.4976,-217738.228,3
173177.633,-62375.2302,3
173347.8375,-224438.0338,3
173290.4362,-65492.6122,3
174172.4615,-228224.2438,3
173126.7437,-89106.0198,3
174389.8046,-224558.7701,3
174239.6903,-66690.633,3
174569.7787,-224557.7424,3
174061.9383,-260417.3121,3
174255.6613,-75095.4172,3
174471.298,-227312.3841,3
172611.6021,-70920.4701,3
174613.678,-230822.8048,3
174373.9767,-54698.0949,3
174753.6093,-86342.6889,3
174404.3985,-8293.6772,3
175140.2915,-224505.7106,3
174564.7153,-60742.0378,3
174602.5175,-64326.3545,3
174574.6033,-44742.3486,3
174562.6029,-47913.2002,3
172799.8525,-54731.7437,3
174683.731,-51603.7899,3
175314.5075,-116162.9892,3
175399.3036,-62161.0799,3
174888.3502,-228898.503,3
175395.9983,-2174.5048,3
175625.0845,-285393.4994,3
175681.2145,-87252.0027,3
175124.9018,-279088.5032,3
175895.1147,-61934.154,3
175864.1858,-74434.6048,3
176141.7515,-58420.6264,3
175886.9455,-29188.5033,3
176382.9262,-99259.1304,3
176012.0415,-217702.9937,3
176229.7503,-868.1722,3
176662.9819,-28341.8876,3
176098.2822,-58859.6014,3
176098.8413,-39834.1763,3
175241.9857,-42356.9829,3
176774.4784,-59536.872,3
176170.6745,-46308.2421,3
176111.4653,-49217.501,3
177053.4794,-27546.0513,3
177236.5102,-59497.475,3
177073.4574,-250524.3965,3
177117.9657,-41457.5485,3
177137.0729,-94417.2226,3
176383.421,-59723.1304,3
177354.2353,-59446.0217,3
176980.879,-67167.2279,3
177383.9357,-59287.7813,3
177377.2158,-59793.9553,3
177598.3468,-60280.3736,3
176421.522,-54156.2236,3
177752.3176,-59551.3374,3
176641.2714,-88055.5127,3
177825.6413,-54096.6395,3
177820.0437,-229635.3783,3
177147.8265,-67991.5702,3
177883.5303,-94803.2808,3
177886.1884,-94004.805,3
177468.8519,-97362.9474,3
177483.3451,-44770.9449,3
177584.2208,-47888.2287,3
177946.7209,-54753.2957,3
177784.0539,-66390.6514,3
178066.332,-59949.4415,3
178124.1646,-30350.8648,3
177870.603,-17745.5176,3
178066.9396,-28325.3003,3
177693.3185,-55268.9877,3
178493.678,-18295.9452,3
177834.7308,-42978.3007,3
177800.1403,-69355.5448,3
177909.0576,-51204.3775,3
178919.9179,-59442.2077,3
178777.8706,-18970.7873,3
179247.8071,-2925.0547,3
179032.4683,-216.0742,3
179384.6464,-2308.6016,3
178632.4576,-245931.0084,3
179150.4153,-267655.563,3
179496.6954,-243052.232,3
180064.7589,-21120.0459,3
179309.0761,-17283.5031,3
179635.9201,-269329.9398,3
180345.0483,-30265.949,3
177777.8676,-84519.8183,3
180045.0965,-65688.2396,3
180170.4177,-29002.8328,3
180568.2579,-20643.1577,3
180806.5745,-25839.502,3
180608.4725,-132154.0286,3
180303.5075,-247131.524,3
180846.9994,-65066.6432,3
178227.8459,-57656.7207,3
180850.7566,-30384.013,3
181319.6849,-29922.467,3
181335.8535,-30014.933,3
181503.6436,-60736.8129,3
181220.75,-87675.5266,3
179979.9135,-95415.4241,3
180836.5509,-11750.5241,3
181633.8373,-60320.8319,3
181695.4831,-19804.558,3
181657.3235,-253468.4711,3
181866.5674,-26949.0427,3
181918.5681,-86963.6345,3
182122.4797,-29086.6755,3
182120.5485,-28641.9097,3
181898.989,-232765.7805,3
182139.8388,-28742.5132,3
182041.2966,-29658.9543,3
182021.4404,-27977.4333,3
181954.2305,-59634.8141,3
182331.0375,-87763.9976,3
182027.3652,-109527.7576,3
182500.9242,-57853.1114,3
182849.7692,-21403.0561,3
181672.6742,-40914.285,3
182915.7025,-27480.1643,3
180826.4977,-259812.5578,3
182749.9713,-86559.3085,3
182584.7772,-54124.4047,3
182241.7817,-113945.0333,3
183317.011,-13635.0258,3
182300.0189,-85563.0155,3
180650.6743,-265324.9268,3
183116.0012,-50362.2704,3
183039.1588,-14668.8942,3
183236.5979,-72288.5709,3
183424.5416,-228535.9612,3
183541.9836,-230020.7558,3
183151.9977,-57655.9915,3
183551.0347,-94137.9468,3
183323.2957,-22436.3296,3
183630.7743,-48849.1094,3
183879.2509,-50336.6747,3
183950.7643,-93488.8153,3
184049.2124,-248132.0981,3
183497.3006,-28209.9991,3
183814.1366,-307636.8767,3
184353.0744,-37779.7323,3
180533.2306,-24083.8467,3
184432.2489,-247692.069,3
176370.0153,-34991.9427,3
183994.071,-260153.1018,3
183656.2694,-50736.8372,3
184143.2396,-11580.1216,3
184819.2133,-247278.5575,3
183583.6256,-220371.5667,3
184999.0528,-253447.568,3
185246.5775,-247676.4562,3
185267.5597,-273405.8071,3
185412.8969,-261116.463,3
185396.1587,-60773.698,3
185620.5783,-39542.4004,3
186078.4573,-8102.0444,3
185905.8228,-249102.2654,3
185908.1625,-260584.8755,3
185982.5366,-272361.8313,3
181831.6064,-7977.3538,3
185913.471,-85028.7453,3
185241.3118,-56193.0656,3
184905.7475,-79997.8231,3
186557.6375,-110309.5096,3
186857.7154,-230751.1471,3
186921.4231,-9503.4464,3
186935.3884,-240548.7155,3
185605.2062,-53027.072,3
187039.887,-230807.9739,3
187618.7279,-232545.8067,3
188608.8779,-34168.8816,3
188664.1835,-34218.7541,3
188256.058,-270347.3239,3
188165.8623,-272967.1267,3
188718.9407,-9129.3919,3
188949.925,-49405.8474,3
188811.2413,-79703.2365,3
187671.4369,-249526.6877,3
188738.5096,-9437.5163,3
185936.8154,-113837.1879,3
188766.7935,-13149.2894,3
188281.4757,-66281.4298,3
189204.656,-80050.9213,3
189534.2276,-133668.0173,3
189643.511,-76519.5162,3
188966.7545,-264815.6121,3
189720.4811,-99561.4219,3
188583.8079,-10044.5467,3
188787.8523,-244355.7101,3
190109.8967,-123442.9865,3
190136.6952,-10224.3271,3
190231.0261,-249934.1643,3
189939.9242,-11689.2735,3
190019.3841,-14359.4985,3
190343.3894,-15093.0063,3
190479.643,-10462.4959,3
189954.7211,-250786.6751,3
189256.3726,-72987.632,3
190794.7814,-85457.0077,3
190717.5601,-120054.7503,3
191005.4934,-85082.5533,3
191100.1404,-119647.999,3
190662.4747,-98991.2369,3
191389.2324,-33215.8614,3
191338.9545,-84593.0488,3
191162.9185,-253072.6904,3
191487.7218,-13142.2692,3
191638.5112,-36846.0529,3
191875.7226,-12929.8389,3
191629.9351,-244030.6507,3
192120.5144,-151737.6997,3
191954.6548,-64840.8078,3
191934.2283,-98121.6973,3
192123.9925,-95087.6164,3
192840.8904,-150754.1054,3
192995.7569,-150312.0388,3
192411.2442,-265963.349,3
192374.9996,-222457.1456,3
193004.5187,-75859.4175,3
193352.6542,-282753.9327,3
193178.7447,-231459.7838,3
193236.3676,-133399.3498,3
193242.1622,-207219.5608,3
190652.7897,-312570.2761,3
194063.4081,-125703.2265,3
193798.0615,-294847.701,3
193314.3547,-77468.2809,3
193304.895,-119968.5464,3
192875.263,-91726.5135,3
193899.0368,-74674.0279,3
194282.967,-102025.3373,3
194487.423,-84352.9165,3
194396.0294,-250945.3072,3
195096.8166,-150984.1333,3
195125.2809,-151412.2309,3
194987.9122,-134146.9314,3
192626.0301,-109595.3037,3
195475.6218,-202925.8443,3
195558.4509,-293609.5897,3
195411.6473,-308734.315,3
195542.2227,-255985.2911,3
195732.5125,-202862.4911,3
195043.3832,-319490.6886,3
195625.9232,-309633.5864,3
195284.5666,-37803.3612,3
195110.0831,-93662.4325,3
195374.2393,-83494.4824,3
195870.3767,-202572.5749,3
195897.4625,-41268.829,3
196005.1658,-309740.988,3
191205.6818,-304013.0819,3
195974.9942,-253657.1178,3
196431.2504,-56010.403,3
196212.0833,-310236.74,3
196054.3893,-72083.8068,3
196546.3381,-34346.6576,3
191272.1561,-35328.9294,3
196728.2653,-56074.6642,3
195679.3109,-149522.7403,3
197008.8945,-152608.5553,3
196597.3275,-39708.2541,3
197032.1327,-152537.1418,3
196840.724,-34768.1977,3
195429.7407,-80879.6836,3
197112.9147,-52905.0352,3
197096.2102,-53079.0319,3
196194.4978,-115623.5013,3
197116.4923,-152094.18,3
195468.1244,-117726.0196,3
197183.8917,-151388.4331,3
197266.595,-151270.837,3
197407.8413,-53347.5391,3
197481.4288,-54025.0031,3
197430.4397,-236859.9285,3
197642.7615,-227587.7605,3
197764.0352,-72368.8992,3
197815.6593,-54766.9396,3
197683.331,-38422.3075,3
197506.0577,-117052.384,3
197932.9141,-54683.7497,3
197754.1978,-124556.7608,3
197827.6446,-310793.7668,3
197279.2023,-76522.9513,3
198201.9197,-43876.2038,3
198256.3294,-43305.0644,3
198068.3554,-247322.392,3
197858.722,-75164.1091,3
198390.511,-278684.6289,3
197911.0286,-56345.7518,3
198228.6999,-255187.5281,3
198254.6149,-74158.639,3
198259.586,-44104.4472,3
198304.5178,-260058.8017,3
198895.1567,-125036.7507,3
198863.6817,-113567.054,3
198112.4723,-252805.3222,3
197763.9883,-52733.3042,3
198106.6511,-33392.6988,3
198144.4414,-308431.5409,3
198721.249,-221959.5632,3
198356.648,-214229.7735,3
199392.9712,-261209.318,3
199689.136,-270013.501,3
199574.2066,-90056.3694,3
199740.6374,-122640.6027,3
199780.7563,-54268.6927,3
199959.1726,-308516.1713,3
200008.1491,-308956.2272,3
199211.0949,-246268.7442,3
199649.1097,-311515.0478,3
196851.3093,-111095.9391,3
200045.9014,-107162.086,3
199635.9551,-38616.1037,3
199750.1881,-77044.0809,3
200157.8607,-256163.4735,3
199561.452,-123999.7574,3
199582.9526,-121263.1713,3
200365.4243,-107209.1964,3
194230.5234,-211628.0347,3
200072.4112,-245355.1423,3
200058.515,-88776.1987,3
200101.9845,-55463.6041,3
200122.944,-222192.1023,3
200756.1853,-9187.2617,3
200707.8761,-65243.7447,3
200950.895,-141494.7306,3
200984.946,-222312.6395,3
200652.5858,-111217.2646,3
200149.3046,-79025.5343,3
200893.59,-314773.7016,3
200932.6748,-57355.57,3
200693.4614,-308069.9427,3
201209.4763,-279868.4895,3
201257.6063,-309006.8678,3
200740.6451,-80428.1999,3
201450.2975,-42059.5718,3
201338.1077,-314769.7125,3
201409.6696,-47982.5847,3
201512.4294,-42153.5846,3
201428.1805,-255294.0621,3
201632.2991,-42238.1931,3
201664.7464,-42266.0382,3
201662.2037,-99343.4369,3
201525.489,-112448.3506,3
192759.8263,-46621.3054,3
201693.9289,-113605.0119,3
202156.3262,-280152.2232,3
202386.8014,-11443.5654,3
201877.4626,-257214.8276,3
202410.6732,-28944.486,3
202084.901,-237644.0008,3
202491.8357,-309388.2267,3
201200.3073,-212559.5851,3
202678.656,-28974.8323,3
202850.0695,-16534.1398,3
202540.5062,-258806.2251,3
202424.4763,-238648.5974,3
201776.5808,-223704.2909,3
202449.0239,-229101.3784,3
202899.2964,-33258.3626,3
202700.2369,-47214.6729,3
203145.0112,-28943.3057,3
203234.2015,-273972.8322,3
202065.5829,-14038.2609,3
203352.0917,-27708.1383,3
203105.5719,-115444.2363,3
203182.6041,-309677.4116,3
203479.2309,-122181.6002,3
202851.9487,-118794.8221,3
203500.1692,-13512.5116,3
203543.6437,-12049.1065,3
203614.5791,-8590.3746,3
203068.68,-26448.9293,3
204188.6324,-29422.586,3
204197.4322,-249674.565,3
203909.1575,-32666.8632,3
204291.2518,-8469.1262,3
204210.0643,-12059.1898,3
204509.9205,-8757.8977,3
204597.1483,-273936.5906,3
204447.2771,-93082.3588,3
203998.4888,-257060.025,3
204574.9134,-235377.5878,3
204863.4468,-8884.0845,3
203941.3688,-99950.9265,3
204524.2244,-102783.7357,3
204913.357,-134648.1144,3
204626.4442,-239498.7109,3
204858.5043,-32803.0087,3
202434.5636,-253318.7241,3
204731.5265,-310039.4672,3
205019.0559,-13823.5563,3
203344.8425,-232194.8919,3
204458.1932,-117203.8369,3
205325.9658,-275291.9385,3
205262.618,-19692.081,3
204632.1397,-211994.0783,3
205295.0984,-33862.4313,3
205421.2474,-279183.8735,3
205127.8596,-230908.647,3
205310.5012,-279580.6553,3
205378.3816,-310479.9612,3
205439.5628,-93244.4036,3
205682.4527,-298845.5418,3
205442.168,-8445.1171,3
205322.8293,-57567.3864,3
205400.9677,-17402.8702,3
205961.8394,-310534.7423,3
205909.708,-280617.8944,3
205478.1499,-80084.4465,3
201759.6477,-120357.2801,3
205899.4827,-102753.5952,3
205830.8362,-13241.2792,3
205977.8265,-72670.91,3
206042.3701,-231187.3888,3
206202.3329,-310801.7214,3
206488.8755,-8082.4446,3
206335.5347,-312491.7672,3
206030.9123,-104816.3499,3
204695.449,-113022.1012,3
206112.2224,-261877.5409,3
206596.1014,-311177.3994,3
206819.0363,-312695.0446,3
206843.7313,-312759.8723,3
205979.4716,-115643.1438,3
206662.4926,-244498.7115,3
207139.28,-274123.2796,3
203757.1741,-38563.7946,3
206954.2394,-246182.7045,3
207084.5571,-273653.7994,3
206201.2005,-35662.7646,3
206397.2277,-232681.9131,3
207057.5915,-7272.4976,3
206604.0721,-11074.6769,3
207110.7396,-236956.1298,3
207521.1147,-43626.2943,3
206784.806,-260976.7446,3
207389.9977,-256487.7434,3
207599.6642,-40776.2655,3
207040.7306,-29925.6112,3
207580.7508,-246598.4348,3
207404.0171,-113953.3575,3
207141.0357,-254345.1152,3
206868.423,-299187.5826,3
207682.847,-229192.7689,3
208710.0177,-19473.0205,3
208697.1911,-16215.146,3
208760.3124,-19951.9649,3
208603.165,-256744.7182,3
208718.8536,-25359.6871,3
208589.8626,-213550.1923,3
208891.865,-251437.4531,3
209168.6343,-32032.8427,3
209260.0254,-24674.673,3
208889.5175,-23008.667,3
209063.7687,-260663.1365,3
209574.7972,-32403.542,3
209280.9225,-31278.5649,3
209692.9852,-190159.6826,3
209442.2635,-112453.438,3
209353.7927,-21305.0238,3
209898.6205,-31390.5403,3
207670.5834,-100404.724,3
209863.5229,-276326.3433,3
209931.8789,-238492.1109,3
209649.683,-94531.7757,3
209987.9776,-10541.1034,3
210335.4527,-32565.7185,3
210103.619,-33260.7205,3
210336.3431,-32740.0469,3
210171.137,-260629.1918,3
210293.0489,-235741.0365,3
209771.7237,-212635.3667,3
208973.6751,-12903.4242,3
210449.0424,-19077.9788,3
210279.6705,-113857.8297,3
210286.7857,-94059.576,3
210716.2676,-32985.0262,3
210711.7078,-33301.6471,3
210609.0061,-3425.1711,3
210706.5369,-88785.4031,3
206102.1375,-217301.6134,3
210629.8104,-36264.6282,3
207684.4876,-56017.7328,3
211251.9288,-34456.6891,3
211177.4591,-33851.6332,3
211312.1108,-90812.8899,3
211660.5965,-34798.4435,3
211574.2271,-70812.6472,3
211652.042,-67181.3354,3
207581.8467,-194829.7514,3
211579.454,-2662.5345,3
212023.4867,-113071.9529,3
212044.5005,-280553.7326,3
212203.8357,-2687.6939,3
212325.5862,-34175.422,3
212300.9171,-71409.0118,3
212227.3285,-259603.436,3
211789.7676,-226975.199,3
212565.032,-2259.1157,3
212633.851,-92765.7318,3
211717.2466,-94441.6807,3
208551.694,-315502.8997,3
211607.6182,-35706.2249,3
212679.9288,-89900.4709,3
212787.0652,-2595.473,3
212927.5388,-230325.9745,3
212954.728,-230893.4173,3
213038.5866,-3663.5634,3
213111.1531,-257041.0721,3
213267.8888,-89735.7446,3
213312.628,-36631.1125,3
213329.5923,-36937.8409,3
213268.3111,-93123.0532,3
213131.4492,-218252.055,3
212343.1149,-328850.1714,3
213659.9762,-37203.0601,3
212865.9459,-215649.1278,3
213772.1515,-37581.467,3
214067.0726,-37844.9804,3
214080.5565,-37986.943,3
214104.7733,-3809.7195,3
213321.9355,-225357.1872,3
213930.9122,-112312.8309,3
213442.3903,-228540.9794,3
213513.2187,-316259.6013,3
214134.3433,-8056.2148,3
212354.6488,-310677.2078,3
214178.0059,-14513.3372,3
214368.8223,-18697.2689,3
213192.4713,-299844.5159,3
214079.4236,-71295.3139,3
214764.3066,-315501.426,3
215243.9264,-315329.8025,3
214659.0523,-64007.2957,3
215638.0204,-18231.1906,3
215492.8669,-229465.8514,3
214824.6834,-230315.9041,3
215880.5303,-6816.7113,3
213807.1489,-5354.1134,3
215721.3597,-71045.4451,3
215078.4106,-329423.1464,3
215742.6268,-87513.7688,3
215744.1388,-252999.0544,3
216049.18,-228856.1487,3
215542.2185,-309396.1528,3
216175.0966,-57946.7155,3
216422.3778,-41956.3698,3
214841.4504,-40818.2873,3
216212.092,-18621.0247,3
216555.2297,-6818.7118,3
214580.0018,-91042.5234,3
216629.0606,-81594.6776,3
216703.2458,-81675.0043,3
213942.2271,-28491.5253,3
216857.5529,-41378.7007,3
216135.8104,-16290.7114,3
204063.7668,-63636.4998,3
215964.8304,-231415.1287,3
217030.659,-17797.9637,3
217017.325,-292976.7198,3
217159.6841,-12190.6895,3
216823.4832,-58166.5234,3
217142.7726,-19418.4549,3
216983.8879,-235237.1203,3
216661.3215,-73400.6976,3
217700.3024,-17393.4612,3
217208.3222,-287109.2821,3
217409.9665,-88556.3208,3
217240.7773,-258799.3471,3
217950.9619,-75242.0277,3
217979.9661,-31624.925,3
216988.7417,-7741.1276,3
218298.0297,-290281.4319,3
214106.1789,-78192.6561,3
218714.3149,-33233.8103,3
218520.4231,-39686.8971,3
217846.468,-81991.3906,3
218994.3248,-8670.3261,3
218830.1876,-89830.2069,3
218256.4953,-49490.5432,3
218800.6396,-8296.1148,3
219046.7341,-81155.309,3
218777.1564,-256692.6519,3
218490.3847,-148830.2415,3
219126.1546,-9055.4291,3
219328.8464,-96358.7265,3
214417.2541,-333074.5006,3
219195.8438,-82091.7681,3
219573.82,-242103.6706,3
219719.2678,-16176.7735,3
218881.3781,-18137.9457,3
219791.7078,-19822.2068,3
219377.6939,-79909.6413,3
219372.968,-69413.3854,3
220097.3154,-18768.2671,3
220195.7304,-81003.6688,3
220361.8143,-18789.7236,3
220235.2873,-18458.6439,3
219324.933,-325187.5837,3
218496.6331,-56983.286,3
220669.3769,-17885.3259,3
220572.3407,-18240.5805,3
218369.5608,-10472.6154,3
220896.2365,-304320.8454,3
221019.574,-69131.081,3
221241.5671,-108472.2402,3
221460.8902,-38515.3512,3
221130.896,-19258.6064,3
221295.1658,-38074.523,3
221694.2495,-11511.0627,3
220153.686,-12552.5211,3
221768.3994,-106400.6475,3
221869.9586,-101893.2156,3
221739.6152,-107590.9936,3
221919.9833,-13313.8075,3
221575.6567,-304105.0333,3
221370.3209,-226787.7852,3
221967.61,-10955.5056,3
222071.0932,-105441.4376,3
222140.455,-106742.557,3
221197.7122,-249020.6149,3
222138.535,-102282.2032,3
222114.2193,-101882.9754,3
222450.6095,-102539.2063,3
221753.4304,-14202.9375,3
222357.1831,-104574.2277,3
222716.3869,-13994.8253,3
222731.6067,-14296.7867,3
222747.7108,-93599.6239,3
222795.6796,-90253.7903,3
222679.9843,-103617.4221,3
222521.7416,-114794.3356,3
222723.9257,-88961.7651,3
222834.3797,-94058.3795,3
222906.284,-93890.8733,3
222568.9599,-92214.2766,3
220953.5267,-82768.5829,3
223102.6763,-13586.285,3
222417.903,-124342.1998,3
222205.7194,-60570.3975,3
223234.7475,-10730.8752,3
222562.4095,-19980.8747,3
223466.0414,-10746.9964,3
223352.8823,-58488.0862,3
222876.2328,-59646.3336,3
222887.6532,-26004.6483,3
223015.449,-35717.797,3
223220.4014,-89475.7187,3
223719.3117,-118042.7789,3
223553.2579,-54084.7837,3
223903.0147,-11205.2435,3
223586.5927,-119235.8289,3
222940.8321,-16739.7103,3
224046.5087,-11459.0432,3
223546.6775,-104101.0006,3
224087.2255,-269230.8673,3
224021.2576,-61378.7542,3
223101.1673,-309627.0996,3
224397.9542,-310950.6257,3
224564.4721,-127261.1765,3
224724.4374,-84330.7113,3
224348.0868,-125027.7329,3
224150.0069,-93317.4245,3
224682.2229,-120944.2676,3
223918.3768,-95532.0353,3
224696.0192,-17070.3834,3
225031.9502,-310346.1912,3
224970.187,-82755.8938,3
225268.6801,-153704.4523,3
225215.593,-85005.3167,3
225357.8889,-128578.8784,3
225311.0924,-93050.2876,3
224497.2794,-13502.7204,3
225558.8725,-311248.1455,3
223379.3189,-207987.8154,3
225474.036,-83451.2258,3
225264.6332,-336533.5554,3
225959.9476,-65841.4322,3
226164.6472,-66844.7263,3
226289.5054,-18375.4986,3
226362.3487,-83439.9042,3
226693.0607,-18029.7536,3
226736.7758,-17970.7342,3
226066.5077,-121131.8451,3
225441.9391,-246475.2358,3
226183.0512,-153357.1998,3
226944.2732,-270275.5411,3
226881.4808,-20847.5344,3
227013.8244,-122413.0129,3
226412.0743,-242890.3775,3
226444.9045,-266169.6114,3
226051.9549,-69324.4009,3
226053.1797,-97471.0484,3
226746.6933,-320042.1429,3
227206.0685,-82440.5633,3
227487.4856,-123402.3864,3
227753.2344,-270051.8482,3
227784.2765,-20036.0514,3
227602.7886,-62656.512,3
228136.8818,-102174.9893,3
226576.634,-95915.7958,3
228238.5363,-20305.5987,3
227938.3051,-16857.6343,3
227938.7424,-20887.9919,3
228037.5601,-64416.34,3
228261.6233,-311900.686,3
226152.4632,-61568.0763,3
228641.8113,-16993.131,3
228820.8461,-99720.6089,3
229006.7425,-340830.7483,3
228982.7486,-226767.5058,3
229023.5624,-16522.1908,3
228514.7544,-270705.9391,3
227990.9999,-15496.0473,3
223964.7196,-338513.2291,3
228379.7786,-125415.368,3
229333.672,-243358.8153,3
229686.5694,-16243.6196,3
226587.8329,-87897.7449,3
229894.0288,-32274.9228,3
230005.7427,-123741.0435,3
230380.3686,-153129.2442,3
230294.642,-16940.6123,3
230588.2195,-97748.8828,3
230690.506,-342780.0709,3
230508.5858,-118153.7706,3
230856.7526,-87398.4622,3
230939.2889,-44769.2252,3
230888.2918,-120016.1645,3
230893.5284,-122469.321,3
231088.5819,-170149.6954,3
231229.6442,-23246.0493,3
230069.0007,-209798.6545,3
231964.1129,-287846.5367,3
232050.3277,-43931.7384,3
232236.2284,-64803.1339,3
232918.9705,-37071.7682,3
232936.0628,-36495.0195,3
232757.4415,-119936.2236,3
232761.9312,-43929.0555,3
232983.0286,-347790.6758,3
232585.8252,-205986.3835,3
232951.0524,-36722.7798,3
232890.5008,-342759.165,3
232321.1606,-95337.6887,3
232270.0485,-225185.8236,3
232967.6585,-347023.0562,3
232767.0769,-25117.0126,3
233166.1886,-43516.6285,3
233055.3898,-93143.1772,3
233446.9205,-81993.0438,3
233546.6116,-347131.2804,3
233294.9597,-38041.4755,3
233451.3292,-91910.3851,3
233340.4142,-47238.2745,3
233883.7465,-76799.0834,3
233868.8074,-82060.4547,3
233767.8281,-125276.4928,3
234112.063,-38055.0375,3
233862.0911,-68074.0648,3
233980.4421,-45568.2798,3
233303.9479,-284510.5282,3
234064.8501,-125415.5895,3
234165.851,-341214.0197,3
234549.5217,-340980.0194,3
234628.3287,-341229.417,3
234661.0207,-341186.4791,3
232370.5096,-345255.164,3
234815.6795,-340569.7906,3
234245.1729,-58717.0007,3
234129.1317,-239479.4675,3
234932.2035,-125476.3038,3
234719.1003,-346769.8173,3
235079.4871,-342328.59,3
234770.7705,-67458.4763,3
234923.3467,-141832.444,3
235546.3643,-34930.2092,3
234953.7804,-113165.4076,3
235732.073,-56785.046,3
234487.4279,-91672.6314,3
235941.7699,-68059.2218,3
235640.6517,-326340.69,3
236386.8969,-67775.101,3
236332.5694,-30497.186,3
236016.9652,-93852.5805,3
237105.902,-95571.6106,3
236567.9954,-283997.2519,3
237523.5804,-32084.1259,3
237771.131,-308001.574,3
234410.5542,-70734.746,3
236451.2377,-340687.8529,3
237703.8101,-237907.6826,3
238189.3712,-244206.7694,3
238427.5279,-36989.5881,3
238595.8586,-239815.2372,3
238869.4536,-280545.1574,3
238863.5344,-280692.1334,3
238436.1307,-43478.9988,3
238593.7288,-63272.665,3
238414.4558,-115986.1713,3
239215.6691,-47923.8141,3
239613.5304,-47500.9072,3
238267.7548,-97635.9041,3
238671.6154,-112335.4098,3
236505.0645,-99458.4177,3
240324.2576,-117878.2661,3
240638.6425,-51788.0229,3
240797.5207,-44227.2272,3
240370.7821,-250458.1936,3
240647.7039,-247569.0238,3
240851.7731,-120208.8424,3
240318.056,-39003.3268,3
241576.5989,-236710.7318,3
241380.8053,-273286.7954,3
241690.6299,-60728.4413,3
241559.5283,-153324.0267,3
241997.4438,-95703.6781,3
242059.9891,-68365.0638,3
241761.4602,-275570.5152,3
241153.1221,-239172.7355,3
242492.4062,-281125.9057,3
242424.0793,-354838.372,3
242871.8551,-286207.1542,3
239012.7919,-68578.6397,3
236955.04,-27526.422,3
243118.161,-36980.5943,3
242602.4479,-286841.1682,3
243453.4323,-354847.5137,3
242865.9287,-63593.8631,3
243241.5854,-356088.4821,3
243495.4906,-291137.5182,3
243285.6853,-65734.2516,3
242326.7201,-42683.574,3
244192.2837,-37317.7553,3
243693.2315,-281126.0568,3
244078.238,-36980.2225,3
243607.599,-274934.781,3
244017.7001,-292138.9293,3
244041.4326,-69643.1562,3
244370.5755,-37695.1321,3
244934.7684,-37842.9019,3
245100.4843,-70346.6898,3
245095.0296,-38297.6114,3
245392.6268,-188780.8426,3
244634.1003,-289344.2084,3
245420.6773,-188748.417,3
245456.7745,-188695.9925,3
245484.8232,-188663.5681,3
245548.969,-188578.719,3
244709.483,-39577.4834,3
245221.8324,-245533.3598,3
245624.2303,-42700.0251,3
246139.1073,-282006.1962,3
245174.9439,-63848.1043,3
246128.9854,-277242.7061,3
246375.7122,-40193.2576,3
245749.8573,-351777.0726,3
246972.6655,-186283.9537,3
247017.5112,-186332.0034,3
247049.9341,-186360.053,3
246870.8797,-281951.5849,3
246892.5534,-359164.6631,3
246905.2904,-263716.4694,3
247143.9051,-82768.9425,3
247372.5454,-152219.5492,3
247371.0382,-152084.9063,3
247002.3639,-283865.8913,3
246793.911,-260569.0805,3
247864.4612,-75162.2222,3
247664.0495,-261620.3325,3
247537.9192,-277838.2064,3
247983.2897,-288619.7604,3
248219.8705,-292492.4103,3
248209.7074,-280730.177,3
248128.0675,-152587.0916,3
248746.3171,-280319.2431,3
248970.7397,-361461.7713,3
248727.3065,-287174.3218,3
248770.0514,-284747.1302,3
248911.2691,-281247.5425,3
249721.1854,-186329.1553,3
250101.8506,-288496.834,3
249904.5552,-250241.4966,3
249842.9041,-68052.7431,3
250398.0474,-281518.5962,3
250819.3135,-256591.1918,3
250865.2194,-266421.3683,3
250800.9348,-259866.579,3
251547.6359,-179413.5649,3
250885.4479,-269350.0972,3
251637.1671,-180085.4589,3
251830.3733,-262528.0443,3
251912.3504,-282328.4146,3
252468.0106,-297699.7032,3
253189.7375,-360142.4022,3
248837.2269,-188854.9772,3
253439.8719,-282991.6703,3
252784.8191,-355017.0634,3
253575.2562,-361434.5203,3
253677.3399,-361408.8033,3
253249.393,-56579.1507,3
253851.3785,-283635.4081,3
253385.6164,-283718.9245,3
253632.2609,-126893.3701,3
253953.7849,-268728.7494,3
248540.1677,-60715.1399,3
254452.8507,-300996.7616,3
254765.9367,-62349.1573,3
254402.8978,-65754.9379,3
255098.1002,-47409.8117,3
255104.4336,-47535.0693,3
253671.3721,-176607.5913,3
255120.0216,-47579.1888,3
254969.7155,-123068.7944,3
254410.9738,-274854.3238,3
255337.9012,-185835.0343,3
255099.6929,-290615.9746,3
255311.725,-120229.5733,3
255046.9179,-174071.9912,3
255409.9509,-186446.0303,3
255029.1122,-114468.3348,3
255598.6135,-185558.5488,3
254567.4369,-286958.0556,3
254732.5848,-289533.5825,3
256241.1375,-365730.2573,3
255233.5328,-254848.0717,3
256514.3919,-363913.3269,3
256514.4869,-364087.0786,3
255943.4732,-365074.0566,3
256397.4565,-179430.243,3
254841.663,-169974.5026,3
256281.9034,-293913.1869,3
257044.659,-283052.8915,3
256985.5434,-282891.1716,3
256751.6094,-245714.3017,3
257198.0579,-175842.2727,3
257090.4351,-285821.4575,3
254742.7117,-282863.1543,3
257535.2127,-283257.2242,3
257380.2853,-273317.9989,3
258042.5035,-283874.0706,3
257034.3869,-184143.4442,3
258926.6276,-74689.7173,3
255614.8427,-359883.995,3
257478.9299,-291948.4832,3
256099.5699,-303917.0828,3
258516.1069,-367210.3285,3
259523.8082,-368944.4021,3
259489.7123,-304510.9358,3
259288.366,-110721.2882,3
258513.5486,-113001.1851,3
259802.982,-304792.2182,3
258833.4818,-285070.9991,3
260064.8203,-253396.4991,3
260422.1498,-276486.3457,3
260745.1218,-352188.6547,3
258207.3793,-289584.34,3
259905.6053,-279644.0584,3
261004.3621,-131302.1801,3
260676.7204,-71804.3779,3
260190.3049,-190701.7378,3
261175.9681,-113556.7287,3
261257.889,-56022.5899,3
261377.5452,-120911.8067,3
260845.9151,-289062.1174,3
259307.3882,-117994.6437,3
261794.2531,-120499.334,3
261992.8159,-288880.5616,3
262156.8324,-114662.6904,3
262592.314,-279103.3362,3
262650.2352,-152183.4934,3
262556.6026,-289825.9942,3
261616.7883,-122806.0523,3
261644.8969,-286317.1244,3
262680.3173,-132835.3722,3
263459.5348,-124090.4182,3
263317.1291,-277384.0452,3
262970.6354,-282171.5362,3
264101.6587,-180178.1177,3
263618.6922,-249642.1201,3
263697.7436,-109564.0243,3
264301.6503,-181798.9034,3
263794.6234,-303655.991,3
263973.3853,-304698.197,3
264145.3709,-273774.6005,3
264582.0996,-280659.6376,3
264933.2793,-56038.939,3
263935.8266,-290747.6837,3
265011.8245,-252101.1304,3
264440.8465,-295414.9936,3
264387.9768,-296328.8649,3
265115.8932,-83586.2611,3
264761.4845,-287883.9722,3
265023.9897,-289970.5509,3
264892.6508,-248536.6732,3
265186.7497,-65163.2715,3
265096.4064,-114210.066,3
265396.6104,-289022.7466,3
264181.5805,-368760.2161,3
259796.8164,-189619.207,3
265506.3858,-93468.9705,3
265409.8898,-68227.6168,3
265728.0557,-115005.9948,3
265827.6526,-257287.8148,3
265228.7455,-284961.3972,3
265501.0022,-131972.8877,3
266153.0928,-291474.5289,3
266108.3485,-183917.6103,3
265246.3207,-138611.1721,3
266233.4121,-289754.2056,3
266264.6973,-89830.1928,3
266246.9468,-304284.7271,3
265975.1446,-252937.4723,3
266622.0294,-280694.1295,3
266329.5667,-116204.3057,3
264584.3532,-254068.3658,3
266251.5582,-290718.4265,3
266884.0887,-183432.4829,3
266937.2154,-56823.9297,3
266964.3015,-56858.042,3
266893.6505,-56706.2843,3
258291.5078,-57156.8777,3
266991.4581,-56891.4508,3
266770.5743,-282083.6156,3
267105.1971,-57032.5173,3
267298.2545,-179998.3879,3
267317.3884,-100413.8765,3
267331.495,-190695.2902,3
267455.6412,-180161.8237,3
267486.5143,-180102.1225,3
267517.2618,-180043.5134,3
262230.3128,-352787.0116,3
267411.027,-290103.6671,3
267567.4222,-179897.5905,3
267834.2423,-180022.2719,3
267781.9784,-77446.9939,3
267387.308,-182828.2914,3
268490.1335,-73628.0798,3
267734.6252,-287103.5502,3
265446.4518,-128401.4064,3
268392.9752,-274199.5267,3
268494.8284,-254560.1179,3
264882.41,-84802.9178,3
267226.6034,-369940.9864,3
267899.3258,-300323.8307,3
268830.1457,-299698.2865,3
267871.2905,-253589.6001,3
267824.4901,-168465.4452,3
269047.2511,-90024.192,3
269297.6103,-195004.7356,3
269327.1305,-195577.3999,3
268141.0385,-200911.5923,3
268434.5972,-217293.4522,3
269311.7607,-299851.3711,3
266099.7555,-112636.1627,3
269940.3406,-299669.8833,3
268363.2897,-297392.6195,3
270327.4241,-300335.526,3
270218.5854,-301270.5318,3
269012.6798,-164520.3306,3
270921.0788,-193922.5073,3
269347.5232,-192699.8604,3
270181.9149,-179343.2103,3
270752.5875,-248291.3093,3
270835.4476,-298442.6448,3
271581.9637,-111914.8944,3
268537.8808,-363612.8469,3
268421.3303,-258649.8234,3
270973.3479,-246315.2247,3
271016.9027,-243249.0767,3
272026.9785,-289208.6557,3
272041.7346,-52499.7437,3
271936.0797,-94340.1064,3
272050.7832,-77905.6861,3
272450.2566,-111373.1422,3
272811.6856,-111214.2049,3
272848.2464,-111209.8976,3
272873.6836,-111182.7332,3
272513.0077,-172927.2478,3
273004.8718,-111124.5353,3
271880.3432,-301957.4772,3
273297.0642,-301392.6446,3
270584.6526,-251659.2192,3
272623.6605,-238477.207,3
271671.5487,-273637.9896,3
273657.1994,-138625.811,3
273300.1426,-259283.707,3
272388.0988,-298553.5544,3
273433.4234,-93801.8874,3
274848.3838,-91477.8709,3
274326.7323,-134611.2484,3
274157.2633,-46786.3608,3
275024.0556,-263714.2887,3
275223.0139,-298710.7535,3
275468.467,-299709.5206,3
275921.9909,-134704.7069,3
276277.907,-97325.9644,3
275889.7458,-284357.369,3
276580.2721,-299583.3892,3
276453.3304,-88783.8666,3
274943.6593,-89743.9404,3
276669.0255,-85475.3873,3
276825.1473,-85462.1112,3
276885.1318,-85461.182,3
276589.4198,-230221.7714,3
276883.9492,-91005.0461,3
276481.273,-301759.576,3
276418.8488,-276433.3077,3
277037.8255,-289876.6413,3
277075.8325,-248365.7546,3
277722.391,-94036.065,3
277344.7576,-287568.346,3
278198.9876,-213442.3736,3
277835.7628,-290893.5299,3
278198.0064,-210949.2247,3
278402.5582,-202318.0201,3
278314.052,-213558.6918,3
278535.9628,-213563.0198,3
278622.7178,-213535.7731,3
278713.739,-213562.1965,3
278763.8349,-213596.1004,3
278793.2641,-213626.4229,3
278821.7299,-213657.8921,3
278522.3629,-259829.7133,3
278842.704,-284373.7673,3
279007.7885,-287139.4569,3
279547.2363,-282258.8591,3
278332.8295,-300334.8719,3
279563.1816,-285305.0634,3
279323.0082,-260887.8058,3
280319.9798,-304740.4934,3
280330.5321,-304610.7104,3
280452.4587,-261105.7375,3
279884.5443,-289998.2647,3
279897.2466,-282873.1954,3
280964.4898,-136502.9862,3
280974.6798,-284430.3433,3
281287.3379,-90980.3434,3
280229.5806,-96908.8136,3
281709.5257,-122258.8521,3
281755.6151,-122252.1269,3
280740.2048,-88146.4511,3
281846.9467,-213524.8659,3
282226.3002,-88823.5384,3
281589.4097,-93986.8071,3
282428.1862,-370646.9806,3
282918.932,-89257.8373,3
282953.0543,-89284.9182,3
283007.1766,-89319.0802,3
283041.2989,-89346.1612,3
283107.0105,-89389.5152,3
283402.4793,-89571.6669,3
283018.5189,-92110.6308,3
283063.9738,-280059.6024,3
283608.0289,-94256.847,3
284420.7568,-205442.6172,3
284561.9872,-94940.1451,3
284670.2,-292129.8047,3
284776.2789,-293230.0767,3
284151.6689,-84525.378,3
285508.9548,-209942.8841,3
285605.7034,-235885.9485,3
286004.3466,-297639.585,3
286031.468,-303413.1127,3
286400.3817,-91762.4175,3
285869.0981,-124833.9384,3
286525.6736,-86061.1169,3
285981.9467,-134391.0931,3
286891.4301,-91859.7463,3
286884.2577,-302024.6733,3
286564.951,-92866.0965,3
286789.9185,-292820.5693,3
287169.5237,-247889.3418,3
286927.6037,-261706.8594,3
287514.9203,-106901.9768,3
287785.4968,-299894.1129,3
287938.0984,-293231.1531,3
287989.9534,-258587.7404,3
287738.8094,-272373.6029,3
288075.3242,-258382.2375,3
287511.3576,-266858.6404,3
288055.9754,-126909.6107,3
288058.4522,-125689.4299,3
288069.8443,-80616.9491,3
288275.3331,-266970.2528,3
284009.8292,-66070.9881,3
287919.2365,-85993.9905,3
286670.0426,-95621.9483,3
287457.8911,-173797.056,3
288396.8108,-214956.6937,3
287285.6243,-321961.3788,3
288033.6084,-139509.7198,3
288524.5982,-210174.8208,3
288274.6089,-127707.206,3
288672.6121,-243454.254,3
288914.047,-243502.3071,3
289000.6305,-243523.9458,3
288656.8116,-124866.6012,3
288878.4487,-127293.1643,3
287411.5593,-128346.1829,3
288921.4908,-85969.7125,3
288832.7556,-61679.0083,3
288917.6756,-207333.1827,3
288629.8388,-302685.484,3
289463.4462,-58621.4202,3
289465.0206,-58485.1793,3
288880.7398,-84700.032,3
288349.7444,-92872.7913,3
289572.1671,-58608.3484,3
289612.212,-94329.5286,3
288670.5279,-181413.309,3
289692.6929,-94420.911,3
289814.0156,-94570.0096,3
288128.4955,-79435.6449,3
289045.1263,-126033.6525,3
289882.6054,-94658.9474,3
289945.0632,-94729.6544,3
290003.928,-94807.3471,3
290032.1925,-94839.447,3
290077.0409,-94890.3449,3
289952.6344,-59111.4874,3
290125.0784,-94956.0414,3
290153.2249,-94988.3166,3
290011.8311,-207380.8263,3
290198.16,-95039.8295,3
290245.8109,-95105.1422,3
290275.6173,-275897.128,3
290425.9753,-259626.0463,3
288959.4829,-291809.4195,3
290413.8075,-52770.1699,3
290507.7748,-95396.2412,3
290435.6423,-54118.4536,3
290871.2542,-212854.1333,3
290901.6769,-212981.1454,3
290735.8366,-276650.1105,3
290905.4221,-251055.2551,3
290881.0735,-238277.5443,3
290152.4345,-289568.9141,3
290913.3614,-84259.4225,3
291087.707,-208603.3876,3
291197.2522,-132299.2837,3
291281.9548,-204138.2987,3
290965.7486,-242247.6441,3
291402.8383,-133393.7134,3
290448.4226,-229117.124,3
291339.1046,-243527.1777,3
276534.2043,-68299.336,3
292024.511,-204566.1731,3
292572.7166,-209831.5637,3
292458.2894,-55396.4935,3
291864.1077,-111086.6328,3
292276.1943,-124194.6408,3
292744.2045,-205395.9176,3
291968.4643,-121086.662,3
291985.838,-122853.956,3
292968.46,-291686.9829,3
293033.779,-98557.7377,3
293061.8977,-98589.849,3
292771.2648,-204628.4491,3
293090.1242,-98622.0049,3
293126.5805,-98674.1779,3
289723.5009,-319420.3858,3
293154.6675,-98707.1953,3
292753.1758,-289852.9018,3
293182.0786,-98740.6885,3
293053.9399,-212367.2109,3
293044.7966,-215297.9711,3
290933.783,-102665.9256,3
293471.5206,-208567.9696,3
293490.6143,-204520.6896,3
292986.0746,-83763.2528,3
294051.8723,-204149.2277,3
294078.5042,-204627.4488,3
293009.4996,-108917.3962,3
293251.9233,-55740.7248,3
293047.6987,-128210.6521,3
294327.6929,-216571.3411,3
294178.409,-84205.2416,3
294159.9436,-226387.181,3
294142.4905,-208630.4441,3
293844.312,-288779.7226,3
292766.1021,-205997.6217,3
291290.8501,-324276.8093,3
294416.357,-279140.9175,3
294117.0289,-231468.3801,3
294089.9832,-103725.3248,3
294573.0943,-104421.8439,3
294263.0516,-263650.8754,3
294819.6544,-273567.5048,3
295257.9559,-51674.1205,3
295026.5806,-288852.5946,3
295241.2401,-208981.9989,3
295639.7,-208543.5967,3
295072.5995,-285593.5684,3
295749.1132,-53684.8784,3
295774.1763,-219618.3166,3
295764.0955,-216464.7904,3
295809.4334,-221158.3612,3
295684.1797,-207630.582,3
295166.8384,-217999.5712,3
295834.5863,-66283.1413,3
295877.6055,-280670.9604,3
295400.5253,-204914.6561,3
294630.3763,-323486.5686,3
295208.4655,-105646.8327,3
296144.6926,-120257.2796,3
296298.4295,-204670.5566,3
296222.6004,-48127.2219,3
296523.4506,-49365.4262,3
296360.1827,-51760.6274,3
296169.3344,-101981.8674,3
295792.3218,-102786.8575,3
296570.3245,-55149.2767,3
295726.5762,-233342.2617,3
296534.3356,-205998.8958,3
295641.4387,-283465.9476,3
296894.0086,-67806.1229,3
296606.445,-105930.3834,3
295056.3853,-202789.7904,3
296842.7421,-140092.4782,3
296864.2866,-67568.0837,3
296866.1495,-116420.3427,3
296942.5387,-222434.5824,3
296989.0265,-55893.2355,3
296885.0022,-213319.6825,3
296444.5047,-120973.698,3
297052.7464,-55164.8795,3
296775.1555,-290782.4647,3
297218.354,-67717.1758,3
297201.3374,-217287.5279,3
297435.8627,-67744.0613,3
297504.3105,-67746.0991,3
297503.0218,-178689.4021,3
297433.3463,-50356.8283,3
297083.0127,-232089.183,3
297490.5127,-234904.589,3
297956.9839,-223804.2945,3
298048.1003,-50405.1913,3
297342.6172,-175091.1876,3
298191.5037,-223919.3131,3
298160.2534,-226612.8052,3
298022.5933,-103535.0978,3
298293.8605,-204144.3936,3
297675.3919,-50936.715,3
298401.7554,-103007.9533,3
298570.6045,-103733.002,3
298386.3653,-254928.6527,3
298591.3268,-205355.1828,3
297123.9691,-205597.0046,3
298541.1423,-209384.8209,3
298745.2236,-66540.075,3
298411.3529,-100809.6932,3
298659.1353,-226113.8977,3
298862.6464,-66518.1612,3
296979.6015,-97466.0556,3
298219.8665,-291568.1429,3
297997.5551,-215615.6401,3
298762.3047,-50547.2459,3
298412.9979,-224952.1746,3
298982.3415,-303666.7072,3
299110.2236,-48425.9575,3
299231.2292,-66521.5875,3
298504.2244,-176772.1717,3
299622.6873,-45943.7677,3
299644.2923,-46387.6095,3
299670.1748,-46644.2726,3
299655.5583,-236816.6695,3
299742.296,-304059.1552,3
299900.1176,-242435.5289,3
299816.2232,-255772.5261,3
299026.2902,-204573.3298,3
300328.6564,-242499.6616,3
300262.6076,-54454.0356,3
299988.9137,-242200.1813,3
299974.9223,-209554.6611,3
300450.6511,-304480.5209,3
300481.2035,-208029.375,3
300553.8787,-304479.0036,3
300685.2157,-241191.2442,3
300689.3576,-304476.981,3
299679.4521,-256724.4426,3
300671.3379,-204819.4244,3
300891.2419,-292865.8227,3
301019.2346,-205056.7146,3
300002.3949,-50878.8232,3
301158.1453,-241838.6569,3
301634.2238,-240553.6596,3
301646.2461,-240135.2698,3
299675.0131,-57604.6636,3
301747.1004,-58852.9074,3
300727.4799,-48527.0023,3
301274.2075,-298378.0102,3
301748.0443,-61872.181,3
301046.6007,-296527.979,3
301895.4528,-62250.7726,3
301258.3466,-129040.0674,3
301968.2854,-58921.3211,3
301977.4439,-256152.8423,3
298122.0125,-207394.8227,3
300920.7577,-53573.5233,3
302317.109,-239904.0195,3
301601.762,-225000.8303,3
302093.0451,-259896.5677,3
302324.6163,-50052.4964,3
300765.2093,-246319.2478,3
302703.3553,-327802.966,3
302459.1769,-226584.7455,3
303247.7713,-281746.4776,3
302818.5264,-283941.9743,3
303182.2454,-227969.0841,3
302946.4337,-55135.3059,3
302330.1761,-279725.3072,3
303271.5078,-222300.4254,3
303188.1259,-228463.2639,3
303199.3291,-289731.3535,3
303362.2677,-229624.544,3
302960.352,-297520.4978,3
303202.0984,-225808.289,3
303828.8539,-220523.6413,3
303989.0295,-298138.3762,3
299681.6062,-221250.2972,3
303924.2101,-225639.5688,3
302804.0472,-286610.3483,3
303149.4871,-293371.8579,3
304233.586,-298199.099,3
303723.9493,-282290.8753,3
303926.2421,-227417.2856,3
304442.2116,-61155.9197,3
303771.467,-263403.1053,3
304594.3586,-56020.6137,3
304614.6422,-231760.9713,3
304736.0528,-239046.9809,3
304756.6556,-227516.1042,3
304981.9291,-58430.9951,3
303883.0415,-273014.6662,3
304908.8628,-48346.4787,3
299117.8491,-229282.5105,3
305122.3813,-227456.1562,3
305288.6358,-60222.4812,3
304930.396,-298246.8018,3
303877.606,-136674.3646,3
305203.4365,-137764.5728,3
305110.0751,-119623.1646,3
305212.1369,-57066.6722,3
305601.1867,-106210.2298,3
305633.9711,-229365.2602,3
305224.7313,-113072.6941,3
305663.4047,-229151.0692,3
304683.2687,-297018.5343,3
305688.0435,-59975.3647,3
305635.5485,-60715.4255,3
305880.0036,-228806.8078,3
305844.707,-56458.6025,3
293379.7549,-297985.7645,3
306198.0637,-277030.0871,3
305381.0724,-277563.145,3
306055.723,-102250.1894,3
305986.9844,-298990.4405,3
306366.3421,-195849.605,3
305840.793,-54637.8246,3
306265.4911,-253797.6095,3
306478.5018,-228374.3685,3
306475.758,-228029.4367,3
306319.151,-232453.8221,3
306296.0422,-228817.6406,3
306495.8925,-228674.9577,3
306495.4153,-228614.9591,3
306494.6401,-228554.3362,3
306486.4119,-227879.261,3
300954.2703,-213273.4584,3
305744.2797,-286791.0527,3
306196.6763,-138107.0234,3
306510.6878,-274326.275,3
306274.7885,-272668.9207,3
306421.0403,-275176.0648,3
306258.3241,-209909.821,3
306771.5841,-54913.1528,3
306506.2826,-271637.2788,3
306834.1659,-209620.5869,3
306449.8895,-300336.9553,3
306304.8106,-120081.4439,3
307012.9031,-274499.162,3
307057.2668,-296173.4361,3
306675.5894,-149319.0375,3
307235.3499,-236568.2029,3
307447.0174,-275027.7099,3
307368.5044,-254601.9188,3
306860.8691,-302197.6433,3
307499.7751,-257762.5291,3
307001.5419,-298653.1863,3
307389.475,-235625.736,3
307142.4631,-271034.4665,3
307674.4639,-296123.1495,3
307280.5499,-206537.2656,3
307723.3349,-194817.8199,3
307657.9819,-274917.2004,3
307578.1313,-274173.7215,3
307996.0685,-260730.8953,3
307347.7766,-276023.3433,3
307994.6078,-137626.4583,3
308213.2928,-195729.5144,3
308104.9995,-67840.2786,3
308104.2922,-236795.7169,3
308211.0954,-260873.3184,3
307067.126,-306434.8288,3
308206.6777,-276126.8838,3
307804.5693,-217000.503,3
308167.374,-135239.8281,3
308562.7482,-184325.4328,3
307834.327,-210661.2627,3
308267.9238,-67116.0891,3
308695.0981,-184332.5026,3
308783.0571,-184327.5375,3
308496.6697,-253511.9623,3
308952.3211,-184275.2114,3
309030.6725,-184408.3595,3
309039.5115,-184123.3434,3
308928.7139,-243751.7981,3
309163.045,-308232.412,3
309265.9742,-195975.712,3
309241.3325,-72938.2457,3
308785.802,-205491.0889,3
309135.9974,-215005.6609,3
309545.2944,-129584.0799,3
309720.2137,-277465.814,3
309839.9594,-64411.7811,3
309259.7939,-258285.7693,3
309790.8643,-205295.5456,3
307109.5676,-52267.9387,3
309928.5936,-64702.8655,3
309611.7049,-253875.0945,3
308717.9885,-293269.544,3
309945.4549,-63875.5236,3
309566.6506,-295176.4208,3
308288.1201,-207838.9263,3
309532.3847,-223241.4951,3
310170.8565,-265428.4822,3
306457.2994,-259078.0158,3
309992.5988,-246450.2034,3
309916.9858,-236125.4651,3
261528.2313,-230093.8968,3
310748.9325,-277244.4932,3
310099.9423,-242964.4661,3
310340.122,-244243.6366,3
309865.8757,-208914.5063,3
310623.7047,-105882.0588,3
310889.9113,-265501.3408,3
310764.9319,-264405.3759,3
311091.8727,-281938.6611,3
311122.0421,-242624.1276,3
311199.8252,-192195.2463,3
310247.1405,-291689.9526,3
311175.5505,-301709.4844,3
311376.2453,-65240.1809,3
311042.1859,-205858.3925,3
311792.6166,-182894.4596,3
312023.4702,-66432.4069,3
311026.1208,-186028.6243,3
312188.5342,-215998.7208,3
311679.1473,-281448.8595,3
312293.4732,-73161.2352,3
312727.6113,-257901.1247,3
313021.6317,-67964.0695,3
312891.0472,-289148.0372,3
312763.8534,-291628.3695,3
312035.2424,-123037.9161,3
312832.5743,-86823.2496,3
313363.5844,-290828.0137,3
313335.7838,-300728.5911,3
313420.1295,-257905.079,3
313478.2789,-263738.2611,3
313490.1672,-276610.1458,3
313185.5961,-235991.4716,3
313202.5578,-183616.6348,3
313203.6141,-262784.9043,3
314175.8215,-87925.3171,3
312809.0804,-207480.972,3
314207.2663,-67174.2629,3
313611.116,-195079.7793,3
314697.1705,-67241.1779,3
314235.7333,-295245.5526,3
314746.3391,-70158.6451,3
314761.4517,-304278.1849,3
314556.6906,-282862.2494,3
314739.2248,-303681.2551,3
314866.4172,-71490.384,3
314209.9228,-208996.5819,3
315012.392,-304273.4988,3
314520.9638,-234640.8762,3
315305.7539,-53969.1462,3
315305.8099,-54005.8364,3
315178.9906,-54122.6014,3
314512.5668,-228052.7157,3
315269.5573,-303723.0059,3
315286.58,-247256.2681,3
315480.1184,-54379.6298,3
315004.9912,-122687.5157,3
314845.6288,-185109.1975,3
315656.1189,-109018.3304,3
312125.455,-244738.6038,3
314786.1363,-258078.9154,3
315852.1238,-93731.6865,3
315601.7858,-244491.7907,3
315874.474,-128949.2755,3
315521.0079,-207375.4774,3
315981.7636,-277499.9845,3
315507.0172,-223022.342,3
316190.5992,-301351.7372,3
316151.016,-181926.5004,3
315989.7351,-186362.3549,3
316048.3061,-187271.9577,3
316484.1745,-301522.6062,3
315815.6426,-226285.3559,3
316264.6892,-242475.8753,3
316541.9917,-278809.6063,3
316093.3667,-128161.8651,3
316823.1331,-261970.4861,3
316181.8655,-229652.8989,3
317023.5558,-257560.13,3
317101.2887,-97439.6713,3
316394.9774,-183478.3225,3
315349.276,-294032.2466,3
317066.2088,-302316.1759,3
317299.1749,-262252.5218,3
317179.0993,-299454.9428,3
317624.5488,-187829.0859,3
316951.3093,-215214.1217,3
317420.9071,-293823.5169,3
316987.9702,-210462.0624,3
317418.336,-55074.0299,3
317790.3976,-55552.8654,3
317055.6985,-224560.0421,3
315944.2983,-95811.278,3
317129.4851,-300552.1057,3
318098.3279,-300454.2791,3
308816.359,-84173.8509,3
317888.9756,-240140.4982,3
317889.5915,-298521.7628,3
316041.0185,-106202.6043,3
318270.2131,-198687.795,3
318180.0594,-115961.173,3
318345.9975,-104294.9787,3
318345.5391,-238609.5524,3
317776.8062,-168527.2423,3
317556.1407,-227964.1709,3
318405.0263,-55666.9346,3
318244.6155,-69956.5408,3
318628.3083,-300461.8901,3
318327.6344,-70961.1748,3
318698.051,-104967.3172,3
317996.0978,-181907.2882,3
318738.9276,-105219.3529,3
318619.2359,-199094.7029,3
318062.2827,-185039.1627,3
318860.422,-74467.829,3
318797.6318,-71730.5665,3
318969.1367,-55999.1342,3
319049.7016,-105101.534,3
319129.3562,-105122.4694,3
318474.5844,-202346.3,3
318751.5023,-103960.2936,3
318878.4542,-205710.5673,3
319258.9743,-81348.3019,3
319182.9936,-190882.1936,3
318521.5166,-216813.2661,3
318561.9219,-213621.6008,3
319094.3504,-55456.4961,3
310649.4716,-223513.1689,3
316827.2044,-296136.2578,3
318609.5809,-226062.8958,3
318984.2278,-264477.8898,3
319484.9331,-68801.084,3
319271.3026,-256435.0808,3
319466.3596,-257090.0346,3
319619.2122,-56109.5208,3
319693.6374,-68989.5177,3
318292.8292,-67734.8912,3
319679.5265,-206889.5909,3
319391.6358,-170405.3393,3
320234.9147,-67557.4156,3
319796.2373,-67329.1758,3
320282.5861,-68879.7279,3
319354.2537,-232187.8973,3
319651.7659,-183452.5697,3
319679.3373,-200102.6398,3
319770.2045,-186369.7672,3
320467.7789,-105898.46,3
320066.6139,-256112.5348,3
319863.417,-245619.6763,3
320494.5176,-68638.3267,3
320695.1519,-69258.1488,3
320631.3838,-67549.8753,3
320824.2118,-80518.0612,3
320393.3084,-201598.7866,3
320123.7188,-82302.191,3
320426.3088,-201702.9205,3
320510.679,-302664.7034,3
320678.907,-264754.4361,3
320169.7207,-212011.6836,3
320831.2626,-56781.9674,3
320176.2902,-215213.6245,3
320179.2086,-218356.1229,3
320256.1275,-224606.3433,3
321059.5961,-56842.782,3
320961.0943,-64807.7208,3
321122.0879,-65730.6975,3
321134.6626,-65925.0592,3
319947.5963,-58624.5925,3
321113.7264,-66069.7333,3
321002.4312,-68316.7864,3
321234.91,-82533.3246,3
321223.8807,-67907.5474,3
321159.2645,-90800.4746,3
321416.3322,-93588.0237,3
321464.9798,-68918.7723,3
320080.0264,-300942.982,3
321501.0985,-83473.9813,3
319665.63,-99772.2281,3
321596.2639,-102028.154,3
321558.1637,-227471.4652,3
321742.1148,-117059.9704,3
319470.5076,-172780.4661,3
321106.3971,-231117.1253,3
321139.3328,-175484.741,3
321604.0525,-305693.6908,3
321170.5797,-234361.6202,3
321225.0143,-181823.6353,3
320104.3,-235975.945,3
321285.9331,-184992.3055,3
321763.0355,-236355.6644,3
322054.4116,-112270.1276,3
321730.7477,-295188.2791,3
319817.7801,-243510.7133,3
320652.4759,-191655.2951,3
322035.478,-79586.3211,3
322029.2419,-296657.5153,3
321509.9812,-246845.0711,3
322348.9346,-117404.4042,3
322228.7713,-235271.6288,3
321672.238,-205678.8742,3
322384.341,-301467.8669,3
321407.0722,-304162.1624,3
320931.1194,-178397.6797,3
322106.5477,-290954.238,3
322001.6349,-302175.9099,3
322394.0339,-266375.6268,3
321764.9307,-210390.2645,3
321902.7268,-103481.8569,3
322409.3759,-187738.8286,3
322445.3382,-295153.2311,3
322237.1407,-216416.6017,3
321846.8928,-219921.364,3
321958.5031,-226184.0364,3
321840.1255,-309781.5484,3
321827.8332,-65009.3771,3
320262.5059,-222541.4346,3
321666.7228,-120579.2332,3
322757.5294,-178214.2629,3
322528.5024,-297087.8339,3
322848.7621,-65540.5433,3
322747.844,-75154.0716,3
322642.2785,-245635.3497,3
321925.432,-56757.9237,3
322435.9389,-93839.5639,3
323006.7957,-201515.2475,3
322854.9074,-204095.1153,3
322905.4652,-304914.725,3
323113.8177,-235182.4783,3
322625.6521,-306698.2608,3
322853.8292,-112350.3301,3
322689.2053,-229574.9338,3
322561.7489,-113900.2601,3
322740.1386,-173828.5194,3
323569.6381,-57992.3681,3
322838.7345,-232561.4273,3
323416.5354,-233805.36,3
322867.3313,-183369.1923,3
323364.7977,-235908.0989,3
323441.4795,-289604.2963,3
323885.8472,-114660.3444,3
321671.7963,-239848.7282,3
323717.2492,-58565.3613,3
323418.0025,-211990.5825,3
324015.8259,-15735.939,3
324136.8921,-113899.7547,3
324303.0085,-304380.1564,3
322638.8332,-214418.9023,3
323510.5365,-218368.9178,3
323516.422,-221528.6344,3
323400.3704,-296436.9051,3
323506.5223,-56685.4607,3
324377.1598,-64740.674,3
323768.629,-298066.1895,3
324404.0706,-304426.9993,3
324694.3874,-304802.1857,3
324690.5503,-112556.7894,3
324710.6295,-305236.3709,3
324503.8402,-96811.2969,3
324562.2341,-306779.2182,3
324973.6509,-213055.8099,3
325037.9487,-112552.9989,3
325010.4582,-59263.7894,3
324394.9809,-51766.0305,3
324709.7041,-288593.97,3
324344.2599,-231032.4282,3
325103.2374,-65871.4181,3
325046.0918,-68276.2767,3
325234.2836,-188579.4853,3
324507.0725,-305780.8378,3
325271.7889,-60822.4462,3
325438.823,-112548.5731,3
325524.2995,-88200.0921,3
324530.2879,-172192.4609,3
324418.6728,-120829.0855,3
325333.9114,-113014.2222,3
325580.9549,-307454.5912,3
325783.6632,-87947.0693,3
325421.3078,-97453.6567,3
325277.5351,-123718.5193,3
326151.5605,-98564.5425,3
326117.8804,-58137.0711,3
325638.578,-289234.0339,3
325889.036,-17060.9524,3
325187.5442,-117890.6415,3
325403.8767,-216802.365,3
325435.7274,-219891.4248,3
326579.5174,-217517.5657,3
326635.2297,-98880.0123,3
326128.0757,-142463.6721,3
326396.9491,-119825.5472,3
326190.153,-306363.6554,3
326131.7937,-169977.4922,3
326851.3157,-99280.8594,3
325641.8965,-300869.379,3
326968.0092,-142386.0559,3
326598.8744,-65354.0093,3
327168.7572,-215614.2986,3
326449.8771,-176366.0962,3
327328.6394,-66240.0491,3
325306.1793,-180028.3396,3
327130.188,-297663.4521,3
325649.743,-184328.7497,3
327324.8669,-55073.4295,3
326855.5602,-186632.3847,3
327546.8018,-64896.3037,3
325256.9853,-104615.3351,3
327334.6232,-189215.0152,3
326809.2063,-127262.0067,3
327622.636,-287612.1963,3
327746.0259,-89983.2932,3
327589.4047,-306300.283,3
326151.2896,-62333.3623,3
327742.7922,-217987.8974,3
328251.6933,-16471.716,3
327473.9759,-108096.1895,3
326429.3189,-222789.951,3
327536.9285,-225353.3692,3
327570.78,-117653.2067,3
328011.2939,-308495.6178,3
328033.9416,-94575.2936,3
327648.0183,-168277.2415,3
328646.0351,-95510.1623,3
328104.5353,-98679.6306,3
328080.5268,-142492.7146,3
328135.803,-178172.1352,3
328322.4264,-181824.3437,3
328970.863,-87958.7604,3
328401.6033,-185015.6206,3
327749.2493,-57793.9882,3
328897.18,-16661.7201,3
326349.0775,-192344.0554,3
329115.5147,-91372.0592,3
328743.5184,-211012.7274,3
329445.6377,-142558.0008,3
329476.7997,-97416.7995,3
327679.5092,-68837.1703,3
329441.3409,-133257.6685,3
328388.8918,-63759.304,3
329075.3784,-220703.9191,3
328994.613,-223843.0078,3
329169.761,-169742.8601,3
329850.4876,-141580.4618,3
329757.6832,-61021.6483,3
329008.3476,-36940.2523,3
329469.9144,-102805.2493,3
330297.7905,-2116.8311,3
329893.1744,-39234.3754,3
330321.0084,-223862.8036,3
330230.0518,-91036.0491,3
329980.2781,-285533.525,3
330519.0348,-3251.2879,3
329821.9017,-179901.8892,3
330634.2331,-13935.5275,3
330245.8177,-4277.3242,3
330704.1148,-3314.9921,3
330356.6398,-6945.8367,3
329945.176,-183373.6952,3
330587.2034,-67675.2568,3
330750.6466,-67250.5037,3
330641.1233,-58010.2067,3
330685.7552,-63715.31,3
330435.3165,-308130.2619,3
330256.1267,-101727.1148,3
330415.6629,-60371.2191,3
331027.9574,-67947.7773,3
330927.9579,-111874.379,3
330263.0501,-199757.0092,3
331302.9929,-67905.1107,3
329729.6478,-300943.208,3
330715.6784,-219487.6295,3
331337.8732,-226613.8447,3
330681.3992,-222329.5712,3
331449.1471,-215046.824,3
331775.3343,-62417.1823,3
328750.7388,-110912.2202,3
331947.9797,-59579.5126,3
331895.2197,-144404.4183,3
331261.1995,-248365.5186,3
332089.7027,-110135.0464,3
331483.3174,-181672.5656,3
331663.0192,-6474.0601,3
332278.5902,-309410.0656,3
332022.016,-49031.9145,3
332379.0225,-18468.7808,3
332425.07,-4296.843,3
331661.8721,-73027.0858,3
332454.4724,-59939.4964,3
332715.0743,-60033.2538,3
330942.2077,-318883.8661,3
332955.6363,-93047.2079,3
332815.4066,-62596.9991,3
333062.7716,-74428.5579,3
332973.4717,-59947.6333,3
332287.3066,-220666.9396,3
332499.3046,-147926.5912,3
332778.0503,-140205.6366,3
332192.7021,-142659.9291,3
332490.4951,-169645.6489,3
332487.9629,-172864.6332,3
331157.184,-176787.9089,3
333497.0879,-54134.277,3
333323.7641,-102050.0259,3
332068.733,-93968.3552,3
332946.4808,-179671.1952,3
333825.5324,-92144.9067,3
332938.1836,-61492.5457,3
333100.6288,-183257.8694,3
333862.8168,-91876.031,3
331319.1448,-54621.2414,3
333850.9101,-84725.8045,3
334055.9297,-71746.7132,3
333339.8759,-193245.9365,3
334095.1684,-71690.4999,3
333763.2439,-70162.5503,3
334091.3125,-8093.6804,3
334012.0544,-92530.0124,3
333136.7615,-308620.6702,3
334086.9437,-93143.2962,3
334131.3432,-155671.0107,3
334027.1356,-216042.5193,3
333823.0702,-218892.0931,3
333976.4867,-168069.2217,3
334026.9604,-171203.6767,3
334394.5901,-224719.4027,3
334115.1099,-174423.0102,3
334416.7596,-91396.9851,3
334241.3274,-234221.7817,3
335111.9376,-227418.593,3
335116.539,-72674.5622,3
334347.6368,-13772.754,3
334346.2725,-177669.1423,3
335185.5411,-10128.0736,3
334630.6227,-61186.0501,3
335144.2819,-91063.6722,3
334629.7047,-181458.7258,3
334953.6001,-307910.3755,3
333607.062,-302476.2326,3
334635.5113,-9245.4968,3
334717.8394,-184801.2811,3
335288.2856,-281121.7303,3
335511.2511,-10111.1134,3
334804.1145,-188094.629,3
335687.1464,-10083.7944,3
335457.4827,-281831.5541,3
334549.5762,-74977.7122,3
335759.611,-10817.0767,3
335942.1079,-137057.118,3
333712.2248,-115030.6061,3
335415.4456,-151644.3223,3
336004.4712,-283543.4422,3
335441.6437,-50298.7332,3
335025.7613,-71814.5352,3
336083.7855,-305237.6479,3
335403.0011,-217251.0683,3
335523.6261,-166462.4513,3
335566.179,-169569.6333,3
335612.5329,-221089.1866,3
336118.7326,-8856.2084,3
335655.3182,-172770.1794,3
335785.9782,-175998.0989,3
335945.4878,-309081.9059,3
336682.7709,-12339.6905,3
336683.7391,-227032.3271,3
336427.2542,-64427.6481,3
336230.3564,-252099.8532,3
336093.2835,-179518.5747,3
336259.1545,-183085.2903,3
335755.9297,-223769.8731,3
336802.6782,-188460.4833,3
336070.88,-95459.6994,3
336528.4316,-60491.7329,3
337074.7702,-45612.8513,3
336989.8424,-35357.9455,3
337395.8777,-42308.0662,3
337242.9856,-11912.2209,3
337610.0815,-62487.2537,3
337716.0924,-128460.8142,3
335792.9657,-89459.7243,3
337860.2344,-168149.6033,3
337893.8691,-35699.0325,3
337703.7001,-63244.5568,3
337199.7674,-171175.6701,3
338090.7743,-137832.4821,3
338014.8114,-128551.1879,3
337326.0287,-174430.0297,3
337848.681,-35214.8589,3
338285.758,-13644.4706,3
338112.0176,-14264.9951,3
337705.2055,-75657.4681,3
148203.3217,-255612.3086,3
337540.3904,-177687.3032,3
338235.3828,-63009.4768,3
338352.0385,-129726.0839,3
337589.733,-306955.5981,3
337794.2697,-181488.3146,3
337860.8944,-304403.0971,3
337755.027,-247125.3323,3
338727.2379,-97723.7808,3
338739.7813,-316386.5786,3
338771.5133,-63063.5544,3
338126.0651,-64723.8436,3
338493.2917,-227440.5698,3
338757.3409,-72914.2492,3
338994.9015,-227261.2165,3
338780.5373,-76585.2709,3
338522.5125,-207595.5378,3
339040.9372,-70415.2636,3
338683.6441,-166449.1979,3
339239.9579,-63329.1653,3
337485.3277,-55326.2626,3
338904.7823,-172807.1094,3
331549.7809,-231395.5528,3
339037.661,-176084.8191,3
338966.4412,-135285.8998,3
339867.8347,-228916.7356,3
339888.0549,-27206.8083,3
339951.9371,-110882.3608,3
339275.4057,-179605.9057,3
340108.8658,-110855.8818,3
340148.9026,-12878.2248,3
340218.8627,-110825.8037,3
333919.6444,-186074.2497,3
340129.368,-167223.0287,3
340417.565,-167153.4305,3
340427.0626,-22249.9146,3
340145.7247,-64532.6467,3
340479.7013,-110731.8266,3
340543.7199,-201343.2485,3
340574.721,-20522.3048,3
340612.9375,-46095.5081,3
340047.0704,-212223.7701,3
337762.1725,-68146.6871,3
341010.089,-64596.6941,3
341124.7036,-41084.9298,3
341146.7143,-20768.9205,3
341152.3094,-41842.2108,3
341160.5117,-41479.0043,3
341113.5206,-25426.169,3
340441.6698,-171153.5943,3
340579.3588,-231480.709,3
338143.6426,-215504.23,3
340585.3766,-174453.7464,3
340390.6058,-71368.0786,3
340095.9331,-24909.4257,3
341426.082,-230050.1749,3
338291.7629,-18023.7448,3
341429.9114,-65270.3604,3
338395.7846,-13906.3635,3
340359.254,-11715.7135,3
341417.2519,-24976.7765,3
340759.2212,-177758.1294,3
341369.4314,-23847.6401,3
341616.6627,-6884.7216,3
337363.9903,-80031.4494,3
341728.1963,-26185.2116,3
341233.2424,-323497.2192,3
341728.6515,-18631.2323,3
341123.6328,-186421.1458,3
341780.556,-7018.0985,3
341996.6147,-17869.5897,3
342211.7282,-28226.9633,3
342180.5531,-244634.2085,3
341016.359,-8238.565,3
342311.6505,-26003.6292,3
342014.1737,-55588.8224,3
341590.261,-210471.857,3
342141.2173,-76024.0482,3
342501.5366,-75959.9227,3
342465.2529,-65344.92,3
342013.0955,-198545.8475,3
341736.2502,-213753.2147,3
340253.7657,-74839.1618,3
342384.9623,-30812.7822,3
341883.7568,-217086.3072,3
342254.2344,-19713.6367,3
342729.5934,-111582.9904,3
341744.2203,-110960.419,3
342373.0798,-80893.9204,3
342618.0976,-77480.3523,3
341975.8395,-169891.8114,3
342658.8753,-79802.1549,3
342276.3998,-235629.0029,3
342511.4577,-20532.6399,3
342937.4358,-18113.6359,3
343023.9919,-77868.9405,3
342933.4888,-69231.8773,3
343212.8926,-25415.5493,3
342569.8627,-14228.8686,3
342923.0031,-10796.2695,3
339203.7205,-221829.5704,3
343306.4764,-57062.113,3
343205.1295,-224757.4698,3
343218.2895,-79062.2537,3
343559.5563,-60985.3103,3
343577.5341,-82075.7513,3
342387.7878,-180059.6671,3
343297.3045,-211958.4229,3
343892.4051,-20505.6071,3
343380.0493,-208817.5538,3
343445.4962,-215289.3676,3
343860.5705,-41057.4492,3
343562.0932,-19254.5341,3
343837.8415,-114514.8192,3
343234.0306,-59438.8331,3
344485.0606,-3194.0277,3
344249.4313,-225199.6135,3
343911.4569,-17573.2106,3
343832.5777,-234234.3918,3
344653.4183,-116709.3338,3
344617.6545,-274467.5874,3
344763.9825,-116760.5436,3
344772.1624,-41791.2201,3
344778.1674,-3161.0263,3
344673.7955,-112287.9285,3
344828.7747,-113098.0273,3
342558.0155,-317741.6733,3
344927.8845,-116823.188,3
344966.3036,-116872.8469,3
343915.8105,-116180.2742,3
344990.109,-83055.0813,3
344965.3157,-113161.8249,3
345181.6131,-18952.8106,3
345000.5583,-19427.6957,3
345121.9628,-113122.136,3
345013.672,-83668.5349,3
345224.1493,-113197.1926,3
345240.7954,-113279.7225,3
345142.9676,-251484.6123,3
345306.2135,-113318.6031,3
345369.2256,-113360.1639,3
345434.9153,-113388.0095,3
345521.1726,-113398.3646,3
345246.9797,-109909.7646,3
345662.4975,-110040.2362,3
343636.5097,-70464.1346,3
344886.0691,-210216.5168,3
345155.4113,-28594.0123,3
345852.5862,-7640.0292,3
345109.7751,-216829.9217,3
345852.0058,-112877.6331,3
345258.1445,-161519.1246,3
345192.0111,-223326.1541,3
345932.0305,-234239.968,3
345850.6277,-226672.6673,3
345446.4691,-229672.2179,3
346187.9007,-255454.3143,3
346504.2133,-63555.0206,3
346593.4834,-64053.1467,3
346400.6971,-64794.1408,3
346520.45,-240903.5996,3
346623.1181,-258023.521,3
346859.3321,-62636.6735,3
346950.8943,-36206.0778,3
346845.7517,-256063.9399,3
346830.6733,-7089.8249,3
346208.2595,-30570.8136,3
346072.5204,-318572.0123,3
346922.2618,-44516.0275,3
346921.3739,-37649.4294,3
345678.7319,-206408.3063,3
346490.161,-211869.57,3
346742.8912,-59992.336,3
346795.6085,-43076.8042,3
345799.7878,-214335.534,3
346941.4531,-235560.0957,3
347536.2028,-43482.7063,3
347542.3754,-30624.6558,3
347340.3388,-258873.4288,3
347537.0363,-29339.022,3
343803.9375,-229959.6784,3
347736.0907,-32686.2716,3
347800.6821,-252427.2138,3
346563.3463,-112550.4812,3
347872.0152,-5130.4559,3
348329.9565,-71639.9679,3
348366.3005,-175015.7667,3
347686.4157,-31154.2627,3
347775.8232,-55333.0896,3
347862.9297,-200813.0154,3
347896.8785,-204023.2705,3
348077.4045,-189297.6787,3
348716.6016,-55206.677,3
348697.6778,-31425.9791,3
348900.8472,-47378.09,3
348209.7803,-216930.2141,3
349158.8631,-7811.935,3
349250.2342,-236172.4617,3
349517.2362,-32229.1907,3
346959.5319,-244426.8755,3
349536.8268,-32549.7369,3
349527.2099,-33222.2119,3
349426.9159,-71600.3828,3
349560.93,-7753.5741,3
345544.3886,-122051.3609,3
347630.0947,-321463.7618,3
349171.2474,-4826.2475,3
349745.9518,-240833.8324,3
349108.1096,-30964.4557,3
349602.729,-64387.6416,3
349399.7552,-199158.2125,3
349706.87,-60671.1504,3
349481.9665,-202385.801,3
349548.4115,-205598.8424,3
350254.3906,-36596.2188,3
349794.4302,-113613.5155,3
350404.6594,-55185.5743,3
349954.7026,-221830.6675,3
348323.1316,-319312.3916,3
349429.4416,-225898.143,3
350188.4695,-228174.9078,3
350621.5617,-7453.2415,3
348565.4227,-9287.6489,3
351090.3119,-113814.2767,3
351198.9632,-262820.6292,3
351141.4319,-55792.7221,3
350887.1518,-62737.5808,3
351521.5291,-46286.7829,3
351556.6409,-62222.7006,3
351036.8271,-200738.4444,3
351610.7911,-264718.4273,3
351622.601,-8239.2323,3
351115.5886,-203937.3271,3
351895.439,-9657.7365,3
351736.714,-25957.2396,3
352224.8837,-50821.936,3
352340.6865,-70386.7283,3
351787.4994,-223995.5877,3
352190.2384,-10951.9669,3
351700.5343,-226584.8365,3
352261.3761,-62912.9506,3
352512.9562,-61184.6158,3
352308.9798,-60967.1266,3
352523.7469,-26230.4937,3
352844.3949,-27365.1626,3
352935.1441,-26162.7993,3
352753.9889,-207361.7892,3
353086.6679,-27286.3085,3
352342.6537,-46517.0723,3
352768.7288,-156272.9098,3
353129.1851,-26126.51,3
351384.8875,-320810.9405,3
353162.4704,-61820.1742,3
353325.3889,-9660.8241,3
353293.5629,-53102.2096,3
352683.1444,-202303.0201,3
352774.6154,-205505.7062,3
353347.8578,-26869.3164,3
352982.7786,-215153.6816,3
353688.242,-31192.8741,3
353437.1031,-257746.5873,3
354078.0715,-6858.0939,3
353971.6078,-27303.6643,3
354111.3868,-6918.2737,3
353369.6123,-228080.3368,3
353852.1486,-48422.2229,3
354802.4891,-46358.5267,3
354450.2109,-9612.3576,3
354893.8297,-8635.2108,3
354546.0081,-8322.802,3
354511.2299,-266445.1188,3
354516.8933,-74104.929,3
354180.8052,-259880.0707,3
354316.9022,-203853.1571,3
355341.3056,-8624.9937,3
355285.0504,-27533.7709,3
355362.571,-9354.7283,3
354262.8609,-200612.2157,3
353908.9164,-211766.2189,3
350725.8077,-213312.758,3
355602.3183,-27715.8633,3
354038.6556,-224096.7007,3
355507.0358,-73628.304,3
356038.0787,-28095.2141,3
356292.3914,-209321.3381,3
357115.293,-22919.8509,3
355520.3817,-217603.1665,3
356443.0851,-221543.5998,3
356584.564,-76695.5414,3
357336.2917,-54353.179,3
357412.4502,-101064.6459,3
357529.224,-28410.1936,3
357324.2277,-80999.5839,3
357568.6302,-9877.1531,3
357816.1243,-31933.2302,3
357300.1741,-50395.0404,3
357985.7148,-120936.1158,3
357604.0759,-28184.9875,3
357948.4463,-81370.8279,3
358096.3152,-10026.6159,3
358184.1303,-66974.9749,3
358157.7459,-51544.0236,3
358410.2957,-84726.8991,3
358205.5203,-258753.3894,3
358556.3183,-214008.8112,3
358296.9019,-70278.4598,3
358643.6167,-84892.0466,3
358711.1541,-23175.3052,3
358017.0085,-23229.5504,3
358711.6949,-51994.0812,3
358789.9083,-81428.2827,3
359001.5895,-85607.9155,3
359294.3835,-86352.308,3
359372.7847,-314222.3898,3
359645.5226,-48057.6978,3
359686.9955,-48094.7655,3
358926.6078,-198974.0375,3
359793.6714,-48118.4926,3
359654.3956,-314309.3744,3
359415.4477,-65903.3682,3
359842.3913,-56603.2976,3
358993.7145,-80090.8256,3
359835.0135,-23654.2362,3
359252.3751,-211464.2303,3
359926.7137,-277627.4079,3
359990.1833,-80132.1097,3
357004.1908,-117500.1897,3
359412.1492,-214827.5495,3
360083.6476,-265118.1127,3
359745.4809,-253820.3899,3
360127.5582,-56895.3212,3
359890.752,-86318.449,3
360327.1732,-87629.7811,3
360627.2377,-26128.4921,3
359895.8689,-227923.6401,3
360007.8859,-230987.8111,3
361238.8352,-81068.6057,3
361650.9575,-59679.7054,3
357743.8196,-47914.6289,3
360817.9993,-121044.6684,3
361672.3626,-72942.6478,3
359325.0868,-220433.4925,3
361943.8935,-273948.3187,3
361667.2789,-210514.6578,3
361338.4893,-223019.5538,3
362055.1677,-48222.3582,3
361385.5759,-101012.4552,3
362266.07,-48050.44,3
361476.9166,-226211.5906,3
362308.8551,-48029.6924,3
361585.9345,-131799.3205,3
362235.4746,-165513.2564,3
362678.8424,-164062.2604,3
362460.8351,-306481.9281,3
362469.9539,-244736.6618,3
362878.5322,-80064.5452,3
362826.6741,-295288.0966,3
362843.1088,-172359.5871,3
363130.1959,-168130.2837,3
363264.516,-276280.5426,3
363221.8536,-90080.2352,3
363388.0138,-170082.3922,3
362987.8453,-266373.6673,3
363309.8382,-275896.5944,3
363188.613,-162304.8269,3
363214.7139,-275109.9642,3
363283.9566,-84462.2529,3
363526.228,-315667.1177,3
361939.9746,-217274.5034,3
363585.3013,-89958.6918,3
363124.8051,-264527.386,3
363409.862,-101369.4113,3
363723.6202,-47950.1128,3
363664.1748,-149424.3148,3
363027.1915,-224512.7391,3
363613.723,-84429.8781,3
361855.3645,-25323.111,3
363680.7168,-268347.7568,3
363967.3684,-90745.912,3
363496.1929,-297448.511,3
363586.7939,-307733.8835,3
363959.3812,-11424.7955,3
363783.477,-276611.07,3
364047.7707,-229362.3515,3
363531.8648,-237197.6147,3
364380.19,-60422.449,3
363941.4593,-271704.4525,3
364393.1223,-60089.1107,3
364410.2771,-60033.5707,3
364365.6422,-277781.7044,3
364330.9715,-91249.5038,3
364500.7293,-91491.9432,3
364334.2464,-54901.6009,3
363849.1071,-246824.9984,3
364473.794,-297090.4385,3
364792.4666,-60315.3805,3
364718.7699,-100652.8292,3
364761.1563,-262113.6219,3
364976.8148,-66645.2436,3
364964.8998,-66427.3038,3
364651.0747,-70763.5491,3
364233.647,-212982.9799,3
364853.2775,-260078.8045,3
363431.1777,-215482.8086,3
364822.5122,-278639.6306,3
363441.3935,-74971.0802,3
364533.9964,-259506.5514,3
365191.7232,-260974.7224,3
365098.7085,-270415.6814,3
365338.7299,-100514.4455,3
365321.6766,-96845.3872,3
364374.4874,-321298.4946,3
363729.0647,-227023.9718,3
365236.5275,-217272.85,3
365117.1925,-91809.7003,3
364836.7764,-170061.8347,3
365055.036,-230893.1071,3
365846.9552,-92287.6024,3
365589.669,-86416.1716,3
365738.9241,-302295.0144,3
365950.7509,-301723.0348,3
365573.219,-50583.7093,3
366072.5078,-92028.5303,3
366035.1949,-149143.6546,3
365891.6924,-294895.5161,3
365993.1977,-274247.3997,3
365389.7264,-242180.3112,3
366326.6435,-210322.7413,3
366356.0621,-210173.1391,3
366386.8056,-210105.9834,3
365800.4985,-89247.4258,3
366415.852,-209997.5993,3
366537.6665,-101802.2138,3
366533.1853,-101484.1724,3
366501.1925,-209826.7928,3
366424.1628,-302655.6789,3
365660.355,-261898.1313,3
366730.2003,-193593.9199,3
366448.4774,-276813.3851,3
366356.0146,-305974.2395,3
366545.8944,-174288.9086,3
366440.1483,-11405.966,3
366091.3077,-279769.4446,3
366480.132,-171248.4028,3
366467.2953,-90461.894,3
367330.8929,-11430.217,3
367303.755,-105832.5597,3
366464.0797,-228439.6194,3
367286.2851,-159366.8556,3
367538.6472,-194216.874,3
366720.4792,-184631.1968,3
367573.8267,-194238.2328,3
367363.5093,-273347.4875,3
367489.7668,-89535.3354,3
367306.2331,-280603.1559,3
367228.005,-27322.7406,3
367729.2872,-53098.703,3
367668.7176,-206481.0643,3
367794.881,-90037.7429,3
366884.2168,-187834.0927,3
366414.2605,-52975.795,3
368073.4572,-234907.8123,3
367209.6611,-75446.109,3
367379.2584,-212922.6547,3
367875.5402,-258344.8187,3
366671.7185,-215393.035,3
367957.908,-162381.2702,3
365179.1523,-220383.9782,3
367908.99,-154175.9145,3
368406.1189,-283520.1628,3
367931.4642,-225962.1314,3
368481.1904,-48293.9444,3
368650.9959,-188158.1996,3
368195.0655,-169517.2378,3
368871.9254,-281659.5004,3
368649.9445,-261371.7541,3
368812.8327,-262318.6156,3
369087.6748,-319435.9146,3
369045.2835,-299351.1917,3
369245.2137,-263127.5889,3
369414.7767,-30945.0256,3
369088.3758,-28272.1298,3
369452.1821,-31093.0312,3
369539.9323,-28048.2912,3
368825.4536,-301258.577,3
368497.9703,-299458.4427,3
369527.1753,-295736.5474,3
369644.4952,-265478.556,3
369672.6006,-211726.2458,3
366427.731,-47699.318,3
369812.7687,-28079.371,3
369113.4964,-214502.387,3
369800.6141,-299745.9528,3
370006.0874,-62996.7564,3
369358.3654,-152725.4135,3
369462.9006,-142565.979,3
370194.9864,-28125.7352,3
370013.8878,-282765.7593,3
366937.7832,-146609.0749,3
370406.6502,-297025.5472,3
369661.5615,-11042.0922,3
370504.307,-77754.25,3
370057.9221,-73873.2697,3
370426.9541,-142086.7336,3
369837.6312,-178066.0242,3
370947.8783,-85212.514,3
370432.4434,-193196.5988,3
370978.2853,-85375.0122,3
370926.6048,-30041.2232,3
370895.55,-186816.8972,3
370792.0789,-94714.5815,3
371058.7746,-141995.0624,3
371210.9464,-185348.5492,3
371167.065,-186860.1447,3
362248.5002,-316750.2269,3
370545.9675,-83334.6164,3
371104.6782,-185942.2947,3
371565.7101,-82263.2797,3
370972.0417,-92973.658,3
371680.9209,-187461.5548,3
371667.2954,-78985.7245,3
371658.1057,-240066.7182,3
371063.0774,-222747.6493,3
371357.993,-60707.0275,3
371507.2182,-85645.8403,3
371775.6181,-294213.6838,3
371712.9723,-266327.3633,3
371633.7441,-97929.6012,3
371562.8099,-256576.7937,3
372144.5196,-92750.9384,3
372324.9005,-80014.7039,3
372290.9631,-111405.8567,3
372356.2242,-80043.2513,3
372115.8452,-240100.8059,3
372372.8355,-86167.936,3
372445.7675,-93370.9222,3
371799.5702,-31026.6433,3
372539.1512,-11631.3763,3
372660.367,-95587.6416,3
372180.6287,-80223.5354,3
372489.8618,-252023.0195,3
372663.4435,-81832.034,3
371233.4908,-49225.8036,3
372754.8417,-116835.1369,3
372134.1766,-54559.3396,3
372038.1769,-88814.718,3
372798.1382,-96387.7731,3
372786.3096,-296768.8719,3
372740.7502,-191710.0853,3
372788.5326,-258400.2962,3
372907.712,-80305.5638,3
373080.2138,-49210.1457,3
373200.197,-49211.0132,3
373134.8679,-206998.1175,3
373151.8591,-285879.1412,3
372586.5252,-221051.1465,3
370943.6464,-296728.8084,3
373298.0686,-118180.886,3
373424.1044,-117959.2437,3
372216.9109,-253553.2601,3
372737.392,-224304.1818,3
373403.1295,-208832.2059,3
373389.7143,-77411.5985,3
374055.4835,-94167.9981,3
373950.0134,-94876.585,3
373927.127,-224656.7903,3
373872.3718,-252550.7158,3
374422.7762,-50249.6403,3
374091.7582,-294759.1048,3
374640.305,-75798.0592,3
374488.3526,-239578.8222,3
373557.9138,-86610.3516,3
374724.5059,-254302.8,3
374185.9147,-219736.2289,3
374814.2294,-186850.9946,3
374558.33,-90501.6883,3
375167.0859,-294114.5218,3
375120.0376,-295840.7755,3
375307.6265,-186282.5935,3
375854.967,-75554.9458,3
375642.3883,-253825.7824,3
375868.4847,-322797.2322,3
375858.4718,-294927.945,3
375457.0523,-92474.437,3
375451.9416,-78020.6336,3
376119.7424,-145195.5846,3
376008.8511,-323042.8117,3
376402.4772,-78112.4103,3
376555.3212,-68488.764,3
376369.8336,-91972.4096,3
376468.0791,-178529.9774,3
375776.2075,-218130.8591,3
364756.3366,-64193.7375,3
376994.9381,-178569.9499,3
376400.1922,-77398.6058,3
376994.9398,-177176.4714,3
376842.9551,-178043.8912,3
377454.7949,-292434.1499,3
376975.2929,-93744.9773,3
377003.9046,-249874.3699,3
377784.9254,-29695.0079,3
377755.4528,-44729.4399,3
378030.0509,-30115.0024,3
378005.3658,-288823.9377,3
377468.784,-216627.9002,3
377424.4168,-219655.3622,3
378065.8102,-141421.3497,3
376999.7789,-80991.3588,3
378245.8972,-123307.9534,3
378632.0277,-177041.8576,3
377830.5979,-173118.9822,3
378455.9512,-84012.8965,3
378529.1701,-292231.3519,3
378593.469,-289465.5232,3
378738.7348,-110160.3469,3
377352.9991,-293623.3191,3
378709.5214,-177470.171,3
378748.456,-110055.5901,3
378648.4148,-123707.2728,3
378161.4776,-124427.108,3
378903.1814,-291812.3546,3
378572.8188,-27114.6131,3
379410.0311,-77429.097,3
379226.2429,-291400.1741,3
379275.067,-292427.4879,3
379455.4903,-49218.254,3
379366.3722,-83939.3767,3
379634.4799,-293385.0068,3
379640.5803,-292369.2877,3
379529.117,-92301.7618,3
379713.1498,-293386.8875,3
379732.9704,-293531.0064,3
379815.9421,-236555.0561,3
379022.655,-218431.5938,3
379903.7457,-236585.8461,3
379713.1492,-84749.0971,3
379970.1168,-236615.3431,3
380005.7984,-236643.673,3
379696.2885,-27791.7839,3
379187.5125,-49992.2293,3
379857.9852,-215959.4915,3
377163.0169,-12902.2351,3
379910.542,-294586.4771,3
374864.7025,-54594.4917,3
380054.3214,-85363.0696,3
378643.7056,-175490.9438,3
379597.3542,-178032.5369,3
378554.2112,-76411.7818,3
380308.4253,-77524.003,3
380294.7366,-26572.9886,3
380318.1023,-27248.5416,3
380356.4171,-175706.3299,3
380564.9351,-122803.4428,3
380428.5806,-176958.3784,3
380624.9316,-122802.745,3
380244.2113,-151615.1924,3
380662.9891,-25769.7476,3
379917.0245,-24990.3147,3
380642.1715,-153417.262,3
380194.432,-249601.6377,3
380940.0432,-89305.7785,3
381024.4316,-26111.6531,3
380662.1424,-292009.4026,3
381195.1047,-85311.21,3
380849.4734,-259556.1463,3
380906.6553,-88474.1599,3
381264.0146,-290160.4514,3
381429.796,-28114.2512,3
381435.9764,-293220.5684,3
381444.4657,-153515.6987,3
381114.7833,-270726.6355,3
380991.4622,-85710.6063,3
379770.9524,-121869.9557,3
381697.4604,-121575.0558,3
380896.5468,-163363.255,3
381377.8513,-122506.5408,3
380945.1186,-166595.7597,3
381795.0402,-102922.7754,3
381031.3531,-173033.4303,3
381246.6745,-18669.5625,3
381721.8241,-292197.6104,3
382118.2879,-173818.3008,3
381173.9185,-14338.0007,3
382129.5031,-293354.7512,3
382128.4402,-293547.6602,3
381879.6389,-216047.6609,3
381499.5794,-23389.2594,3
382064.2492,-174579.885,3
381638.1781,-248001.3599,3
382425.342,-173839.9763,3
382417.7796,-294398.7196,3
382256.9125,-77533.8038,3
382409.8242,-15090.8109,3
382359.1038,-93186.2258,3
382655.8684,-291545.2778,3
382827.0982,-173831.347,3
383200.1867,-193659.8377,3
383201.8165,-193809.4475,3
382503.7371,-164958.1763,3
383355.037,-156589.5037,3
383231.6895,-293050.0963,3
383440.1026,-173828.5236,3
382657.151,-171382.3519,3
383462.9346,-173757.8107,3
383491.756,-179163.1191,3
383417.5268,-179533.8133,3
383430.5247,-93017.6734,3
383519.0321,-14942.9832,3
383754.5881,-283061.8097,3
384404.2133,-15185.5316,3
384392.7208,-293163.8474,3
384312.9765,-93506.4057,3
383951.5671,-163310.3991,3
384603.1452,-61749.1935,3
383783.5543,-49539.9912,3
384776.7014,-118724.9191,3
384593.8235,-71104.6324,3
384183.0127,-166534.743,3
384226.0901,-169746.5792,3
384851.8534,-104160.5749,3
385051.8579,-104494.9846,3
384261.5544,-172885.864,3
383118.0351,-105552.3207,3
384822.1947,-175970.8669,3
384811.5649,-213062.8615,3
385217.2441,-15723.722,3
385823.7938,-193017.373,3
385983.5357,-293387.0721,3
385426.2876,-161654.2424,3
385631.8804,-164887.3845,3
386408.5169,-16323.4425,3
385853.12,-171077.1634,3
386706.1684,-170234.83,3
383541.3262,-143506.1575,3
386726.8161,-170433.4868,3
386479.3372,-190453.194,3
386879.1709,-57173.6085,3
386600.7948,-292375.2307,3
386903.8916,-187779.5281,3
386465.9077,-191685.3227,3
386781.1686,-72448.7155,3
385690.8209,-71197.9493,3
386846.3427,-142046.5483,3
387165.5652,-72410.1518,3
386808.6793,-290776.7534,3
387195.2818,-168088.8892,3
387072.8263,-188321.5238,3
387219.7522,-99473.7093,3
387382.123,-168123.944,3
387453.6011,-168255.2397,3
387368.6626,-140554.0108,3
386965.3319,-163280.5753,3
387225.2943,-16694.1783,3
387389.4452,-170888.7119,3
387003.2147,-159966.9611,3
388088.8405,-169557.5546,3
387846.4957,-141284.4609,3
387599.2064,-142987.1208,3
388466.1662,-110684.8741,3
385439.7542,-30277.0166,3
388205.4912,-187842.0898,3
388432.3195,-292966.8087,3
386158.1398,-61742.4017,3
388486.5878,-110939.761,3
388161.7466,-191372.4357,3
388534.0816,-26498.3152,3
388635.0267,-26477.3971,3
388049.7998,-73376.8066,3
387927.1877,-26561.323,3
388640.7429,-190221.4315,3
388696.5771,-190718.4128,3
388935.0767,-29298.115,3
388631.6199,-109506.0919,3
387479.0479,-27907.2127,3
387150.5754,-76233.7602,3
388981.2642,-69718.4442,3
388657.7426,-16399.3983,3
361813.4928,-108283.1916,3
389359.4927,-29292.6711,3
388905.7879,-161701.2919,3
388731.0153,-152448.5484,3
376751.2943,-162712.964,3
388831.1521,-158608.115,3
389710.8201,-29295.1978,3
388309.8302,-172047.9857,3
389860.4764,-63861.3815,3
389082.644,-293197.3466,3
389157.0648,-174495.8403,3
389743.9738,-153255.4665,3
390019.1182,-179701.8655,3
389901.1929,-113212.5862,3
389108.4008,-43397.6721,3
390165.485,-29276.2176,3
389943.8212,-69583.8191,3
390393.0482,-29293.9261,3
390365.1304,-47184.3895,3
390510.6261,-47539.9246,3
389256.0395,-177665.4246,3
387884.9377,-66345.3465,3
389932.3505,-163268.0226,3
390102.8632,-150819.6869,3
390212.4357,-154138.3071,3
390824.8396,-40660.2457,3
390794.4137,-29270.9755,3
390789.9023,-294524.4487,3
390959.1398,-114884.4913,3
390991.5739,-114691.447,3
391280.2682,-114665.5874,3
391184.6356,-292001.0322,3
391323.0073,-151015.4548,3
391529.9517,-292603.2121,3
391667.0796,-43183.1958,3
385784.2902,-51544.0416,3
391844.9048,-292604.0983,3
391674.7454,-292959.793,3
391396.8734,-20922.5795,3
391939.7918,-294831.795,3
392022.9704,-293198.1155,3
392226.784,-293253.7687,3
391043.8378,-156572.9112,3
391051.2034,-159097.5005,3
391715.1243,-160192.2308,3
392176.409,-188818.9469,3
392266.1585,-43941.5106,3
392417.0838,-294368.7755,3
391720.8089,-161682.1942,3
392599.0212,-164038.0848,3
392610.1607,-172577.6441,3
392601.2825,-165004.7168,3
388629.3418,-166602.9786,3
392656.0699,-188707.4547,3
392415.1253,-293496.7258,3
392621.0401,-294975.1645,3
392901.2205,-47077.0293,3
392531.5691,-47568.942,3
391902.6655,-180279.6112,3
392322.9222,-190031.7782,3
393084.1263,-21336.524,3
393097.0476,-21871.2137,3
393234.3467,-294004.5966,3
393318.7946,-48558.6663,3
393290.1809,-21277.2288,3
393637.1108,-43848.4629,3
392978.409,-42909.0105,3
393682.385,-20490.5504,3
393650.5153,-189682.0882,3
393433.1006,-163192.0155,3
393529.4127,-166439.2186,3
394364.3408,-176162.865,3
393641.2385,-46129.9129,3
394507.6249,-178815.3423,3
394513.8742,-178995.1879,3
394530.2875,-179035.8625,3
394311.3228,-179176.3049,3
393268.8655,-26768.4048,3
394867.1192,-177521.0514,3
394861.5449,-177248.2055,3
394873.7528,-177074.9189,3
394887.524,-294675.0122,3
394533.8741,-294996.739,3
394295.0487,-24037.7625,3
395103.0674,-176830.5023,3
395288.2309,-80875.2762,3
395620.6516,-81519.18,3
395246.746,-189871.3682,3
395949.759,-81003.0881,3
395321.5848,-179617.239,3
383701.2163,-322198.3283,3
395421.9991,-29534.3709,3
396384.9792,-80327.2041,3
396307.2491,-80638.0949,3
396399.3327,-183870.0677,3
396517.7907,-244628.9535,3
397040.1757,-29258.5647,3
396931.7696,-149851.5495,3
396886.2966,-183564.1717,3
397106.5287,-35227.7877,3
397545.3489,-29250.2174,3
397607.5418,-28796.8858,3
397644.4734,-28531.4275,3
397524.8193,-148823.0021,3
398019.4941,-28895.3558,3
397766.0521,-293082.6027,3
397475.569,-184693.183,3
398282.1304,-182436.5426,3
398070.6824,-182960.5418,3
398830.4909,-185047.8607,3
398927.8361,-244243.2655,3
398364.429,-166965.8923,3
398844.5919,-27219.5594,3
399203.5375,-244484.1268,3
391360.6871,-117859.8664,3
399544.8249,-244163.9853,3
399122.9507,-28705.6979,3
398571.2066,-30305.5847,3
399670.5636,-243985.0458,3
400078.8219,-28160.1802,3
400103.8708,-28049.4359,3
400147.0921,-28646.2929,3
400377.7216,-244227.6232,3
400407.3073,-244197.1909,3
400197.3379,-244507.4704,3
400320.2875,-244061.758,3
400490.04,-295301.217,3
400639.9144,-158335.8454,3
400607.8817,-244373.7582,3
398873.0506,-186273.5731,3
400616.1345,-28132.4136,3
400823.8436,-244441.1116,3
400694.8452,-246278.2057,3
400772.1234,-243733.3264,3
394467.052,-15978.6477,3
400248.2792,-177951.3149,3
400302.6727,-121768.1065,3
400960.8935,-245370.342,3
394505.652,-172068.9188,3
401297.8964,-158315.0541,3
401271.6718,-28498.5686,3
399784.7206,-164012.9281,3
400634.9581,-151140.4152,3
401636.866,-28454.1338,3
401669.1211,-30356.1707,3
397591.0334,-160046.7966,3
402029.9297,-127151.6906,3
402184.6946,-295901.5501,3
401798.3553,-303947.6833,3
402704.9847,-158263.2461,3
400320.8917,-34872.2953,3
402547.0221,-125116.115,3
402752.0785,-30998.451,3
402408.04,-327872.1075,3
402759.5957,-245994.5651,3
403081.259,-156468.4096,3
403348.1297,-155825.1263,3
403373.5219,-157004.865,3
403372.6438,-156929.5243,3
403376.0602,-156237.1871,3
403414.9525,-156779.0771,3
403228.8705,-246103.6529,3
403663.0289,-32438.8268,3
403118.7594,-27295.4845,3
403715.856,-32403.616,3
403531.6861,-155318.6914,3
403649.0196,-156479.3791,3
403698.1849,-32106.0512,3
403752.0507,-32377.4411,3
403690.6706,-294912.2925,3
400756.259,-204734.9359,3
403808.9525,-32345.2701,3
403527.1003,-163907.1523,3
404037.6439,-31320.394,3
403966.2241,-28252.9603,3
404051.0137,-28635.0765,3
403689.4397,-296055.0552,3
403765.8795,-328277.5524,3
402543.5104,-112751.1408,3
404168.6528,-264436.2633,3
403966.4318,-129393.8486,3
403824.3955,-107149.0629,3
404475.0632,-116090.1851,3
404196.8346,-31948.383,3
404657.9992,-180140.7253,3
404699.021,-180452.4651,3
404634.3364,-116102.9437,3
404430.2056,-116356.9944,3
404386.067,-163343.0898,3
404909.901,-240393.0538,3
403708.0804,-157750.078,3
404969.2372,-153414.37,3
404559.2917,-117233.4143,3
405220.0315,-129047.6651,3
404966.7354,-129626.7557,3
402952.6143,-18790.0492,3
405297.7251,-153315.7668,3
405342.4066,-153008.7179,3
404939.7221,-260148.6375,3
405346.3642,-152592.5533,3
405450.807,-116064.9661,3
403213.5044,-169092.9179,3
405300.6768,-154310.572,3
405805.2291,-153332.2844,3
404332.6787,-29886.9267,3
406013.8431,-153330.425,3
405281.619,-27809.6164,3
405720.81,-294252.4425,3
406155.095,-154160.5425,3
406139.813,-153314.3023,3
405984.0018,-260945.5063,3
405968.2293,-258219.3538,3
405602.4952,-158447.4541,3
406244.5498,-153313.3687,3
406170.8615,-124143.0126,3
406395.0729,-154157.6669,3
405361.5487,-36907.8819,3
406090.9066,-163681.6143,3
406439.77,-153311.6287,3
405944.4862,-289428.8251,3
406536.9991,-153300.1633,3
406565.3544,-154485.4065,3
406562.3776,-154666.2567,3
405987.7745,-28952.8904,3
406273.9456,-256346.8701,3
406416.4753,-158630.5701,3
405985.9554,-156923.8722,3
406644.5075,-260095.1708,3
405848.1819,-177113.9143,3
406566.2677,-176205.1131,3
406860.2898,-29263.6896,3
406650.7514,-289063.2858,3
406978.0404,-175805.3326,3
407206.8538,-171805.322,3
407111.4572,-164514.3624,3
407369.4707,-29290.0632,3
407129.5848,-157545.1591,3
406856.541,-152678.9081,3
407871.1541,-173803.3077,3
406663.4844,-151771.4107,3
408159.7276,-157568.5575,3
407575.7261,-255068.1827,3
408290.139,-131008.23,3
407672.7847,-257987.3505,3
407834.57,-288311.9106,3
408231.894,-152573.7242,3
407978.3098,-27821.6142,3
408474.6225,-24594.3363,3
408851.3103,-27366.2963,3
408726.6861,-150924.797,3
407891.7317,-202037.5622,3
408151.4145,-169533.6158,3
408892.1995,-157516.4684,3
409084.3827,-157845.2562,3
407789.6609,-125148.9265,3
408580.1064,-129676.0202,3
408568.7272,-175495.1469,3
409042.9966,-136439.3681,3
409046.6655,-260471.68,3
409381.1959,-326066.6488,3
408029.3284,-329160.3596,3
409373.3998,-27210.0302,3
409610.8852,-27179.792,3
409597.454,-159658.8398,3
409373.6505,-158599.0109,3
409797.8095,-277061.3433,3
410005.9454,-287785.1183,3
409574.5982,-174092.5022,3
410075.9767,-289200.8186,3
410177.4005,-177450.8681,3
410279.0647,-160453.0282,3
410439.2326,-160841.7881,3
410491.4225,-161055.3863,3
410379.1461,-161355.276,3
410572.8608,-287919.99,3
410166.4108,-286974.9672,3
409541.845,-211449.4777,3
410687.7205,-288726.9632,3
411425.3606,-154225.7651,3
410898.7366,-154553.2367,3
411282.3732,-157094.5621,3
410689.3592,-168212.1643,3
411234.7552,-185710.4621,3
411534.1141,-323685.9801,3
411436.1865,-287706.1313,3
411703.6906,-237023.4624,3
411899.3602,-28435.7011,3
411899.2541,-323270.3997,3
412062.7789,-28437.1972,3
411550.2623,-258515.3132,3
412066.7533,-279215.0835,3
412144.8248,-153952.7031,3
412146.8471,-256731.3144,3
411879.6533,-324416.4414,3
412654.9781,-238630.7439,3
412407.6345,-317558.213,3
412509.7805,-255749.9574,3
412253.3468,-197399.0132,3
413029.0186,-28123.3818,3
413080.0724,-286949.4233,3
413284.7068,-28337.1626,3
413128.9414,-167198.8324,3
413903.6731,-155576.1449,3
413051.9432,-184470.2835,3
414093.1731,-324302.8828,3
413781.7966,-167650.2561,3
413988.1786,-155030.6871,3
414122.4072,-221352.7537,3
413545.2676,-278372.7775,3
414235.0137,-238097.5886,3
414264.5709,-233643.8739,3
413503.4862,-237328.0541,3
414197.2138,-252054.1425,3
414042.0086,-139408.5087,3
414388.9065,-287135.076,3
414258.7117,-323788.2494,3
414452.7399,-29313.169,3
413977.8592,-288580.0887,3
414753.2232,-156148.1253,3
414403.6695,-231143.5002,3
413981.3242,-253374.6124,3
414467.4501,-28107.3903,3
414944.9162,-139357.2144,3
414809.5387,-228733.7057,3
414321.1257,-218230.1863,3
415163.9484,-287239.8586,3
415014.9924,-232851.3946,3
415230.4223,-229444.6549,3
415088.1168,-233731.8608,3
415089.6818,-27595.1817,3
415266.1215,-280109.8798,3
415548.9862,-185939.6016,3
415763.1268,-186436.113,3
414843.7728,-186752.884,3
415765.6317,-287284.799,3
414988.8591,-279430.5998,3
413301.2092,-235432.8873,3
415155.153,-157765.768,3
416024.9542,-217690.2667,3
416024.9912,-183715.9941,3
415421.9272,-248539.9544,3
415797.8434,-228522.414,3
415496.5591,-251688.82,3
416344.8929,-221284.1652,3
416433.2058,-222031.7785,3
416460.0891,-221679.3656,3
415137.4645,-287735.7378,3
415540.7755,-195831.4563,3
416647.1041,-28001.657,3
416450.7838,-22577.036,3
416712.3602,-27428.8997,3
416953.2998,-28024.9841,3
416172.5148,-231470.4613,3
417058.4197,-250397.2482,3
415256.9599,-324010.8661,3
416784.0167,-243702.1517,3
417611.9305,-187218.1241,3
417391.0946,-287303.4308,3
417414.3659,-42705.9759,3
418384.4033,-268293.5171,3
411540.202,-17524.0243,3
418740.124,-173741.281,3
418938.0462,-17054.9291,3
418948.0546,-17188.5008,3
418943.8845,-16847.7634,3
418957.4646,-244181.967,3
418345.5618,-232499.8279,3
419054.1485,-17197.5686,3
266342.3659,-144961.2804,3
418406.7112,-245268.461,3
418401.5394,-242087.991,3
419002.5822,-226394.5448,3
417835.3123,-248161.8834,3
419088.7174,-15108.0664,3
419408.7755,-16325.2275,3
414300.5233,-334122.9035,3
419834.2836,-174555.0314,3
419626.37,-279954.8128,3
419559.1782,-244289.1614,3
419996.0553,-231876.0272,3
419434.9415,-331265.3813,3
419874.3496,-19602.8829,3
420051.604,-153426.7147,3
420114.8316,-154598.0606,3
420325.8391,-251846.0934,3
419985.8287,-240420.4079,3
420040.3914,-246818.7306,3
420854.9793,-180640.0968,3
420823.4675,-252003.3754,3
418740.0728,-222506.1833,3
420086.1565,-237182.4923,3
418365.5745,-29957.7765,3
421330.7869,-252235.8678,3
421152.2563,-232697.0405,3
421312.8461,-243828.4257,3
421456.032,-252628.5178,3
421194.9571,-252486.8957,3
421445.9318,-252379.5857,3
421156.8676,-16490.5409,3
420063.0284,-151891.4198,3
421614.0371,-184075.2001,3
421678.6538,-255392.7993,3
421637.0883,-231522.968,3
421712.1536,-177642.934,3
421750.2074,-183918.0893,3
421569.8439,-229941.1446,3
421815.0398,-252921.268,3
421974.5154,-147077.5469,3
422309.7696,-147184.9212,3
421930.1889,-178618.8602,3
422262.902,-152701.0806,3
422323.8245,-16171.7497,3
422426.6937,-147447.3751,3
422001.6392,-28882.6942,3
421691.1817,-158236.9298,3
422653.048,-256572.3382,3
421592.4097,-332654.4477,3
422366.6648,-252596.769,3
422645.4487,-154800.1437,3
422730.44,-28857.4709,3
422631.6245,-154125.8799,3
422821.6514,-152364.1582,3
422527.8795,-254639.4303,3
423026.1276,-278568.3947,3
423181.2758,-216596.91,3
422032.4355,-238313.64,3
422044.4928,-244870.2551,3
423042.7896,-155743.6452,3
422545.9073,-218609.3305,3
422164.7964,-247986.4561,3
423464.9629,-154783.1947,3
422663.8998,-278156.4998,3
422652.5048,-225959.5608,3
422810.0945,-250857.1834,3
423648.3035,-257120.0411,3
423225.1977,-276020.9884,3
424114.5097,-172909.0895,3
424235.7845,-281153.4383,3
423762.9438,-278338.2156,3
421572.6835,-21686.7043,3
424260.0504,-280812.5454,3
424109.2565,-233064.0422,3
424483.5668,-19925.9757,3
424412.3317,-329123.4463,3
424707.3424,-19662.2091,3
424427.987,-155332.8229,3
424105.1879,-240005.9656,3
422757.0369,-242016.7669,3
424171.632,-15491.691,3
424620.806,-271322.4307,3
424801.9501,-329915.423,3
424193.3027,-246117.6768,3
424838.0531,-20007.1601,3
424708.6836,-311412.6955,3
424265.6069,-220258.4899,3
424821.481,-257063.5906,3
424289.7589,-249289.6774,3
424813.9195,-274311.3959,3
425009.6328,-276969.8395,3
424320.9277,-223605.2684,3
424716.5528,-275873.2094,3
424449.3318,-252357.7244,3
425153.1549,-152313.2294,3
425199.4025,-19510.6466,3
424136.4679,-153411.7688,3
425367.9018,-152342.7059,3
422599.1926,-174058.6135,3
425456.1653,-19805.8644,3
425416.6872,-22641.238,3
425320.3365,-16285.4863,3
425334.1248,-271441.6258,3
425247.3624,-258291.0035,3
425624.6863,-154065.1636,3
425761.4393,-22606.1135,3
424480.8627,-148784.0195,3
424965.4684,-278214.9389,3
425981.1202,-60126.2465,3
425969.6245,-271238.4537,3
426148.6305,-60231.0317,3
425982.7019,-259599.6902,3
426243.5454,-23039.8921,3
425596.8334,-241153.2912,3
426249.3277,-149874.9223,3
425371.5495,-26852.84,3
426108.9794,-277718.1789,3
426050.1995,-174781.6974,3
425711.8614,-244495.8138,3
426495.4553,-22278.7085,3
426386.6425,-59885.7589,3
426314.2895,-188828.272,3
425940.7979,-225174.3075,3
425909.3961,-233370.9362,3
426779.9655,-23077.5057,3
426734.1752,-267216.8684,3
426052.1082,-253864.8536,3
426886.4274,-22804.4496,3
426928.67,-23549.0175,3
426742.5244,-55664.9639,3
426809.562,-59159.77,3
426974.4598,-54465.4219,3
426934.974,-23117.7234,3
426990.7775,-20879.7673,3
426831.4338,-22345.1606,3
427044.1903,-20902.7602,3
427137.6031,-20931.7388,3
427028.5691,-53856.8694,3
425613.5021,-179755.1498,3
427127.7839,-23378.2462,3
427217.3929,-22506.8727,3
427286.2599,-57444.6213,3
427182.94,-58273.0964,3
427282.4674,-315385.693,3
426934.7148,-338127.2539,3
427345.1141,-234095.4263,3
426910.2312,-150045.3389,3
427271.6533,-21237.2263,3
427470.7566,-333255.4544,3
427109.9855,-242839.8483,3
428090.744,-51633.0933,3
427745.4035,-185805.1892,3
427246.6459,-154470.3732,3
428001.3973,-261868.2603,3
428335.6247,-331853.1478,3
428220.8726,-338733.5527,3
428274.6133,-263767.6241,3
428779.459,-51165.0851,3
428366.8171,-190818.8078,3
428449.7212,-156899.937,3
429094.7767,-218625.2452,3
429469.8041,-154960.2865,3
427101.4592,-221102.7143,3
429956.896,-230515.4365,3
430095.8092,-155451.7853,3
429356.1899,-229820.1514,3
428204.7229,-24740.996,3
430107.9532,-230912.2478,3
429944.6378,-330141.6584,3
430321.032,-25612.0359,3
430453.567,-25585.3058,3
429493.6804,-15365.7055,3
429320.4712,-150669.7116,3
430348.1265,-228300.4862,3
430484.1157,-225821.1936,3
430598.9162,-44025.9509,3
430006.7521,-189223.4323,3
430949.9601,-150811.0431,3
430950.101,-205379.8058,3
430774.0337,-228207.8037,3
430395.2964,-275296.3127,3
430724.1581,-212750.5152,3
430389.3097,-242793.3048,3
430881.4475,-231737.0833,3
431120.2726,-50033.2753,3
431262.757,-328068.9392,3
430511.1286,-216541.2245,3
431124.0313,-150969.0448,3
431192.6225,-61884.8446,3
431293.6093,-212732.5849,3
431375.061,-328255.4998,3
431138.7144,-226720.4615,3
430634.5561,-220134.9543,3
430709.3317,-223567.3567,3
431477.3715,-269502.0054,3
431516.8179,-212650.3223,3
431546.0969,-212608.1938,3
430787.3006,-317261.1568,3
429905.0274,-333930.9798,3
431632.9629,-326733.9068,3
431071.7609,-24856.9801,3
431731.2195,-271629.3036,3
431556.5256,-259885.6876,3
431655.5707,-215420.7046,3
432064.6412,-49735.3235,3
426023.8473,-281771.6755,3
431880.0053,-270080.0375,3
432032.435,-269607.6752,3
432066.1666,-333245.4194,3
431968.2687,-318227.9134,3
432159.4463,-290451.8057,3
431664.911,-190765.1024,3
432114.1056,-275443.1046,3
432635.5925,-63315.2795,3
432514.632,-272391.6951,3
431852.6285,-280478.3216,3
432197.2186,-271136.9241,3
432392.2593,-152974.6525,3
432724.6851,-273992.5014,3
432032.8094,-12931.8292,3
429789.3898,-264871.4971,3
432566.9072,-338359.0003,3
432884.6898,-24676.2961,3
433469.9343,-24410.9034,3
432120.4558,-330465.1635,3
432429.1054,-234718.9482,3
432646.3089,-231205.4448,3
432537.8883,-237871.7842,3
433537.1813,-234645.0099,3
433614.7883,-157412.0463,3
432362.8955,-226595.807,3
433358.4117,-337296.4144,3
433595.9772,-11657.65,3
433636.6969,-290694.2371,3
433841.0086,-336268.1945,3
433836.8413,-336575.3665,3
433864.4903,-336752.8145,3
433849.704,-336981.5286,3
433480.0274,-292163.74,3
433960.1625,-337664.902,3
433720.0892,-188555.6463,3
433275.0442,-189723.241,3
433957.2121,-43500.3262,3
433295.5319,-10141.3264,3
433764.1728,-286548.3599,3
434305.0614,-336458.6767,3
434304.9757,-336258.0585,3
434280.051,-154697.5503,3
434156.6825,-175955.4439,3
434451.8691,-10091.2338,3
434540.9498,-336260.595,3
434528.8624,-336963.5212,3
433639.7678,-315197.6358,3
434610.0625,-317518.6442,3
434784.5238,-43078.5288,3
434158.2771,-229474.8994,3
434807.3685,-155311.8505,3
434357.2971,-256476.3836,3
434351.0973,-329484.1636,3
434839.5659,-234932.7662,3
435018.8786,-336195.4775,3
434385.5856,-232468.8304,3
434214.5706,-236190.0786,3
434009.9303,-284278.0082,3
435242.1131,-283472.0723,3
435125.0708,-24756.6006,3
435075.1155,-257498.3245,3
432504.8269,-245853.4599,3
435405.2346,-336442.1602,3
435491.114,-155575.2878,3
435469.3648,-155374.4195,3
434683.6225,-338209.8806,3
433745.5031,-253228.0552,3
435624.2477,-175795.6657,3
434550.1096,-154094.7549,3
435763.0712,-21261.1866,3
436230.7688,-17699.9568,3
436284.5572,-215132.8863,3
436138.6147,-316165.1318,3
435631.1255,-227874.5447,3
435801.8275,-15230.6529,3
436338.0708,-233687.3152,3
436720.8958,-158948.0492,3
436741.6185,-215127.0165,3
436643.2633,-9266.1825,3
436042.6175,-237709.4237,3
436608.3042,-17718.9033,3
436915.9876,-215137.2099,3
436733.4768,-258281.7202,3
436653.4324,-277433.3034,3
434799.4116,-156968.3151,3
436359.8117,-247406.3221,3
436818.7119,-249127.2323,3
436523.3561,-253691.8069,3
437052.5858,-9170.8169,3
436874.7235,-154808.7631,3
437148.0444,-285373.423,3
437669.9762,-287763.1289,3
437638.9944,-286283.9735,3
437605.0784,-41841.7779,3
437987.1207,-93006.3158,3
438288.871,-213532.7061,3
437476.7422,-236052.6457,3
438574.9981,-92785.1956,3
438308.3221,-175363.8121,3
437963.9017,-177999.4488,3
438540.5131,-286911.3534,3
436275.3132,-250290.1708,3
438163.4308,-255089.7649,3
438942.6652,-229160.0733,3
439078.4384,-175218.4045,3
439242.607,-228975.4875,3
438783.6615,-227439.0893,3
439246.6913,-335062.8875,3
437389.6128,-230726.3651,3
439078.023,-234163.7421,3
438875.8757,-154946.0946,3
439773.2993,-336990.3185,3
439759.6289,-336345.4458,3
437915.6417,-24572.3206,3
431095.9286,-242624.2249,3
439373.6398,-244122.548,3
439993.6837,-23280.457,3
440116.2179,-227120.6363,3
440253.2097,-109178.6706,3
439715.2791,-253741.5378,3
440685.0366,-109155.1335,3
440682.0135,-108614.1937,3
440774.3799,-44802.2133,3
440865.0573,-109149.7931,3
439956.4888,-170831.4326,3
440792.8907,-158598.0516,3
440974.1064,-335184.1527,3
440416.4518,-229024.12,3
441144.6078,-169009.8503,3
439840.6633,-43087.5276,3
440540.8223,-232225.2559,3
441207.6604,-97240.8464,3
440701.9855,-16717.3908,3
441614.9582,-17384.323,3
440878.7649,-242499.1941,3
441505.3751,-109154.1146,3
440804.535,-20930.3548,3
441533.1004,-51961.2947,3
440652.5983,-42069.0781,3
437375.7439,-54981.8431,3
441931.656,-68688.066,3
442159.3101,-173246.7603,3
442531.1557,-108404.719,3
442230.1542,-293011.5978,3
442040.0766,-230570.8569,3
442477.5772,-255198.1484,3
442080.8307,-257463.875,3
442195.1817,-234059.1877,3
442512.0626,-247351.6488,3
442672.9719,-250542.1912,3
443700.877,-160866.4529,3
444101.1392,-227201.5286,3
443211.0198,-162218.4903,3
442510.1147,-238738.2464,3
444073.9428,-245701.4072,3
444566.6558,-319504.4804,3
444186.4098,-248889.7672,3
444775.6333,-234964.6287,3
444303.6161,-251471.7762,3
443145.8778,-172538.9459,3
444726.1856,-208007.4866,3
445411.654,-230052.2222,3
445729.0359,-206419.4822,3
427613.3108,-197854.5535,3
445425.5982,-233510.292,3
445438.7008,-237573.0035,3
445393.4142,-240695.0641,3
445634.1102,-244031.9054,3
445832.6107,-254285.7973,3
445726.1307,-247235.0812,3
446478.7498,-242384.0442,3
446567.8044,-245573.3297,3
446834.724,-298602.598,3
446044.589,-317827.1845,3
446828.3455,-259846.5958,3
446205.4692,-251624.4813,3
446458.6062,-316121.4,3
447144.8703,-298814.5484,3
446995.5411,-299565.5152,3
447193.835,-328899.9957,3
447186.0404,-297580.0319,3
447586.901,-299376.5172,3
447671.9587,-299535.1904,3
445682.5965,-307691.2453,3
447719.6863,-316587.9292,3
444732.7846,-340677.3009,3
-601901.4475,288967.7245,1
-596381.8392,281401.0218,1
-595489.7472,288692.386,1
-589597.5384,283112.0413,1
-588441.4312,282691.7659,1
-583701.2298,369542.6799,1
-585903.8598,324262.5087,1
-580768.5068,288919.3235,1
-579215.138,371408.0983,1
-579341.1736,372703.2155,1
-576818.7394,371471.7502,1
-576815.0338,290821.2981,1
-568894.5785,292397.2819,1
-567375.7395,289687.9693,1
-567061.7899,287672.4125,1
-556291.2998,264751.5403,1
-555990.6816,263679.3914,1
-550487.3758,268732.1942,1
-551105.4492,270151.1682,1
-550028.4424,293174.6185,1
-550552.369,267414.7219,1
-580317.9178,365500.494,1
-568165.924,357687.7014,1
-550881.8849,280902.4616,1
-553942.8824,260071.878,1
-545711.9119,277783.5184,1
-545486.5162,269756.2855,1
-544518.1065,278937.0353,1
-544870.4272,281648.5766,1
-544190.7711,282716.5419,1
-544077.095,271531.5381,1
-542865.7946,270545.3568,1
-542685.63,284715.9822,1
-542123.1178,284227.4964,1
-540114.4343,266976.6911,1
-539051.6452,267836.3181,1
-538739.8894,267961.736,1
-540957.1937,278190.7865,1
-534323.2405,271338.6117,1
-534322.4927,270973.3747,1
-534952.8613,273305.9068,1
-533357.6421,272018.5125,1
-533503.7428,271153.6373,1
-533813.8693,263283.3641,1
-534451.7733,260884.3868,1
-531011.3448,243178.1889,1
-531366.3907,260244.6215,1
-530216.5912,275008.5855,1
-532336.8738,265599.2302,1
-527496.2911,259157.1466,1
-526815.4971,257136.7152,1
-524376.0345,256694.3915,1
-512411.2146,259722.0078,1
-515294.8745,355501.4659,1
-510264.9802,256178.711,1
-515485.4552,256277.7111,1
-523417.2926,256892.1209,1
-505151.5865,261151.5466,1
-512448.27,350004.0646,1
-501627.2704,363368.0679,1
-502186.4006,262611.1428,1
-497188.0579,221009.5198,1
-496998.8586,221133.9299,1
-496721.6507,220849.0931,1
-494875.4743,222697.874,1
-494627.315,269479.0626,1
-488511.8543,251188.5351,1
-488479.8928,251051.9314,1
-488447.5549,250913.4744,1
-488415.205,250776.3231,1
-488320.747,250626.3248,1
-487550.2195,250323.996,1
-487516.932,221267.5629,1
-487219.2299,250258.8708,1
-492228.1012,356108.6531,1
-485457.6959,347916.7295,1
-485574.331,349826.9632,1
-485724.6411,266682.5415,1
-484991.5363,349270.0201,1
-483644.6257,261384.2894,1
-483639.336,261644.2356,1
-483694.8773,262348.0667,1
-482871.1455,260409.6798,1
-483171.0873,252906.0806,1
-482697.7824,260905.0696,1
-482409.6547,263643.5002,1
-482126.0911,265312.0338,1
-480321.6171,264854.2642,1
-480237.0557,264355.7968,1
-480141.158,242602.8555,1
-480319.0989,265458.6114,1
-479134.2243,265593.4299,1
-478719.4814,265196.0149,1
-478191.6459,215557.4331,1
-476637.7912,258482.2949,1
-476428.6523,247396.8274,1
-477347.8741,257189.2163,1
-476569.863,281207.2571,1
-476621.8443,247646.5711,1
-475766.8325,209851.7592,1
-475817.9956,258976.5641,1
-475848.1254,245869.594,1
-475209.3471,273963.864,1
-475139.2306,261790.2984,1
-475543.4023,209888.0943,1
-474980.1991,261963.8297,1
-475355.4325,261547.9691,1
-474800.4073,262320.8038,1
-474838.0147,263943.346,1
-475744.9613,278754.6294,1
-474030.1753,261137.0442,1
-474001.1915,275629.7076,1
-473667.5007,263582.9077,1
-473447.3545,263151.0605,1
-473442.9533,263002.9182,1
-473131.8007,258801.7462,1
-473799.9526,237918.2809,1
-472257.1885,262148.9676,1
-471742.7375,273760.137,1
-472786.808,271820.0668,1
-470378.6794,272350.6556,1
-470322.1742,273442.4303,1
-470303.5028,273992.0011,1
-470480.5761,291788.1312,1
-470348.119,292498.9867,1
-471228.7032,288380.5814,1
-469456.0815,231645.1485,1
-469310.757,273326.6518,1
-466958.2342,274807.6811,1
-466086.122,253870.6522,1
-465982.2467,231661.017,1
-465740.7527,206853.1332,1
-462667.5994,229174.0191,1
-462676.3809,228559.7974,1
-462445.6804,281993.0304,1
-462580.089,259656.7905,1
-461573.0024,222047.9578,1
-460996.6281,248639.549,1
-460474.9444,228335.2452,1
-460470.2716,268671.0316,1
-458580.4369,276965.7671,1
-457737.4134,235901.4832,1
-458384.0141,232419.695,1
-456452.4901,242840.0013,1
-456262.3347,236693.9201,1
-459433.5714,259628.3617,1
-456472.3931,216669.7792,1
-455916.2986,234091.9146,1
-455539.8033,220709.4643,1
-460099.0712,265754.7344,1
-451787.7538,268572.6678,1
-452233.2898,221422.3622,1
-451013.8842,280107.241,1
-451024.4566,267066.511,1
-449941.6447,277378.2638,1
-451471.9166,200100.471,1
-449376.6458,275569.3049,1
-449408.2848,265759.8697,1
-449305.8392,191976.5003,1
-450130.2593,300090.5997,1
-448578.9754,264462.397,1
-446489.09,312829.6744,1
-446466.0937,235726.2173,1
-450157.0614,308211.1875,1
-446962.5724,271674.9515,1
-445338.7033,233706.0614,1
-445421.7588,269999.3708,1
-446858.6541,314440.6101,1
-444806.4583,282225.3484,1
-444694.5249,235976.4299,1
-443284.0208,265284.5286,1
-442695.726,236008.412,1
-442142.6871,248696.5712,1
-442086.4451,236892.7917,1
-441801.3279,261546.1188,1
-442045.4094,249670.6152,1
-441741.2695,262959.3546,1
-441779.8973,320728.8871,1
-441154.4993,182720.9304,1
-440863.3638,231541.5542,1
-441244.1183,238035.0141,1
-440709.5814,240686.2195,1
-439495.6515,240724.2438,1
-441339.354,315459.7114,1
-438631.6664,240163.0446,1
-438386.4262,201024.9352,1
-433365.6787,267496.9556,1
-433116.6324,264123.1766,1
-433199.7717,265097.6812,1
-432122.1801,264283.6103,1
-432582.0396,267403.9054,1
-429945.5495,267408.3255,1
-427993.347,339117.7663,1
-425197.3775,89780.5262,1
-425710.341,226599.12,1
-425041.0215,89911.3358,1
-424310.3182,91856.304,1
-424042.9086,242565.1383,1
-424737.7292,240578.8693,1
-422836.8695,237477.19,1
-422601.9535,241243.4437,1
-421277.7586,240723.5579,1
-421405.6553,93716.5701,1
-419668.2923,94938.0693,1
-419243.3049,100190.3348,1
-419185.5791,100546.0334,1
-419980.5325,240003.2457,1
-418882.9526,101369.2314,1
-418111.2589,97747.8765,1
-418174.6075,98217.6647,1
-417694.0357,97092.7546,1
-416112.5446,105581.1687,1
-416157.9273,91962.6804,1
-413764.6015,107738.7985,1
-413555.6518,107838.7348,1
-413547.6859,107894.3929,1
-413576.1988,108049.1982,1
-416220.4923,81209.5358,1
-411875.429,94978.913,1
-411308.6188,103546.8836,1
-409804.3072,102600.0825,1
-414655.7201,327867.5075,1
-409555.1809,99818.7902,1
-408235.8784,83978.2497,1
-408208.4921,84151.1504,1
-408118.111,326057.7528,1
-408118.0328,84054.7526,1
-407447.8477,87570.1754,1
-406262.3407,94186.7843,1
-406091.5172,87941.2888,1
-405954.1234,96454.2914,1
-413774.9836,74063.0838,1
-406628.7608,83878.3779,1
-405153.5766,63561.7605,1
-403439.3372,102058.0278,1
-403199.1129,105015.7816,1
-403055.1529,106072.2408,1
-403424.4382,89915.5753,1
-402104.1152,98906.5935,1
-401941.8592,117422.873,1
-401753.8336,116846.5089,1
-401569.2655,64627.0181,1
-402693.618,90436.9068,1
-404327.0546,87371.9645,1
-402668.0466,49297.8533,1
-400690.6991,253581.0596,1
-399994.1014,116796.0175,1
-405695.3642,63343.9905,1
-401725.2784,63899.3498,1
-400448.257,64454.5358,1
-399881.0254,116687.9003,1
-399849.141,42046.0372,1
-399541.1888,314726.9256,1
-399529.5058,315537.1885,1
-401259.2822,46521.9274,1
-399890.8715,110461.443,1
-398643.3848,143716.5365,1
-397985.8529,67159.1838,1
-397861.4722,8779.0143,1
-397716.7982,146136.0535,1
-397706.3481,241831.2775,1
-397166.7547,9171.171,1
-396663.5935,147941.0533,1
-396132.1406,74121.2561,1
-396362.8504,67823.1737,1
-395894.7354,14770.6416,1
-399193.9471,98990.3257,1
-395763.3996,15636.0554,1
-395873.4119,140347.3523,1
-395714.2932,301396.4138,1
-396104.7665,74863.9606,1
-394521.0638,297878.9585,1
-394092.4839,296266.5507,1
-394720.5662,132181.7171,1
-394295.3462,71275.7646,1
-393903.901,135856.7213,1
-393433.0631,135088.6055,1
-394486.4722,74179.2376,1
-394628.7902,254743.869,1
-388210.635,233305.8255,1
-386273.8281,190494.8398,1
-385222.0879,177909.1945,1
-385313.9029,178544.8276,1
-384863.3513,180962.7924,1
-384294.6287,179283.77,1
-382594.1371,170851.0304,1
-382577.4309,171205.9118,1
-382611.0083,172659.9451,1
-382420.9698,171547.5342,1
-381352.3406,-13039.4581,1
-381039.5312,-12606.0217,1
-380183.2224,-12316.4272,1
-378378.4242,-16256.8536,1
-376087.3942,-40881.3683,1
-376463.6745,-17176.2344,1
-375647.6372,-44370.431,1
-371312.9115,153636.19,1
-370739.6443,-41684.5772,1
-366765.1624,151800.1524,1
-378712.2574,-11259.9479,1
-364647.8095,148909.3836,1
-363458.5718,144211.6273,1
-363047.1583,140408.4287,1
-363810.7634,-25138.0282,1
-362204.541,-29582.9071,1
-360814.9885,133178.0295,1
-361104.9689,-28672.4055,1
-361872.1963,-37526.3646,1
-360220.4781,-37296.1385,1
-350435.6078,-25781.2554,1
-350231.0584,-35466.616,1
-350458.8271,-38645.9196,1
-341909.2971,-52779.698,1
-339018.2752,33876.432,1
-337893.3918,26557.3736,1
-336139.4509,94208.0919,1
-326575.0579,-49512.2047,1
-325157.787,-53316.8233,1
-338206.6958,-34296.3109,1
-323085.0899,-57047.6775,1
-325384.1901,-48846.5279,1
-322848.6813,-51999.9407,1
-321588.2049,-50883.6372,1
-321440.0643,164823.4522,1
-322482.5745,127330.146,1
-319890.5431,145356.5723,1
-320473.6003,165439.0055,1
-319621.2498,-54901.193,1
-319576.3451,128672.6815,1
-317733.0569,-60256.6949,1
-310776.8373,106627.8592,1
-316480.4488,172806.2453,1
-309608.5622,-59346.9302,1
-302501.9565,179387.342,1
-301778.2565,-61374.8519,1
-301256.189,-59661.224,1
-303845.8449,108478.6967,1
-296307.4693,183791.3642,1
-287400.2532,108133.1821,1
-287010.0063,108169.9292,1
-287007.3113,108334.4556,1
-287376.7095,189948.6196,1
-285649.1051,108786.3164,1
-283111.2742,-56543.7148,1
-280067.9683,184986.0617,1
-279378.2764,185202.7928,1
-277301.1116,185922.6896,1
-272755.6086,187581.3182,1
-269473.7181,-63287.7605,1
-265153.2111,-32503.4127,1
-261688.6257,-39166.4668,1
-261649.9733,191559.5326,1
-261454.3368,191914.3432,1
-259214.0307,192295.8715,1
-319381.7306,-48393.134,1
-305645.7611,-59497.0469,1
-292519.9846,-76206.7159,1
-286602.2041,-80867.4892,1
-251226.3154,192388.4859,1
-229485.58,188494.3814,1
-227612.2446,-80171.9485,1
-216378.7967,93852.5824,1
-214838.4738,90899.5667,1
-214041.0247,91233.5145,1
-213691.5171,90250.6523,1
-212633.946,88886.9802,1
-212297.6844,88277.85,1
-211855.1488,86701.212,1
-221859.3189,-79829.6608,1
-211352.8143,182915.131,1
-210900.6602,87098.2662,1
-206116.3764,-98976.9519,1
-202527.1818,89529.942,1
-202500.045,90352.7045,1
-201752.5369,-103941.6711,1
-193490.8473,-111499.7566,1
-197519.424,-100666.5738,1
-191680.9279,-114232.1191,1
-189552.5507,-118830.256,1
-186307.1365,-119718.1639,1
-184353.7509,-108013.7925,1
-184921.9299,84414.3715,1
-183086.3408,84949.2551,1
-216888.3935,86943.9409,1
-182739.4662,87623.8738,1
-180954.7487,88800.9879,1
-181045.3873,-120881.4021,1
-180521.3436,88268.2051,1
-179545.7639,-122579.1597,1
-178584.8865,84747.9736,1
-177831.0274,88317.484,1
-178124.0826,84106.067,1
-177146.0359,82191.4932,1
-176585.052,83406.0082,1
-176611.5492,81943.3744,1
-176099.7733,76593.0642,1
-175726.6146,76095.9601,1
-176726.7173,-125279.4389,1
-175379.2449,75636.9787,1
-173548.7964,-128675.2015,1
-172246.3918,77919.9607,1
-172317.0546,-119312.5324,1
-171350.3557,78235.2745,1
-171085.6659,-120699.6798,1
-170066.3007,80025.1068,1
-169688.0209,79348.1171,1
-169665.0471,75649.9963,1
-168739.5825,74522.2384,1
-168774.7784,74710.1198,1
-173823.8552,81689.2493,1
-167652.2145,74567.4671,1
-167440.9653,74354.0893,1
-167277.5721,73376.0081,1
-178415.1824,87532.1549,1
-164387.8727,70796.3161,1
-164036.7665,71541.9006,1
-164253.5097,70579.2026,1
-162161.4469,71690.098,1
-161685.1573,69369.6702,1
-161549.1571,69735.1379,1
-162833.8905,72953.5977,1
-161717.1401,68571.0053,1
-161564.5224,71205.426,1
-165779.6179,187494.9163,1
-161118.6004,-129389.8066,1
-160383.7608,67994.2351,1
-159069.4992,68513.8762,1
-157982.2791,64233.4585,1
-160148.2081,-129157.0557,1
-156633.6723,67834.4012,1
-159032.0534,-141322.0576,1
-155719.9913,67403.3725,1
-154793.5138,-133031.733,1
-153789.3759,-173079.6712,1
-155098.4907,-147404.4027,1
-153687.4578,-133816.4335,1
-150450.7575,-137457.4406,1
-149382.371,64522.0068,1
-149746.1354,62680.5653,1
-148455.5902,60059.232,1
-146796.5435,61444.1713,1
-147023.352,62419.0297,1
-146559.8648,58505.4678,1
-144219.8928,60446.5657,1
-144420.1973,58435.5878,1
-142772.2728,-142130.4143,1
-136678.4187,52427.8326,1
-137707.6328,-143361.2705,1
-144569.548,53993.7822,1
-138780.0873,54057.8867,1
-145401.3191,53485.9374,1
-135162.0376,-150039.3475,1
-133850.3273,-123736.8774,1
-133970.9933,-153451.6532,1
-130546.2049,-154368.6182,1
-131633.644,-132675.3716,1
-129268.612,-154735.9395,1
-129698.2676,-154252.9085,1
-131693.7881,-126787.4395,1
-128112.5222,-137628.9472,1
-125864.1542,-155354.5069,1
-126238.5454,-154328.8121,1
-124151.2121,-148281.761,1
-124214.9219,-147341.3046,1
-123358.7914,-139033.0568,1
-123640.7755,-153239.9506,1
-122549.7141,-147206.2108,1
-122392.1814,-138760.9501,1
-116828.8202,-160809.2572,1
-131288.2277,-121451.9399,1
-115078.7509,-139238.658,1
-114441.5356,-159045.5626,1
-116906.9015,-152212.4164,1
-112552.1424,-172852.2354,1
-112559.0924,-172477.2198,1
-112060.9852,-173721.2367,1
-114690.9904,-158379.5665,1
-110830.2263,-180749.8828,1
-110970.3435,-193414.7832,1
-108323.852,-180840.4872,1
-106825.0637,-179913.8766,1
-108498.5888,-195770.819,1
-114808.7396,-127589.1522,1
-110044.364,-144606.5722,1
-112727.1607,-160577.5157,1
-106608.2498,-142318.1008,1
-109522.5278,-173441.6864,1
-106694.4838,-137164.1388,1
-113500.9014,-128966.6416,1
-102186.5685,-139055.7743,1
-96968.8909,-141598.0426,1
-95511.3903,-205408.5403,1
-95435.2982,-143686.1274,1
-93915.7286,-150404.0301,1
-93636.5888,-143746.1918,1
-91990.6948,-142602.8592,1
-91711.3206,-142130.6946,1
-90703.5041,-140934.6784,1
-113482.8045,-187190.1725,1
-112345.0633,-174935.791,1
-105479.5844,-178528.9462,1
-89368.4148,-161768.6695,1
-89396.3264,-148801.4213,1
-90689.9053,-159316.8714,1
-89164.1236,-148182.3519,1
-87118.6675,-162978.9703,1
-80419.3425,-182724.1818,1
-82500.4975,-209455.8346,1
-76782.9191,-154877.001,1
-77511.2887,-184800.5901,1
-74721.858,-188696.4631,1
-72877.9981,-158202.3161,1
-72523.5428,-187867.2241,1
-71919.4887,-188699.9265,1
-70932.9636,-191703.7618,1
-68075.4531,-200012.5054,1
-62083.887,-201753.3946,1
-66019.7528,-213831.1925,1
-70649.7191,-198641.2706,1
-329138.7795,53698.0472,1
-99335.7413,-93338.5775,1
-247063.2573,-8352.9087,1
-55599.252,-165786.3404,1
-49108.27,-169661.4816,1
-47669.5927,-169688.2861,1
-54288.6882,-205784.2421,1
-42924.6995,-213800.2085,1
-41303.4996,-164354.594,1
-40313.0253,-157102.883,1
-40104.01,-165371.5212,1
-41310.9001,-123727.8078,1
-37648.9027,-129553.4066,1
-37198.4971,-168893.597,1
-36046.1432,-213935.3844,1
-43146.4413,102672.6311,1
-34035.5348,-212401.2585,1
-39318.3551,-155245.9534,1
-29137.5413,-186132.5296,1
-28184.5621,-165912.4348,1
-22236.0864,-166072.0654,1
-21284.8369,-166456.2285,1
-17163.093,-174375.8983,1
-16693.8259,-175104.0093,1
-14351.5736,-177246.9379,1
-10653.9273,-222442.6402,1
-10541.0175,-216266.9457,1
-9601.9701,-220281.6648,1
-9066.6785,-233511.669,1
-8740.2097,-217436.8091,1
-8060.4271,-217914.4916,1
-7934.9245,-218076.9445,1
-7424.6331,-170275.2587,1
-20490.1276,-147031.9998,1
-5974.5907,-198313.1219,1
-5344.1024,-218692.7662,1
-4683.4492,-184600.8997,1
-4685.7303,-223773.3428,1
-3660.7154,-225661.6193,1
-2994.6512,-186111.8329,1
-2470.1457,-185933.9319,1
-2098.1759,-226541.5785,1
-858.9698,-228306.2187,1
-837.3084,-162677.5577,1
-427.5049,-223848.5286,1
-178.9664,-171554.2061,1
292.9954,-171900.0919,1
934.3265,-171958.8638,1
555.8277,-170629.6689,1
737.5203,-221686.5819,1
3058.8247,-188647.3303,1
3089.576,-173040.4058,1
3340.0436,-177721.1127,1
3702.2752,-197356.3617,1
6243.8951,-191991.4105,1
6383.3738,-219099.0861,1
10079.739,-185413.5346,1
11462.5954,-226698.5363,1
10260.0606,-185139.1407,1
11894.3584,-227030.9438,1
12921.43,-222274.3133,1
13097.729,-222493.1269,1
13407.8951,-218574.1841,1
12171.5041,-218801.4117,1
13819.411,-221786.9928,1
14692.4639,-222563.1881,1
14335.4573,-219635.3172,1
14927.9146,-223981.8984,1
18239.0531,-186359.1195,1
18434.9979,-187318.8934,1
19996.7324,-188057.6283,1
20808.9926,-188982.062,1
21001.667,-196478.5815,1
24568.172,-188760.772,1
24611.3964,-188627.7276,1
25204.5745,-223469.0325,1
25636.2076,-224056.0206,1
25642.9747,-188659.1126,1
26495.2974,-229164.8113,1
25884.8941,-224424.5732,1
16702.0207,-214208.3464,1
27914.1938,-226224.3549,1
30515.4092,-218438.5533,1
30916.0712,-182253.0748,1
32219.461,-174881.0762,1
33137.3472,-218214.0746,1
33650.5126,-172897.2389,1
33917.9538,-211930.7558,1
32968.1912,-175618.0765,1
33857.5935,-213558.3244,1
34653.2844,-174431.6546,1
34519.0009,-172107.7117,1
31261.6994,-227729.583,1
35648.704,-231558.9256,1
35599.2295,-216040.654,1
25123.7535,-194770.1404,1
28783.1667,-189265.748,1
41129.3645,-175874.534,1
41805.7627,-173840.5971,1
41919.9543,-173882.8715,1
42176.9223,-205318.4045,1
34371.405,-225074.4785,1
36178.6689,-218954.98,1
42923.8522,-205695.9699,1
43216.2457,-248474.1976,1
43795.038,-206107.9984,1
43941.8989,-249641.7219,1
36037.4383,-204959.1657,1
29285.6887,-205450.9686,1
45223.5441,-206986.6131,1
45147.6663,-251065.6277,1
45289.2489,-207567.1491,1
45786.9255,-251935.807,1
45811.0605,-221460.4104,1
46146.1232,-209001.6385,1
47143.6379,-209490.5566,1
47458.0839,-210195.3287,1
43660.5574,-220624.7886,1
47672.061,-209689.6164,1
47741.7894,-210295.5693,1
47860.8176,-222286.5661,1
47831.5022,-231729.3237,1
47238.9131,-207254.2983,1
48304.968,-221982.2666,1
48182.869,-224339.3892,1
48653.5846,-211030.6419,1
49306.8031,-222611.8469,1
47863.4037,-235141.5426,1
49968.4931,-211419.8859,1
50399.7237,-230881.9584,1
50337.1916,-211982.4264,1
50100.4862,-225503.4572,1
51675.1009,-212300.6783,1
52524.8161,-210291.0328,1
52560.8447,-229266.0098,1
52322.8898,-229144.9911,1
53121.474,-212999.1761,1
53606.6098,-229094.7382,1
54338.4173,-214128.6384,1
54607.6319,-214368.4109,1
55092.717,-231093.6891,1
55104.7769,-215797.7822,1
53332.46,-252805.0724,1
55065.716,-232655.5405,1
56392.4732,-253025.9807,1
56521.0623,-247516.6501,1
57237.5971,-216619.772,1
56223.5556,-237824.2623,1
57451.085,-252838.6803,1
58892.7046,-217072.2509,1
59403.2687,-217473.9856,1
59805.0699,-217767.0635,1
60754.4287,-218275.1123,1
60685.5511,-216769.5515,1
25068.5113,-229384.2082,1
13833.4854,-227894.754,1
61718.8623,-216771.5285,1
57657.2223,-249226.0183,1
49436.8709,-206297.1998,1
62826.1979,-220113.131,1
64232.6857,-223149.9213,1
65239.2745,-219610.3734,1
66215.5292,-222252.5549,1
66713.0108,-224189.4067,1
67677.0273,-224713.753,1
68409.4282,-247284.5938,1
67149.3304,41803.7488,1
69870.4525,-247209.0582,1
70873.4313,-94494.3343,1
71337.9326,-94657.1037,1
71489.5669,-94710.2241,1
71565.5933,-94736.8212,1
71651.1188,-94767.1284,1
69427.9776,-251482.3094,1
71943.1651,39895.6856,1
72405.4785,-249706.9237,1
72888.635,-95194.878,1
73833.3043,-253984.5409,1
73760.1333,-242194.7542,1
74724.0372,-255138.787,1
75064.2875,-257157.6159,1
75853.9096,-256070.0205,1
74495.7825,-251882.1662,1
72911.1575,-250613.8622,1
76977.177,-253317.6351,1
76770.363,-255945.0007,1
60965.4198,-240291.6924,1
73488.3888,-248551.1574,1
78348.4948,-101987.3953,1
78380.237,-256927.8285,1
78926.8871,-246443.2062,1
79165.992,-72789.9839,1
79285.1704,-73397.9471,1
78588.3717,-247570.5317,1
79334.7026,-65469.8646,1
79097.5639,-257345.6449,1
80802.4037,-72258.0368,1
81206.4778,-249894.1757,1
81415.9168,-253647.9647,1
81542.2257,-259657.4958,1
79790.3444,-246581.0224,1
80340.5808,-66854.6095,1
82960.6621,-255152.3526,1
84215.7482,-256731.0962,1
85144.7697,-257707.7256,1
86133.0781,-256277.2342,1
89054.0213,-261176.0635,1
93125.3452,-262248.7612,1
93821.3571,-262506.8463,1
94255.9515,-262769.1761,1
94742.1048,-261178.7748,1
96462.9116,266.0065,1
100576.4144,858.1992,1
101198.5375,-91512.5606,1
105247.2133,-318952.6444,1
102478.733,-225927.8142,1
105246.6912,-95286.5202,1
104864.1696,-224256.4915,1
106692.8919,-229571.7524,1
107522.842,-233458.7615,1
111092.1686,-244486.5029,1
111844.0831,-250371.7615,1
113370.7797,-10451.8068,1
114462.6453,-242614.9508,1
115045.4069,-252110.0354,1
114953.6029,-237749.3477,1
116087.7915,-271602.0947,1
106468.172,-319294.2348,1
106621.5921,-322418.6231,1
117851.1092,-254818.9525,1
120245.2669,-255049.3747,1
123860.7711,-255613.5525,1
109672.0886,-226338.5454,1
128146.5954,-277338.2738,1
127562.7797,-250666.1376,1
128245.7777,-248620.7749,1
132825.5384,-278546.7138,1
134698.8401,-249000.7028,1
110415.5078,-267572.6424,1
125261.1106,-273121.8185,1
134786.0444,-278227.5187,1
131755.3486,-255964.044,1
136760.5637,-276688.5609,1
141713.0612,-276800.7852,1
142551.3963,-277853.1442,1
144605.357,-12610.7459,1
144305.7783,-279027.1934,1
147324.0704,-10109.9817,1
147875.0775,-277860.1095,1
149732.637,-266945.2407,1
153612.3817,-269898.8462,1
-134143.5641,50114.4371,1
-119797.1836,27335.979,1
-118800.4128,26795.02,1
-118935.9921,27231.0107,1
-113457.7441,22316.3066,1
36718.7042,-66996.9877,1
37199.5051,-82102.3823,1
39867.5602,-71416.1665,1
45289.2072,-71312.7547,1
51541.7093,-75646.3844,1
52753.1412,-93093.4925,1
53502.9971,-95954.7967,1
73042.2705,-88177.402,1
73057.5226,-92197.0637,1
97506.5406,-95831.7749,1
99216.027,-94059.7925,1
7205.3372,-75647.9798,1
138797.8444,-275764.6654,1
144629.0628,-266184.1795,1
157420.0753,-287824.1161,1
153952.4007,-269045.4732,1
158228.9998,-285820.2239,1
159127.9865,-289446.6324,1
160753.915,-132187.3063,1
162719.8539,-131520.9402,1
159826.7206,-324155.4977,1
163036.1003,-328207.3605,1
155515.0041,-284374.7439,1
158639.7593,-285083.4412,1
164094.3222,-326291.6993,1
163968.6038,-290092.4118,1
160552.7799,-289386.6872,1
165838.1728,-286546.1288,1
167200.8434,-327176.7488,1
167356.6727,-327142.1507,1
167610.2988,-129381.3801,1
167749.03,-326754.5578,1
165010.8134,-325006.931,1
165161.2532,-325038.5157,1
166088.5235,-326664.0801,1
168342.3047,-130476.8559,1
166820.1715,-327240.6326,1
168581.0308,-131232.4033,1
177683.2127,-142914.4976,1
197818.3535,-275224.6034,1
199622.7303,-40754.818,1
201541.0162,-199395.802,1
161323.4002,-191988.583,1
202037.1497,-280028.3339,1
203134.8138,-274062.5184,1
205071.4744,-279087.6983,1
205389.6911,-280272.9,1
205547.843,-275495.1625,1
206864.9195,-188160.9069,1
205709.9094,-278249.8703,1
206376.9134,-277804.9375,1
209367.5807,-172015.5582,1
209696.694,-188651.3948,1
210537.966,-188967.1004,1
214016.6175,-77803.9911,1
214589.5638,-78039.851,1
214488.2217,-77721.9253,1
200421.9591,-161629.5772,1
199282.8813,-16521.7791,1
236449.6603,-5629.0213,1
246542.0964,-187354.5835,1
218817.9923,-191903.6961,1
244737.5336,-184305.5047,1
256016.7758,-104528.103,1
259622.616,-18575.8428,1
265288.9849,-56181.5775,1
265704.0158,-190899.2357,1
266505.639,-184818.801,1
266775.4427,-194422.4685,1
267491.3032,-185190.4142,1
268444.1227,-56533.7235,1
265714.1484,-41508.9315,1
270878.6796,-193408.6707,1
268534.7303,-51479.2233,1
267776.6697,-53717.1004,1
270377.1709,-52997.0642,1
270813.647,-186766.5396,1
273740.1169,-198372.6902,1
274210.125,-189565.8408,1
278609.3277,-346381.6773,1
279021.398,-205782.1485,1
282410.7366,-347950.1723,1
283682.6206,-348703.4324,1
284898.0533,-348707.8509,1
287302.3155,-352475.0916,1
290553.3749,-350165.0541,1
292630.4075,-368171.6656,1
294140.9196,-349591.3014,1
295048.663,-349881.6899,1
295409.5292,-349791.1156,1
295292.0749,-350516.7758,1
295261.6062,-351122.8975,1
295988.0945,-352487.1582,1
305344.2853,-354612.213,1
298954.3986,-356183.7464,1
302939.1128,-356000.944,1
309356.9902,-350075.5307,1
309436.122,-350875.542,1
310061.599,-352662.4251,1
310085.6712,-349956.3513,1
308764.5412,-355610.6253,1
310271.6489,-350011.9704,1
310430.3862,-351844.4674,1
312957.2199,-350002.4376,1
315367.6498,-346780.0773,1
315009.2683,-345781.6045,1
318099.4459,-344572.732,1
322358.3597,-342318.6595,1
324114.5639,-343048.8662,1
324208.1451,-342063.1103,1
324911.1842,-336763.9364,1
325511.8861,-337011.2748,1
325801.1638,-336927.9204,1
326002.4831,-337184.7794,1
326010.9242,-337194.4659,1
325750.2406,-336129.7828,1
326123.7411,-337601.7351,1
328910.8042,-342566.4558,1
329772.9334,-344135.2995,1
332325.6548,-109440.9483,1
333446.3604,-119703.3442,1
334235.5429,-116922.3254,1
333283.2218,-344992.9643,1
335436.5281,-116745.2398,1
335735.339,-112591.6711,1
336556.721,-345183.4116,1
338079.7469,-128487.4831,1
339617.6177,-111595.3328,1
338265.5271,-126769.0165,1
343135.4705,-127306.6445,1
343975.3252,-113757.1631,1
344653.2902,-126994.8457,1
343910.2612,-123983.7744,1
351957.9271,-4014.7504,1
348691.1975,-2279.2654,1
355841.7252,-41013.1325,1
346600.607,-81660.2728,1
338189.1066,-346090.0962,1
344304.588,-345996.7771,1
345427.4854,-346602.2009,1
346540.4343,-347805.272,1
369825.621,-194309.1003,1
354530.5976,-81210.6854,1
381874.2105,-199436.3728,1
382604.0308,-198490.8286,1
383568.233,-237934.1269,1
385232.0056,-40895.499,1
384812.182,-40709.7152,1
383990.8182,-46679.5894,1
385790.4014,-65446.9563,1
387518.663,-46988.8312,1
387312.8163,-43864.8642,1
395676.6105,-3871.7922,1
395663.3314,-236338.6469,1
396044.4175,-4898.9948,1
398255.0975,-8317.3862,1
401833.0324,-237379.2081,1
402866.4661,-237373.4837,1
403670.6578,-240919.3775,1
411309.3171,-221379.2434,1
413693.4499,-218600.5552,1
414045.0592,-209943.9682,1
414834.2962,-216973.9792,1
421279.013,-117039.3821,1
421959.2408,-113676.3625,1
426123.0825,-166050.631,1
419696.116,-167638.4391,1
427622.6081,-162802.1825,1
418676.4137,-216339.7378,1
433478.9324,-170304.5274,1
438924.4951,-168466.8683,1
441675.6799,-27264.6978,1
429573.2921,-7725.5792,1
422596.4199,-345695.1858,1
423512.8543,-349493.2829,1
433747.0426,-345185.1794,1
441407.7379,-348887.3604,1
435987.9162,-132936.5441,1
441171.8023,-129419.7549,1
442677.9187,-132637.7326,1
444307.6977,-349199.0322,1
-600203.0493,287731.0011,2
-596295.5452,281563.4329,2
-589457.421,283526.8049,2
-588729.4555,365826.7768,2
-581381.1507,287259.7677,2
-580731.8791,288256.4169,2
-575932.0436,290931.8619,2
-575116.4121,290585.9434,2
-574218.3829,290189.1134,2
-572825.4795,365392.4561,2
-568959.922,292361.0955,2
-588777.6152,365837.8635,2
-587546.386,366608.7951,2
-587535.8295,366667.6876,2
-587515.4968,366691.5796,2
-587456.3156,366745.4379,2
-587378.4788,366781.146,2
-587259.1986,366783.5387,2
-587099.8792,366690.7732,2
-587052.8175,366619.8415,2
-587042.9287,366595.8034,2
-585607.7516,366024.8945,2
-580322.0303,365502.9609,2
-567644.4889,286276.1244,2
-567328.9478,289245.1066,2
-555091.8996,258560.7141,2
-555362.2351,264802.246,2
-553183.2581,264738.7705,2
-551276.545,270990.6721,2
-551966.7415,269961.6399,2
-551888.7279,257870.6304,2
-549385.752,258367.1132,2
-551736.5986,265800.0859,2
-548465.5546,259010.6487,2
-547603.1739,294320.8992,2
-547933.7011,289741.1001,2
-544635.6161,272938.2782,2
-546940.6584,292161.9327,2
-543869.0441,270991.7306,2
-543280.1474,270632.1302,2
-541773.6899,277922.1865,2
-540789.3077,276011.8948,2
-539964.2918,268410.5074,2
-539055.628,267736.2362,2
-538872.4901,268701.9354,2
-538834.3771,276614.8639,2
-535093.1246,269921.809,2
-535077.0682,269469.1744,2
-534947.644,269277.1134,2
-533514.8964,271628.5399,2
-533712.9063,271279.6812,2
-533136.7581,272015.2801,2
-533048.6517,265110.0502,2
-532549.583,259387.8834,2
-532105.2451,259822.0327,2
-531638.6249,260387.4935,2
-530328.5103,260975.712,2
-529639.4932,260492.0572,2
-527907.6711,259751.8991,2
-527743.1787,257859.0453,2
-527696.2322,259695.1708,2
-527635.1341,258559.0168,2
-527418.0188,256932.4532,2
-527703.758,259480.8437,2
-527371.1295,256641.4153,2
-527274.1644,256908.601,2
-527257.1571,256808.8489,2
-524277.8345,256526.0627,2
-523822.21,257539.7078,2
-515842.4927,256285.4845,2
-512605.8134,259371.9281,2
-510595.5075,255643.6735,2
-510175.7871,256088.4332,2
-509918.6253,257342.8083,2
-510558.9082,259926.8174,2
-525517.3756,335072.803,2
-495001.6122,269716.3275,2
-494581.8146,259199.3796,2
-496767.0281,271511.5339,2
-494824.1139,220158.0099,2
-496824.9286,220465.9371,2
-492421.0899,270887.927,2
-494693.9646,222886.6144,2
-489025.0811,221808.9882,2
-486071.1234,266780.547,2
-483003.4982,253851.8013,2
-483209.7766,253066.7448,2
-482595.3327,222642.9887,2
-482462.4054,265263.9437,2
-481367.9449,244206.137,2
-481252.8453,225561.6735,2
-480242.6572,242481.3463,2
-479027.3602,264212.1202,2
-479049.9939,258887.9441,2
-478047.2781,241673.8606,2
-477366.4454,256366.1899,2
-476562.9263,258477.6574,2
-476015.3117,336109.4599,2
-475684.2171,282456.5706,2
-475664.466,245758.7024,2
-476405.9779,247532.5659,2
-474435.1622,249810.6055,2
-475803.295,255835.1154,2
-473870.7235,261657.2533,2
-475397.4316,252132.2738,2
-472624.1167,238434.8371,2
-471519.16,270435.2372,2
-471901.965,258142.9294,2
-470443.9669,272167.0937,2
-470317.1704,273589.7125,2
-470535.3596,274333.0484,2
-470225.8818,271634.4432,2
-469028.5078,209446.2002,2
-468486.0905,231222.4802,2
-467719.1219,274777.0412,2
-466590.171,208175.7174,2
-462671.4238,228239.411,2
-462554.0147,281860.6613,2
-463573.3257,260756.077,2
-468666.0342,254323.4907,2
-460678.3981,230989.3699,2
-458704.5644,313341.7152,2
-457905.1947,258642.8669,2
-457802.0272,232373.2975,2
-457259.04,230548.6623,2
-457115.1564,214709.8562,2
-456720.7283,217470.667,2
-456792.6715,245226.5185,2
-456417.0315,219695.0692,2
-456457.59,218352.4553,2
-456370.2114,236699.2312,2
-456147.9457,220322.1902,2
-455661.6161,232890.6531,2
-453991.6602,261999.7199,2
-454003.5508,201599.2898,2
-454076.7255,270319.3559,2
-453033.9699,201002.4089,2
-454687.6298,216903.1801,2
-451805.6842,298530.1799,2
-451389.9507,286421.2277,2
-451617.0872,199789.8538,2
-451161.5529,198906.5768,2
-450732.0671,279217.5045,2
-449498.4915,275186.1694,2
-450472.9568,266813.1761,2
-448236.4908,199336.5884,2
-447356.0244,284503.0473,2
-447537.4525,272274.9839,2
-447180.9118,285555.77,2
-446910.8438,190177.5919,2
-445761.1706,286626.1837,2
-445162.5791,269592.0101,2
-445779.8548,283898.1696,2
-444912.278,234105.2933,2
-445869.8793,286069.1742,2
-444544.6759,274618.4018,2
-444220.6749,236347.0596,2
-445290.3984,282264.4951,2
-443439.8885,186201.6354,2
-442886.0377,327363.5636,2
-444334.1893,327353.8271,2
-444452.6823,268255.0956,2
-442553.2486,236405.3927,2
-441875.2341,259239.2607,2
-441558.64,320762.8829,2
-441104.7761,183532.1399,2
-440853.2919,231039.4586,2
-441409.9302,319714.0438,2
-440059.5115,232366.6516,2
-439735.1258,232112.3567,2
-439516.7441,230352.5358,2
-442365.204,323455.3812,2
-440284.1682,233219.1958,2
-440194.5443,236525.4775,2
-440440.9963,239522.6,2
-438025.3682,197742.364,2
-437675.2399,250591.0281,2
-437823.6047,199979.8216,2
-437343.448,199015.1762,2
-436351.3194,197597.3993,2
-436649.7965,314740.5519,2
-435826.4714,277324.1086,2
-433448.6944,270599.3796,2
-433350.5448,267570.6589,2
-432095.2204,264083.1893,2
-432636.4505,264798.1057,2
-428650.6376,93873.9969,2
-430945.3936,325232.8678,2
-430964.6647,341326.1134,2
-431144.5408,338119.8364,2
-430594.1627,337437.6686,2
-430227.3337,336478.6231,2
-427025.2159,122221.2899,2
-426781.3892,98712.5949,2
-427038.6326,99004.3822,2
-425216.8081,231360.5975,2
-425107.9053,239448.3202,2
-425970.7751,122705.7234,2
-424560.4193,233262.5071,2
-424265.4091,234110.3419,2
-421457.7231,242886.4601,2
-419292.4411,99827.6309,2
-418999.2969,101345.6114,2
-415825.7155,100042.2794,2
-415821.0665,105884.165,2
-413638.1859,107866.8246,2
-414223.9081,107753.6193,2
-421579.9691,327263.2641,2
-412620.2149,288517.911,2
-414330.335,62550.6345,2
-408234.7028,244319.0218,2
-408292.9455,249000.4405,2
-408122.1768,246810.5942,2
-408074.4739,242574.2112,2
-407712.0999,64664.7683,2
-403455.5047,85732.2713,2
-402681.0927,252032.9896,2
-401171.1608,131281.9375,2
-405436.0253,243324.7811,2
-399628.7618,40713.3473,2
-397903.0649,7191.9815,2
-404738.2824,63724.1038,2
-401368.4136,65009.5866,2
-397322.7257,70200.4134,2
-396729.5476,148034.1654,2
-397401.5115,34825.033,2
-397328.4465,35205.3018,2
-396147.9227,71241.2305,2
-397578.1559,129463.1565,2
-396047.7178,22262.0178,2
-395732.156,139383.873,2
-396240.4373,67147.8508,2
-395667.0628,23583.8586,2
-395561.0938,126731.4426,2
-395243.4803,65826.7728,2
-394610.0981,126838.9582,2
-393751.8979,136765.2875,2
-393650.7459,135702.3452,2
-395590.0787,16779.7544,2
-395425.3283,128071.405,2
-394319.2658,132427.1949,2
-389511.7376,126866.8402,2
-395397.9063,225436.0178,2
-384828.6275,175163.3147,2
-382842.0584,171354.3996,2
-361969.9309,-36316.7873,2
-361554.654,-37987.3502,2
-361535.44,-40078.832,2
-364349.0943,145566.9407,2
-360616.9745,-39678.2952,2
-341599.67,40836.2963,2
-338543.5795,33297.358,2
-380900.8545,-45409.5621,2
-378805.487,-12204.1276,2
-370064.1295,-41705.216,2
-363722.1363,-24911.9196,2
-361119.6656,-29525.9971,2
-361972.99,-34920.0831,2
-350576.8362,-36320.4316,2
-331824.9348,-49694.9295,2
-333079.0017,-47288.2148,2
-326425.3009,-47936.3988,2
-327456.9343,-52826.1671,2
-322069.4694,-57431.5937,2
-321944.9001,127939.6694,2
-321742.3248,-51047.5913,2
-321221.4843,-50492.3377,2
-316856.4478,-61761.3813,2
-319460.1059,-53330.7582,2
-318014.4766,-48084.3051,2
-315234.4897,-63960.1752,2
-315316.7116,-65096.0625,2
-315270.2176,-63468.6636,2
-302606.1206,-58417.9269,2
-301468.4426,-63026.2431,2
-299541.9681,-74809.5004,2
-296633.1306,-74978.5358,2
-294783.4221,-74872.7059,2
-285832.7388,-57725.0953,2
-284797.2738,-61052.3173,2
-321632.7906,127406.2019,2
-318648.095,139586.9054,2
-286730.9901,110065.5505,2
-263584.6732,-6524.9679,2
-261826.0616,-9077.0089,2
-220469.6819,92545.6501,2
-214171.5343,90667.2009,2
-201310.417,-104378.7723,2
-195924.9462,-108626.65,2
-202310.8604,88769.4351,2
-192177.7428,-113656.3645,2
-182165.1221,86087.6468,2
-181861.245,87439.6767,2
-176782.5984,-125255.1965,2
-165723.9102,-158719.4966,2
-163274.599,-164870.7062,2
-158508.4494,-163697.7212,2
-153988.4293,-172891.2395,2
-146259.5946,-139949.3225,2
-136173.8,52373.7539,2
-133997.6052,-123691.6038,2
-144368.8173,58893.1781,2
-136158.4896,53026.8577,2
-155942.9074,66564.1821,2
-124118.7397,-146427.1528,2
-135682.6027,-143095.2456,2
-125608.6392,-134578.0048,2
-115295.1736,-138961.5204,2
-129506.8917,-137477.6586,2
-116121.8723,-139372.405,2
-114025.9012,-142252.7999,2
-114212.2381,25741.4476,2
-113551.1649,-140119.6289,2
-113491.5353,-160957.4197,2
-117712.1568,-160954.03,2
-112609.3886,-160432.2197,2
-113147.6394,-143501.2535,2
-111727.6443,-145789.2487,2
-114687.7025,-158516.881,2
-108545.0127,-143687.7859,2
-107635.6285,-180714.6907,2
-101900.3529,-145894.6841,2
-101693.7742,-146477.1301,2
-99850.6524,-146466.1847,2
-110839.1455,-173319.8663,2
-95242.8787,-157191.3259,2
-95071.5771,-156512.9833,2
-94086.0275,-150185.9044,2
-93440.1302,-151097.5577,2
-93908.7823,-143855.8387,2
-94106.29,-154401.0177,2
-90630.1599,-160284.1732,2
-87677.1132,-162728.0479,2
-113736.9336,-187382.7213,2
-108079.4715,-191047.1058,2
-110242.7864,-194075.65,2
-97872.0948,-204054.934,2
-75534.1008,-188495.9037,2
-66273.9893,-199803.4831,2
-63751.6374,-197567.2869,2
-158608.7284,179430.9923,2
-157794.5344,180197.8979,2
-154764.6759,178336.1336,2
-71994.9244,141157.6566,2
-72352.1493,143737.6443,2
-71760.9168,137274.6991,2
-72642.9701,139541.9438,2
-70146.957,141120.8561,2
-59486.5497,-214283.329,2
-57092.4503,-165470.9725,2
-53584.2989,-217954.1469,2
-53315.4604,-218464.1799,2
-53302.0647,-218867.9675,2
-54338.1821,-204596.7315,2
-52075.8864,-221147.4424,2
-51302.5405,-221453.8524,2
-49399.6216,-221688.24,2
-50056.951,-208552.3972,2
-48750.4157,-169382.6657,2
-44058.3392,-221504.7155,2
-41623.3962,93093.4085,2
-41651.1059,-216051.5577,2
-41906.5444,-171406.5066,2
-39817.9745,-155791.3218,2
-40551.4436,-176983.2083,2
-32475.2502,-158810.6341,2
-33107.3522,-213427.977,2
-30418.6815,-152300.5972,2
-340209.6948,27081.2942,2
-263005.6753,-38891.3221,2
-261407.0348,-48071.373,2
-267570.7739,-59149.1135,2
-250829.9564,-63167.2584,2
-168580.568,-121966.6095,2
-82005.1649,-157823.678,2
-67229.5396,-155091.5274,2
-62146.6321,-159151.7228,2
-29607.0884,-173261.7064,2
-12971.7747,-220648.8873,2
-12062.6174,-223120.4184,2
-10856.08,-222656.3846,2
-10673.5963,-222649.8091,2
-10412.3148,-216853.5377,2
-9050.8047,-219226.9789,2
-7963.0952,-158473.8928,2
-5507.7748,-33433.2602,2
-4988.5395,-32104.9812,2
-2441.3365,-33628.5489,2
-1165.1315,-163084.5805,2
-18942.4242,-166310.9707,2
3448.1639,-46823.3453,2
3125.5314,-173592.8476,2
-2169.0962,-186523.3901,2
-2045.8116,-186467.5122,2
-2927.2886,-187845.8374,2
-4877.9936,-185246.2948,2
-2360.0309,-227644.1442,2
12213.496,-227626.2861,2
13509.0383,-229431.1463,2
13565.5993,-221905.5382,2
18398.778,-192182.8539,2
19172.3354,-192555.4524,2
20768.5803,-190862.0591,2
24567.2534,-188770.684,2
17387.9091,-193203.8223,2
26451.8134,-197446.54,2
25377.6584,-194764.8795,2
-4044.4714,-32333.0759,2
-4411.0355,-32030.1434,2
6488.4686,-49409.4229,2
19143.9632,-57906.3989,2
32906.2927,-173844.7909,2
36835.386,-68515.2173,2
38394.4223,-68927.8869,2
38612.9115,-71697.5787,2
38868.2603,-68772.9674,2
32555.5234,-211513.2077,2
33749.2105,-211030.8526,2
35122.4517,-215010.8172,2
38546.5776,-175507.6248,2
39775.5666,-72427.6933,2
43885.8741,-206888.1875,2
43552.1989,-249629.8444,2
44643.8768,-207401.9245,2
45503.6301,-71904.8524,2
47485.9792,-221552.7751,2
31358.6325,-227683.1381,2
31593.2015,-218425.9255,2
52028.792,-73325.9285,2
52089.6766,-212942.8891,2
53128.6512,-228954.1067,2
50817.7258,-72786.6719,2
54616.3145,-174976.9362,2
55150.6908,-215924.5037,2
53398.7157,-253454.1961,2
55328.4557,-227330.9439,2
33645.9752,-179340.4178,2
67180.9108,-227221.9538,2
62815.0743,-216721.4683,2
67092.0684,-224417.033,2
70136.284,-98991.4887,2
70196.6421,-97844.1006,2
70256.1714,-96123.8674,2
70581.7145,-94731.1529,2
72336.9856,-91470.3994,2
72539.9387,-91241.5012,2
72083.903,-248631.4044,2
72227.3928,-248372.8109,2
71080.4524,-248066.7998,2
72787.0214,-93017.0469,2
73789.7462,-92083.5274,2
75163.313,-257207.7478,2
77888.2842,-67214.2461,2
79513.4389,-73168.1072,2
75064.6271,-252286.045,2
81612.9049,-254281.5361,2
53394.168,-74421.8321,2
73801.451,-86423.7892,2
70307.5383,-91843.84,2
78625.5939,-72518.5548,2
90358.302,-262561.1176,2
93184.7324,-262561.7402,2
95292.3261,-93461.5496,2
99429.6673,-3.8425,2
105128.2553,-95013.3333,2
100068.4127,-91561.7013,2
110474.7922,-244715.0325,2
111609.3262,-232328.287,2
115648.4433,-238142.6016,2
115439.6249,-252808.1734,2
122814.6119,-256161.3732,2
132234.6742,-93064.2679,2
132089.0202,-278990.6661,2
139704.4645,-89143.4115,2
145499.24,-12456.799,2
146307.9439,-10398.9211,2
152758.5825,-267643.1926,2
158177.6366,-285863.4632,2
162455.3853,-327180.8617,2
163778.7107,-326509.7152,2
164404.5824,-289884.3659,2
166257.9137,-131199.7607,2
181502.8786,-31573.6489,2
195123.6668,-17698.8819,2
199268.5682,-147207.5776,2
199559.3025,-147041.3627,2
199135.2364,-40794.7437,2
199305.6891,-39126.7723,2
191187.5353,-141368.4153,2
200344.07,-39927.7375,2
200426.2059,-39828.1695,2
202289.0864,-39465.1836,2
203368.8312,-280249.2898,2
213347.0769,-192639.1571,2
214719.789,-77981.9213,2
197655.4899,-151579.7717,2
240692.5158,-191710.3041,2
249930.6482,-187490.4143,2
250802.7127,-187141.6587,2
254081.4168,-105412.7269,2
249125.9728,-188378.7998,2
255962.3501,-104290.5308,2
256046.8123,-104831.3813,2
261293.925,-55292.601,2
261858.0107,-54736.1236,2
259332.4858,-38893.0182,2
263472.5306,-191423.6051,2
262041.8566,-187069.6978,2
265547.2269,-189563.8811,2
266690.6058,-184909.9166,2
267642.1564,-194119.6755,2
274192.4195,-189601.938,2
281040.7962,-193184.0443,2
284985.0038,-193781.951,2
287108.3453,-195211.1488,2
291556.159,-197184.225,2
292538.2785,-202434.0079,2
105029.0117,-319565.9461,2
116306.8121,-271608.392,2
139043.0119,-277472.4645,2
163280.6214,-324110.1997,2
164827.3935,-322734.4197,2
164377.9764,-290093.2703,2
158520.2196,-288672.1588,2
164544.4985,-325485.3376,2
71025.7258,-254135.5258,2
286824.4964,-353887.938,2
298465.7042,-198491.6824,2
332869.7496,-121222.6848,2
333907.408,-123192.8758,2
337190.5656,-127803.0948,2
337480.6807,-96533.8836,2
338261.9604,-346080.2051,2
345710.6513,-347883.4531,2
346177.7619,-348129.4001,2
345224.9516,-113005.6126,2
367133.2864,-193851.5547,2
368288.194,-194850.8094,2
369375.8875,-194850.6701,2
289513.6889,-349897.3576,2
315165.9124,-337601.9035,2
324729.1377,-335250.2398,2
325908.2742,-336810.4649,2
326015.8202,-337187.9009,2
323145.0374,-341744.771,2
363967.1141,-47635.8942,2
378146.4599,-67120.3163,2
380751.5509,-200662.7593,2
383172.9453,-198522.1525,2
379269.9945,-11196.8513,2
385529.425,-15675.6852,2
385874.9182,-238135.2449,2
386637.2278,-51078.6736,2
382341.0107,-66380.0268,2
387198.4748,-16131.8369,2
395619.8834,-242744.6258,2
412158.5052,-220228.7368,2
416359.7023,-221512.6078,2
415291.8933,-217537.1928,2
388864.6193,-40277.8405,2
415555.3227,-42108.3084,2
421619.8008,-39365.7988,2
421344.5473,-118136.8744,2
423725.2104,-14412.306,2
427094.8913,-40391.1754,2
430019.5297,-114737.1247,2
433840.0221,-30261.6412,2
440427.3157,-164033.5442,2
-595680.3867,288609.3397,3
-595644.8318,288416.56,3
-595636.4179,288723.966,3
-595425.5821,288163.1228,3
-589437.8628,283336.9084,3
-590023.8551,366818.2955,3
-588456.9782,284859.9792,3
-587654.8375,287165.5709,3
-587792.2796,286806.2151,3
-587283.024,287233.751,3
-585898.4222,324165.3453,3
-581675.7904,287089.698,3
-555043.9905,258349.7208,3
-556001.0852,263154.8309,3
-552098.6663,257994.842,3
-551904.0242,271020.983,3
-548907.0748,258810.4858,3
-547963.804,259185.2112,3
-547770.8816,280722.5648,3
-546499.3924,279916.8439,3
-545537.5767,278620.3196,3
-544707.7387,281459.0399,3
-543805.3598,261068.6612,3
-548881.178,269448.3287,3
-538985.5425,268765.7439,3
-539021.0975,267125.7316,3
-538979.4495,277638.2248,3
-534256.5676,274871.5948,3
-533661.8783,264519.8924,3
-533202.0824,267412.5955,3
-532302.9876,276098.9287,3
-525818.3466,256910.1654,3
-520110.105,254733.2946,3
-515184.7504,230635.2458,3
-518330.0207,155648.4287,3
-496966.4101,220301.597,3
-495640.9677,218315.7982,3
-495331.5765,217759.3602,3
-494102.3687,222818.8781,3
-492414.6808,218558.041,3
-495006.3034,210065.7302,3
-487222.3718,250152.8866,3
-486282.662,208852.673,3
-485386.493,259348.4628,3
-488549.0199,205430.092,3
-485028.1777,257178.123,3
-485090.7742,262593.8316,3
-486061.6158,266099.3667,3
-483888.324,253720.6445,3
-483819.9821,256100.1609,3
-483863.6978,256524.4829,3
-483630.0515,261339.745,3
-483732.7628,253269.004,3
-483360.7088,261093.7933,3
-483270.9451,260808.4311,3
-483344.808,260926.2714,3
-483265.1443,260698.4797,3
-483240.1433,260501.3199,3
-483094.7723,253992.5732,3
-495067.0831,223228.0293,3
-491452.602,219947.113,3
-489449.2188,222238.4062,3
-482353.7765,344771.5341,3
-482776.4989,252989.6206,3
-482207.327,252055.3787,3
-482407.627,260137.7999,3
-481400.8832,244286.8815,3
-481445.3548,251618.9452,3
-480244.759,264134.8025,3
-479871.909,328439.705,3
-479259.8876,264230.0064,3
-479770.501,265420.9473,3
-479290.5895,264013.7935,3
-478909.7602,264609.1442,3
-478124.9935,257024.8914,3
-480512.5423,242318.2135,3
-478269.6692,256340.1112,3
-479459.2693,258652.5102,3
-477178.8368,258629.7131,3
-477187.0939,257990.4608,3
-476866.0007,247227.0384,3
-476605.4254,255080.6783,3
-476470.1792,255148.4278,3
-476460.8048,255114.1569,3
-476438.3792,254946.0784,3
-476409.1479,254907.3239,3
-476467.0546,255266.8538,3
-476351.0866,239570.3789,3
-476367.4615,254847.6258,3
-476318.4219,254705.0783,3
-476315.422,254664.6709,3
-476293.0239,254788.7382,3
-476532.2017,256848.4519,3
-476269.9635,254638.9911,3
-476199.1859,254600.1182,3
-476125.0485,254604.5345,3
-476117.2797,254686.8535,3
-476112.9931,254642.7795,3
-477079.0412,247987.0339,3
-476089.0057,254751.6374,3
-476037.2383,257063.9848,3
-476023.4626,254783.2144,3
-475992.6961,239352.7504,3
-475953.4085,254811.0254,3
-476006.8012,257194.5946,3
-475900.1712,257225.0087,3
-475885.6584,254845.3878,3
-475872.1047,257226.4978,3
-475855.7091,254876.8249,3
-475817.625,254906.4938,3
-475737.4891,261871.709,3
-475765.0949,257305.447,3
-475675.653,257348.9984,3
-475647.9786,261601.2598,3
-475762.0228,242029.1278,3
-475588.2454,257408.5891,3
-475675.5369,262936.6184,3
-475540.0735,242061.9142,3
-475576.6015,263570.2098,3
-475706.0262,252063.0442,3
-475456.4353,335980.5797,3
-475272.7015,335874.1496,3
-475010.4782,263953.3715,3
-475304.112,256804.4805,3
-474917.5753,257880.789,3
-474781.9482,256711.4956,3
-475455.1403,252491.1517,3
-475013.6718,335636.7752,3
-474675.3244,263918.2111,3
-474512.1389,256741.6772,3
-474729.5359,276733.0452,3
-474483.428,256774.4766,3
-474328.0539,256676.8696,3
-473644.7551,254174.1862,3
-472903.4656,262644.4433,3
-473151.8926,258082.0207,3
-591237.8349,288245.7895,3
-547819.3612,294694.9733,3
-532742.6468,278095.7966,3
-526286.4559,264035.9512,3
-510160.7621,255854.7313,3
-506075.6816,263493.0286,3
-472192.8663,257389.933,3
-471703.0811,257417.8509,3
-471693.2121,273857.0202,3
-468687.5325,207717.0582,3
-468388.0592,208814.7142,3
-467997.0404,288555.8995,3
-465609.3612,322222.6391,3
-465484.8024,253905.5339,3
-466084.725,319841.7595,3
-465758.9087,319830.3675,3
-461639.9392,222464.9999,3
-461609.9395,222404.9978,3
-461579.9387,222360.0001,3
-463897.4708,254479.1924,3
-462107.638,223398.5192,3
-460824.2431,318188.5805,3
-469049.2238,233022.5455,3
-468493.8453,230959.1746,3
-475466.4502,245595.0359,3
-465680.4385,273685.7805,3
-460533.3958,221272.0722,3
-459318.5265,219277.6738,3
-459749.4994,314976.0263,3
-458788.1276,220782.1517,3
-460979.3242,313847.4096,3
-457157.4899,216438.4128,3
-471859.0637,214463.1048,3
-456815.3866,217032.3662,3
-456523.9137,220255.3378,3
-456650.9375,217740.9037,3
-460990.6228,261068.487,3
-456061.5476,232526.8801,3
-456117.4645,220085.4736,3
-455777.9914,233876.4711,3
-457218.1452,235723.4314,3
-456402.8484,236577.967,3
-457076.0622,258367.3436,3
-453958.8342,264725.7544,3
-454031.9853,284061.0619,3
-463520.3556,284683.5846,3
-462366.7376,282050.2581,3
-452098.8617,288724.3989,3
-450808.257,278696.8258,3
-454967.7414,207068.9777,3
-451083.6891,292037.2035,3
-449339.6436,191967.4072,3
-448875.5179,293555.4678,3
-447923.2869,293447.0262,3
-450507.9186,194240.3331,3
-451583.315,201572.0754,3
-446850.2356,186977.9412,3
-447326.9772,191814.4748,3
-446835.2294,189375.5594,3
-445748.0107,286583.5738,3
-445562.8544,270200.3985,3
-444523.3669,252957.5956,3
-444459.8749,252911.0889,3
-444429.4536,252881.5675,3
-443677.6482,285127.3617,3
-443279.4969,265438.28,3
-443411.4071,268963.0903,3
-446136.3423,288021.5019,3
-442643.6351,236800.5025,3
-443621.964,235854.8095,3
-441766.0279,319870.7204,3
-441216.2363,278365.7701,3
-444864.414,184397.9423,3
-441824.6306,256171.9282,3
-439979.7168,231788.6206,3
-440031.8718,231290.6995,3
-439747.6712,251054.0886,3
-441485.9402,319826.7161,3
-440352.7283,235112.5,3
-439385.2161,238004.5712,3
-437911.0636,251272.4049,3
-437668.4109,287499.1575,3
-436118.5434,197676.3024,3
-435185.4879,271120.6036,3
-436079.7513,277992.0085,3
-432216.9388,121740.2233,3
-432196.7708,123198.1479,3
-433075.3715,271362.7849,3
-430948.2411,338917.4712,3
-430540.5941,338097.0923,3
-429439.8871,264394.8093,3
-429242.4838,264159.3012,3
-429951.3324,267183.2427,3
-428330.8944,93181.2302,3
-426776.0953,99245.6026,3
-427720.9277,122626.9021,3
-426826.4993,98565.7099,3
-425967.8508,199442.8039,3
-426883.386,204590.4062,3
-427275.017,205106.3045,3
-429454.2911,207379.8294,3
-425907.5548,231357.1411,3
-424795.5834,241098.8405,3
-425684.1163,212429.8999,3
-423969.3224,242577.5654,3
-424884.2579,195672.0742,3
-424711.7628,177637.4954,3
-440669.0487,115604.5633,3
-439892.7313,106893.2143,3
-426576.1513,100425.2224,3
-429312.4341,101619.9537,3
-424364.1475,182160.0319,3
-423586.1128,242438.2251,3
-423802.865,252947.0502,3
-426789.9853,112807.2548,3
-423167.1841,237518.0678,3
-424160.0237,254173.4075,3
-426170.6247,215738.3672,3
-424002.7656,175255.5529,3
-422293.2096,93432.2256,3
-422122.0089,249109.1116,3
-421884.6677,93236.3854,3
-421747.6416,253808.9888,3
-424597.8962,227520.536,3
-420984.5296,246782.0157,3
-421458.517,171134.5755,3
-424418.095,180102.8979,3
-419928.7906,239960.2003,3
-421472.1289,94450.4794,3
-419198.7284,246086.7441,3
-420452.8767,99208.1317,3
-419032.6197,107476.9698,3
-420225.6514,250577.857,3
-417633.7294,215476.9375,3
-417533.0744,215535.4715,3
-418252.2834,89844.7241,3
-417311.7258,162844.9074,3
-416286.2219,105171.7639,3
-423080.7209,122334.591,3
-416683.4914,102372.5078,3
-425151.723,325482.9835,3
-415973.0804,280627.2647,3
-415631.8968,281341.952,3
-415702.5938,297205.5825,3
-415455.8192,297428.6787,3
-415327.8932,297427.2259,3
-415158.0243,296661.7286,3
-418062.0033,237996.5266,3
-416164.2247,235728.2499,3
-424270.4854,237742.5235,3
-414794.066,62908.9414,3
-414526.5574,69960.2998,3
-413883.2288,73991.7586,3
-414434.7204,106022.3197,3
-413050.6318,155024.2515,3
-412293.7321,287264.671,3
-412129.2305,281835.0624,3
-411816.3167,280998.8749,3
-411601.9691,281645.8153,3
-415439.6082,290315.4452,3
-415138.5272,291394.5651,3
-414874.9482,290163.8936,3
-414436.1874,292380.9103,3
-414324.6646,291097.6034,3
-414314.5464,292547.2478,3
-414241.3753,291883.9434,3
-414043.7075,295550.9923,3
-413850.5739,288550.0073,3
-413758.8553,293939.7976,3
-413658.4101,293972.3553,3
-415027.0814,289620.5255,3
-408591.2476,245844.7512,3
-408419.0188,242585.9626,3
-408755.0968,240793.4802,3
-408394.1511,142459.8578,3
-411185.0721,147995.2722,3
-408305.6616,241097.9792,3
-403560.7698,235454.2547,3
-402427.0763,146910.9928,3
-399886.9823,146551.6567,3
-406172.5686,63459.1757,3
-406539.9587,80161.2188,3
-401776.0689,144690.4145,3
-398119.9724,144332.3628,3
-396681.7901,148474.2967,3
-396063.1142,139045.2628,3
-396234.6396,139736.3779,3
-396325.9489,138055.9191,3
-395790.3373,15222.6383,3
-395792.0102,14987.6306,3
-395658.9621,139135.8434,3
-395584.6021,126839.8031,3
-401493.4374,46994.3205,3
-394421.2957,137159.9201,3
-394484.4294,68981.1128,3
-394270.4253,70860.6424,3
-403319.2941,89851.3002,3
-398104.9145,68418.8371,3
-401110.7054,101311.7594,3
-390628.6152,137874.7881,3
-384997.2559,176702.6826,3
-381964.2296,169040.4541,3
-379653.1337,-14061.215,3
-395679.3494,26012.8177,3
-405265.6304,132337.8211,3
-409677.9143,104720.0216,3
-395085.3027,126049.7726,3
-396097.1633,139366.69,3
-390975.3577,127143.8468,3
-386331.7774,175563.0124,3
-376209.9462,-40816.0977,3
-377624.135,-42638.0192,3
-376154.9894,-42939.751,3
-369756.4258,-41696.5383,3
-362622.316,-36953.4852,3
-360760.7446,136505.986,3
-360415.8208,-39131.5796,3
-360161.3247,-40398.7817,3
-350924.8867,-35032.3716,3
-377338.68,158619.9942,3
-330955.7096,86662.7252,3
-320435.4045,-50802.2356,3
-315385.3196,-64941.5185,3
-317519.5853,-48638.7956,3
-318238.9766,128890.0881,3
-315911.1111,-63029.5765,3
-307094.3065,-64907.3499,3
-300402.5667,-77023.7956,3
-296025.3231,-75110.5576,3
-294746.3145,-74866.7589,3
-294434.8107,-74734.1085,3
-253491.424,2300.67,3
-281744.8773,-62996.3872,3
-230914.4224,94137.3438,3
-221080.1912,92381.2174,3
-219275.1592,93518.4574,3
-210658.2193,86876.8574,3
-202498.4576,-103344.6249,3
-179926.776,-122316.129,3
-171749.8511,78271.3311,3
-163924.6473,70205.0081,3
-163634.5193,-163588.0,3
-164240.914,-172572.9118,3
-165581.6296,-159601.2904,3
-159215.0469,-156089.2958,3
-162218.7055,-168105.9552,3
-155575.5803,-172929.2396,3
-157831.0234,-170714.9822,3
-154238.2294,-172201.2647,3
-154099.8457,-172594.2733,3
-149423.0171,59786.2621,3
-145309.7056,59513.0629,3
-136739.7144,52951.2451,3
-136691.6479,53043.0171,3
-137735.8693,-142678.1631,3
-123885.6632,-146234.2358,3
-113390.7264,-160968.2685,3
-96234.9261,-159846.5248,3
-95063.6441,-157221.8867,3
-95589.3645,-156727.1869,3
-92214.0091,-158395.5944,3
-91121.1518,-159157.9732,3
-99324.3264,-147271.3576,3
-99585.9192,-147926.3233,3
-87725.5872,-175605.4603,3
-88163.5506,-175001.1371,3
-86681.7707,-176562.3396,3
-85959.4678,-176977.0844,3
-84553.7649,-177941.736,3
-83104.294,-181252.702,3
-81068.6429,-182426.4104,3
-81267.6882,-182759.6375,3
-78376.7505,-190884.6223,3
-76314.8025,-155512.8152,3
-74609.8031,-192641.9061,3
-73273.5699,-186604.545,3
-58944.1137,-166300.9482,3
-58561.5319,-165814.7939,3
-59864.8712,-201332.3441,3
-59022.9565,-199831.5602,3
-57551.079,-200545.7282,3
-51472.7948,-207461.0511,3
-46963.5256,-211069.6394,3
-52076.9665,-219202.8172,3
-46856.521,-217609.7101,3
-42147.6294,-171409.365,3
-41362.8015,-171734.2378,3
-40822.8615,-53870.1,3
-40887.4459,-158637.5748,3
-37588.1381,-56527.5951,3
-36916.2461,-168277.0962,3
-41300.1663,-172555.6146,3
-30251.7993,-186712.5805,3
-25711.7079,-66904.7106,3
-25724.225,-67238.4076,3
-19395.4095,-168900.1196,3
-21023.0053,-178113.8814,3
-20159.1094,-167387.4553,3
-16594.5137,-180359.8859,3
-15523.3019,-176537.5635,3
-15389.7544,-174112.2545,3
-15558.8121,-173350.6826,3
-14296.0332,-195010.3283,3
-12442.3103,-150248.4425,3
-8826.4354,-153709.1438,3
-8796.4873,-235239.7033,3
-10069.5529,-224562.09,3
-8162.6597,-172309.9976,3
-7667.2857,-224993.1681,3
-5601.4566,-183672.0027,3
-3448.6754,-225773.9964,3
-15946.7034,-192985.6008,3
5900.1633,-197269.9768,3
-2560.7982,-34727.9695,3
17744.8001,-192151.5539,3
43147.1753,-207640.2673,3
46126.5518,-208469.1202,3
46477.936,-204156.8032,3
47841.883,-232142.0919,3
52819.6881,-252701.1229,3
38974.6881,-196619.1507,3
51178.6296,-224226.1274,3
55272.0818,-230870.412,3
56649.2075,-252490.4546,3
64846.2949,-224613.5495,3
69793.343,-251311.0988,3
70174.6045,-100426.2966,3
71773.3228,-94808.7028,3
72146.3737,-85789.3007,3
71696.1059,-94787.1098,3
72918.3279,-95205.5205,3
73703.9401,-253772.3121,3
72843.2914,-85101.4782,3
75233.8824,-96010.6378,3
78078.3336,-101920.1841,3
78042.9895,-67172.7986,3
78263.0098,-66803.3364,3
78427.4053,-67541.4764,3
78457.9048,-68021.2638,3
78686.5774,-69709.2586,3
79077.1968,-65644.2897,3
79041.1105,-71332.7288,3
79718.813,-246434.0551,3
80387.8584,-67154.9225,3
80552.0066,-67692.2918,3
78532.948,-257055.8397,3
80090.0288,-72731.5635,3
81688.7227,-259865.2834,3
91147.774,-262528.1554,3
99160.3826,26.1426,3
98680.8413,492.3569,3
99895.7818,-91333.5989,3
100264.4651,588.581,3
99065.4461,1287.5845,3
104504.3268,-223661.2857,3
107261.0864,-225726.9004,3
105124.4839,-8566.8392,3
62638.4491,-216060.324,3
111303.1158,-239063.6661,3
84548.9188,-253064.8497,3
80475.6993,-69041.4482,3
129913.9214,-278334.8198,3
136242.2434,-90055.1251,3
146687.8992,-21897.9309,3
149303.1843,-269419.0669,3
130792.9815,-253173.6051,3
144680.8426,-26596.7463,3
146916.6597,-22130.0824,3
163106.5418,-324047.3827,3
163977.106,-326036.4531,3
162333.5028,-326452.6835,3
162813.7534,-327047.3402,3
135801.0889,-4831.9925,3
150575.3638,-7687.1201,3
155492.9816,-283870.9322,3
165097.6046,-289965.2034,3
183747.4773,-21493.7174,3
118760.5395,-81079.0538,3
119773.7565,-81307.6675,3
119988.545,-82596.4758,3
133020.4683,-90888.4217,3
133058.802,-89815.4022,3
139138.4447,-88123.3362,3
140550.9208,-88776.4911,3
188149.7657,-34608.3992,3
191267.4305,-140610.5699,3
191457.8967,-135332.929,3
191415.9883,-141812.7073,3
193249.4229,-134078.7883,3
196930.5686,-134370.1805,3
199870.5571,-40747.3598,3
200130.56,-188394.7818,3
201076.1759,-40714.0004,3
200362.1521,-41064.1571,3
200351.2091,-148302.0276,3
199751.7595,-146972.9003,3
204930.1588,-280318.4328,3
199996.9436,-39126.9469,3
205782.0752,-188188.8251,3
214471.4195,-82280.099,3
265538.4924,-189876.6398,3
265563.6975,-189556.4676,3
265597.0337,-190060.5551,3
265689.7007,-190659.5774,3
265726.6927,-188929.974,3
260961.0505,-55740.4718,3
265189.7563,-56257.8091,3
268146.6149,-56532.2673,3
272461.6199,-188033.8309,3
281379.7837,-193621.7471,3
281383.0068,-193932.1906,3
283101.9155,-349417.7907,3
284859.1839,-205841.8692,3
285424.2517,-205883.6131,3
267710.0516,-56740.8728,3
290846.1147,-205728.2301,3
292315.3916,-202443.0436,3
293545.7016,-204354.6079,3
291535.6009,-204615.8914,3
295292.5513,-202085.2536,3
299311.7617,-203872.8097,3
247640.4215,-192162.1599,3
276537.0989,-199999.0371,3
314523.1384,-349053.7254,3
314579.372,-349077.9257,3
336006.1967,-116497.831,3
335114.8953,-124100.9918,3
336644.5248,-126688.225,3
370169.3098,-193040.6656,3
339619.1306,-111775.3464,3
401749.0056,-237542.3361,3
402989.8921,-237041.6559,3
403228.5116,-236891.5929,3
403364.587,-240933.1622,3
403448.8859,-236769.5509,3
197007.6575,-138211.155,3
255212.9386,-85504.4944,3
255157.0158,-105127.6551,3
289478.7154,-195089.0142,3
339333.736,-127822.6467,3
359588.4085,-190304.0491,3
368298.1252,-193333.1891,3
380157.3,-199413.2769,3
388387.5918,-241747.9161,3
412013.464,-220298.6319,3
417070.0621,-220525.8963,3
438532.9429,-41318.4307,3
440667.0874,-158869.6556,3
-601852.1672,288870.3727,3
-602772.2928,274182.8634,3
-600461.6966,282244.3212,3
-595017.6995,287444.659,3
-588739.155,366473.9773,3
-587567.3143,276122.7734,3
-587457.3663,287615.7496,3
-591197.9445,288245.9312,3
-589619.3792,286369.7299,3
-587289.2248,276558.1887,3
-586014.5392,324206.87,3
-585579.2435,258683.118,3
-584899.8728,284634.9561,3
-584654.3006,257859.1718,3
-583261.4912,270294.1374,3
-582095.7248,275085.0962,3
-582509.3182,267643.8597,3
-583330.1839,284190.4723,3
-579346.4922,290215.281,3
-576429.7379,276677.9582,3
-575485.2586,290864.4083,3
-575941.5601,268701.496,3
-575074.1251,282884.3476,3
-574231.8167,290719.9124,3
-574990.4009,263781.3774,3
-571049.0269,267908.3727,3
-571502.6179,290453.562,3
-569528.9195,272715.3568,3
-569425.2107,258717.6526,3
-568597.6603,268925.5031,3
-567822.6715,285783.7782,3
-568958.9771,289964.4771,3
-553761.0714,276364.7933,3
-552674.9226,256446.002,3
-551516.6215,255484.3583,3
-549911.8082,294135.0244,3
-549738.6434,293498.047,3
-547319.3549,289601.9681,3
-547263.0486,290660.4659,3
-546981.9384,293813.7711,3
-544293.0015,272587.8286,3
-545136.2887,254401.2614,3
-543684.4111,270686.4617,3
-542550.7717,269849.5956,3
-543136.807,268682.0205,3
-541365.1712,275706.3327,3
-540975.8319,269280.322,3
-542136.0829,261690.2485,3
-538012.6709,252602.8435,3
-534704.4682,270554.9234,3
-534404.8445,278370.9896,3
-534255.5151,271113.069,3
-533990.8163,271070.7757,3
-534349.1611,272591.4395,3
-534153.9459,248281.8951,3
-535301.18,263787.5287,3
-536244.1789,255499.3965,3
-534172.1687,267661.7839,3
-532621.024,278143.8199,3
-532583.3789,265039.889,3
-530041.654,260678.2062,3
-530507.4118,261492.4589,3
-529800.1477,260861.5691,3
-558667.0634,271398.5072,3
-529133.0363,246642.0314,3
-528519.5546,260346.7148,3
-527203.0996,259202.3567,3
-518667.3211,155444.2182,3
-512469.4936,351073.8773,3
-512469.5293,226849.0472,3
-511665.5125,259679.5607,3
-511827.9812,225152.5206,3
-510457.8604,255673.8574,3
-509983.7465,256635.5969,3
-510108.217,258005.7379,3
-508820.1859,366426.9961,3
-506657.1295,223659.7169,3
-510752.9504,360410.2358,3
-504370.4778,359745.5288,3
-503653.7586,366228.9669,3
-502655.5503,269740.7997,3
-502395.6189,218518.5554,3
-501448.1475,272016.6263,3
-500049.5412,274647.1064,3
-502042.1744,224977.5391,3
-499599.0747,272777.0231,3
-497778.1476,220953.0881,3
-497036.6805,220363.4278,3
-497152.1637,218652.6154,3
-498547.8636,264056.9655,3
-493089.2525,202922.678,3
-492744.8501,257161.972,3
-493179.0596,257999.1729,3
-492659.4177,262509.4766,3
-491811.3139,267820.1071,3
-492319.0872,219823.094,3
-487783.9322,269008.2982,3
-494003.1667,209416.414,3
-488498.0213,252728.7093,3
-485041.4579,270089.3406,3
-483079.3812,246247.0704,3
-487169.4859,202642.2855,3
-481453.6299,224160.3581,3
-483025.6151,226107.3986,3
-480713.0458,261049.9065,3
-481091.1001,243294.7597,3
-484132.7476,270351.1472,3
-479498.81,265667.1678,3
-482050.4324,327295.3323,3
-480620.9129,327659.2629,3
-479573.6019,328618.0654,3
-479243.531,329407.4401,3
-479548.6998,264791.6188,3
-479495.7095,241788.7233,3
-479449.8679,326700.8119,3
-478286.3661,266846.6682,3
-478004.2594,279503.1111,3
-477995.6618,323887.4644,3
-477214.1363,327316.0718,3
-477218.91,247495.9824,3
-476962.9477,323648.3431,3
-476634.8025,326689.4247,3
-482451.3225,219213.9367,3
-476017.1082,334119.8038,3
-476034.7723,326568.7516,3
-475841.9134,265220.562,3
-475446.9504,261079.4608,3
-475004.6619,282367.3927,3
-475168.9454,335801.6929,3
-474367.8612,277609.9336,3
-474746.9649,262846.2588,3
-473540.3762,156161.1865,3
-473791.3632,268110.4339,3
-474147.1925,331897.2742,3
-473714.8769,270236.1486,3
-473236.5699,326161.5614,3
-473207.0786,321908.005,3
-473250.1946,272989.9271,3
-472274.6266,285310.7348,3
-472212.5731,284005.2781,3
-472178.0876,285841.3194,3
-471928.6288,282561.5411,3
-473158.0397,281369.4455,3
-471808.7594,234816.1029,3
-475201.0285,242546.2985,3
-471490.7812,327395.851,3
-470984.3996,233525.1452,3
-470972.0865,270486.7308,3
-470383.8881,290421.7497,3
-470379.3924,326585.0707,3
-470140.6116,232123.5502,3
-481034.442,256067.4959,3
-470145.8657,267157.5391,3
-469666.3419,289706.0843,3
-469481.7041,272291.2815,3
-467967.0854,329543.3554,3
-468479.8688,283538.6996,3
-467899.6459,263137.9677,3
-467962.3971,287749.791,3
-470810.4071,209297.4382,3
-466782.6932,274115.0546,3
-470857.2162,151406.7861,3
-467490.1996,230755.2999,3
-467034.0423,263106.0138,3
-465562.0642,322127.5368,3
-465522.2127,321799.7718,3
-465246.594,324087.9748,3
-465153.2245,263447.4638,3
-465133.3282,254589.7997,3
-463964.2994,229527.227,3
-464042.759,284769.0348,3
-465421.3203,284643.2323,3
-463785.0219,230390.894,3
-463700.9554,266014.9431,3
-463890.623,323313.6563,3
-462836.256,267262.4902,3
-463959.964,231554.6622,3
-463937.4149,226707.3912,3
-462048.0066,268293.1341,3
-461124.9521,232743.3013,3
-461250.0244,253517.5172,3
-461102.3168,251747.8843,3
-463272.3543,273290.9554,3
-461060.5338,280431.2453,3
-457628.9252,284542.3076,3
-461265.8357,318650.3693,3
-460147.1733,317520.6943,3
-457547.0986,236295.4498,3
-458600.79,219497.0454,3
-456347.6409,219869.5547,3
-456119.5907,235553.1291,3
-455945.5524,312332.4319,3
-455760.9494,241409.7072,3
-455995.0536,307005.9936,3
-455748.6695,308208.9427,3
-455169.2134,238978.0809,3
-454924.4224,188657.5141,3
-454092.8272,230904.0175,3
-453667.4521,245866.8913,3
-459176.6424,209071.8801,3
-452401.0706,227871.6004,3
-453710.7394,244047.0177,3
-453905.8987,262541.8783,3
-451951.636,288360.0075,3
-456186.594,281195.7972,3
-450972.4437,278381.9759,3
-451200.1829,291256.8506,3
-450928.3883,245334.9514,3
-450363.5945,277941.4468,3
-449910.9396,208302.5713,3
-449785.7809,276871.0808,3
-450132.152,261045.8896,3
-449810.065,274651.7955,3
-449336.7569,265287.7721,3
-449029.2066,277126.0778,3
-449082.5751,291188.8607,3
-448988.3795,230890.0895,3
-449026.688,277931.4808,3
-448478.2618,290121.4096,3
-450882.1505,229764.8314,3
-448758.1822,144570.8866,3
-448201.4699,247419.4877,3
-447865.3236,284550.5444,3
-449092.0761,209439.2946,3
-447329.1727,191492.3195,3
-447494.0357,251706.9881,3
-446346.9236,207530.6185,3
-446169.4587,199204.8559,3
-445601.5539,206102.8468,3
-445251.3664,273567.7755,3
-445109.652,283481.1927,3
-445199.5536,198731.3501,3
-444594.476,277787.2,3
-444490.0207,279912.8948,3
-444678.2845,281581.5906,3
-444579.6626,234283.8329,3
-444612.6046,236648.4559,3
-444717.0594,235688.1091,3
-444203.3782,234626.3458,3
-444148.131,186469.9217,3
-446337.6557,257873.4477,3
-443779.6413,234033.633,3
-443811.4427,205802.0007,3
-443256.8242,235418.6677,3
-442947.6988,247003.381,3
-445127.047,247845.437,3
-448174.0935,193926.5187,3
-443314.214,203216.1925,3
-444319.2433,150869.4808,3
-442792.8668,236843.4419,3
-442544.6115,248530.8371,3
-442345.0887,236092.5558,3
-442397.1477,204384.8038,3
-441933.2245,181677.0396,3
-441669.3908,319799.1017,3
-441426.4306,320880.2319,3
-442151.5019,283595.0984,3
-442144.3644,185132.4902,3
-445117.4151,286586.7103,3
-439673.99,237859.1584,3
-439308.9925,230342.745,3
-441363.7921,112462.7127,3
-438845.8981,232885.1471,3
-437871.1795,264028.3325,3
-438085.7933,203400.1891,3
-438411.5614,287528.6689,3
-438831.4759,245319.3949,3
-440166.7127,258914.9956,3
-436930.3441,274260.0462,3
-436971.3932,273346.456,3
-441178.2781,276135.5127,3
-437191.9561,198074.5616,3
-435046.8777,204572.7731,3
-433468.0115,118970.8718,3
-433464.9185,119235.4934,3
-434908.2588,275600.7034,3
-433513.4467,201604.774,3
-436129.1977,270241.7534,3
-432219.337,121545.8632,3
-432210.3934,122228.5339,3
-432202.1432,122768.1617,3
-432197.2745,123153.4052,3
-432195.0861,123351.2104,3
-431464.6053,118113.7827,3
-431986.5791,211992.6739,3
-431339.061,126746.2809,3
-431310.9624,329100.6075,3
-431510.9931,85375.3737,3
-431255.5061,329646.3579,3
-431507.7924,213324.979,3
-432759.5295,164327.8817,3
-431052.2154,338972.65,3
-432036.1361,212394.3154,3
-430843.5495,329172.0189,3
-430936.0755,329261.9271,3
-430822.6474,329560.772,3
-431113.3305,328490.1051,3
-430680.2187,116682.4829,3
-430450.6721,113001.1839,3
-430471.9368,329542.7283,3
-430376.6209,112278.0146,3
-430696.9858,116362.4305,3
-430160.5972,131086.9537,3
-430099.9989,110965.7774,3
-429939.4612,130583.1759,3
-430747.457,329066.1721,3
-430337.4421,329137.7324,3
-430203.0228,129726.2517,3
-429911.9571,329835.9701,3
-429668.7796,129967.4404,3
-428639.2938,113328.2545,3
-428282.1817,217703.3561,3
-427602.9354,243774.6357,3
-427902.0082,326670.282,3
-427362.0285,121338.9267,3
-432512.4258,138109.8456,3
-427646.2901,86741.9592,3
-426553.0343,100446.1337,3
-426272.8085,100613.1287,3
-427971.9299,104806.6828,3
-425624.9013,89122.1543,3
-426435.7799,244391.5302,3
-429189.8344,263701.7924,3
-424767.4298,249547.6457,3
-424603.861,243363.5013,3
-424637.4527,226235.2475,3
-425472.036,114295.2316,3
-425110.4833,247586.3516,3
-425972.6582,327071.8539,3
-424734.6796,255461.9731,3
-424617.111,254127.5656,3
-424293.8411,232018.5935,3
-424721.1554,237413.7632,3
-422124.55,170171.0853,3
-422846.2689,242852.7993,3
-426823.6298,201864.8674,3
-422482.2851,241462.4343,3
-420401.7525,94335.5647,3
-420157.8336,240599.3517,3
-418750.2206,94334.7355,3
-418392.6033,88995.634,3
-418495.3122,99431.2562,3
-417969.6881,97830.0038,3
-417912.8952,96501.4768,3
-417772.5592,237412.3709,3
-421458.625,246666.8143,3
-418505.6038,86479.6101,3
-417314.2108,166399.0806,3
-416387.8136,91223.0336,3
-416432.5555,235970.3926,3
-415650.5581,100638.1762,3
-414664.0892,63290.4942,3
-414011.0612,74064.154,3
-414040.5656,93198.4402,3
-413549.2212,88249.1054,3
-412725.1289,95134.2928,3
-412433.6202,131642.2596,3
-415090.3705,280761.4653,3
-414698.0282,285911.8063,3
-412549.7104,88712.8063,3
-412344.9641,95532.9358,3
-412582.2385,93368.0819,3
-411953.8551,98274.2239,3
-412005.8521,90219.4656,3
-411760.5806,91180.3011,3
-411449.6308,98417.4529,3
-410830.3864,98610.077,3
-410137.6495,99100.2963,3
-424170.234,112187.1781,3
-419635.1181,107751.0346,3
-409060.0474,102269.0912,3
-408495.9733,248278.3894,3
-408543.1181,102213.1671,3
-408380.1275,243945.3329,3
-408610.9903,241676.9068,3
-413049.2008,68013.6995,3
-420065.3571,155288.8472,3
-407627.2404,251620.4193,3
-406764.6529,83579.4903,3
-406251.4557,91055.191,3
-406067.559,252814.1963,3
-405417.2501,132436.3589,3
-404463.7007,48255.5158,3
-404376.7407,100138.0806,3
-405029.8384,85661.9586,3
-403423.7099,85536.595,3
-403543.9057,129814.489,3
-401710.413,130622.0135,3
-401769.404,92391.2985,3
-401356.116,101214.3784,3
-401310.1325,93254.8924,3
-400363.494,134337.3525,3
-400044.3365,99875.5388,3
-399274.6249,110939.2584,3
-399153.0397,96674.6501,3
-398687.4933,143302.1785,3
-398387.8658,144442.2908,3
-398764.3128,38860.6012,3
-402346.7974,137434.9407,3
-398094.5807,144442.2281,3
-398162.011,144205.4403,3
-397948.4734,68258.9292,3
-396682.6976,148472.8573,3
-396690.5681,71891.5384,3
-399801.9774,129939.5685,3
-396262.3374,21533.2681,3
-395789.0377,131959.1552,3
-395648.5322,22899.8752,3
-395852.5764,127469.9438,3
-395668.5648,140110.0023,3
-395659.6278,66406.1093,3
-398091.1939,37279.6936,3
-397416.9964,30523.0785,3
-394673.1786,74715.1186,3
-395317.8499,130424.139,3
-394535.8743,69376.0719,3
-393595.0865,131709.5079,3
-394377.2809,131701.2086,3
-395446.9555,125968.1866,3
-397452.8012,143218.181,3
-392927.676,125605.6795,3
-393034.5427,132269.771,3
-393068.947,135013.1059,3
-390015.565,125902.4486,3
-376961.3108,-44465.0106,3
-376371.3121,-44363.101,3
-376178.615,-40644.0779,3
-376443.434,-44075.4039,3
-380389.2508,162186.8919,3
-373136.6194,156490.8775,3
-373122.848,157201.9731,3
-373098.1234,158352.0389,3
-373123.4714,158397.4837,3
-372156.2464,154755.3032,3
-372117.2444,154629.5586,3
-372083.3311,154411.5602,3
-371800.2465,154090.2161,3
-371664.6762,153847.5714,3
-371202.8837,-40282.6482,3
-359156.7561,129295.946,3
-358833.3919,-37217.0442,3
-359807.9745,-27931.3242,3
-337796.6417,-52114.8755,3
-318979.7045,-57353.6019,3
-318353.8009,-58046.9781,3
-317083.6713,-61329.3233,3
-315347.7746,-64374.2577,3
-307740.2685,-56638.6525,3
-306637.2194,-64522.0513,3
-303617.9403,-61296.7614,3
-302914.3908,-58515.6001,3
-301347.8946,-63259.8018,3
-295633.4407,-74893.7662,3
-285637.8039,-59107.1735,3
-282429.1088,-61105.0933,3
-283502.7031,-63647.3696,3
-281107.9048,-61411.3001,3
-280645.3135,-62754.0248,3
-280552.8445,-59403.5139,3
-279550.11,-65135.5846,3
-276757.6245,-64346.645,3
-173836.3046,-130329.9261,3
-166913.5481,-158117.1173,3
-163426.6023,-164664.0917,3
-160892.5658,-170887.219,3
-158650.9996,-159029.7794,3
-156464.8009,-163125.7672,3
-157302.9155,-169773.0146,3
-155170.3068,-172567.6868,3
-152841.8927,-152595.3936,3
-151613.3937,-152485.7131,3
-150918.2237,-153809.6365,3
-124108.3772,-146723.0732,3
-100549.0214,-146640.2777,3
-97387.2062,-148599.6002,3
-95346.4295,-157551.0287,3
-79582.4697,-153141.5854,3
-84376.8312,-176712.6138,3
-67302.1231,-159217.8171,3
-65691.8629,-200152.7754,3
-57688.4645,-214013.156,3
-56837.1932,-201535.2116,3
-53414.0084,-217480.9547,3
-54612.629,-215482.3912,3
-52722.5889,-219639.8376,3
-52101.8608,-220427.9695,3
-50372.994,-207048.3355,3
-42650.8878,88737.8254,3
-41783.403,-166585.8732,3
-39439.1724,-168204.3446,3
-20995.9212,-177918.4633,3
-20708.5066,-168436.4087,3
-20398.6805,-168769.9982,3
-18668.5752,-188529.5582,3
-17117.8474,-189622.7577,3
-16458.2036,-190807.8536,3
-16980.8924,-172937.7354,3
-14096.5307,-192804.669,3
-13346.0799,-220528.0034,3
-12296.4338,-222216.2664,3
-12866.0814,-188984.5439,3
-21159.3426,-191905.9244,3
-9815.6574,-183102.246,3
-10295.3496,-189067.954,3
-8201.8604,-223990.8517,3
-4633.7004,-198896.0999,3
-4113.9682,-197251.3541,3
-6684.198,-201002.7346,3
-4217.0939,-33377.4695,3
-2724.7494,-34197.7002,3
-2175.1161,-199486.301,3
139.1612,-188079.7283,3
520.5491,-187488.3458,3
3908.3704,-47443.2108,3
4581.7125,-47428.8547,3
5429.3415,-222784.1715,3
5515.3251,-47792.5417,3
6591.9197,-46702.4855,3
7308.9851,-49624.1656,3
7551.3003,-224522.4134,3
31691.5054,-103107.7158,3
39708.8371,-197134.5409,3
40598.4743,-81420.8506,3
43171.6776,-207676.528,3
49058.5214,-226445.3481,3
50836.161,-224567.3265,3
54435.1074,-230295.9516,3
55093.1652,-234907.6695,3
62896.8581,-216196.4732,3
65192.2408,-225019.8878,3
78415.9059,-72382.7169,3
79758.4981,-69130.1454,3
90015.9962,-263019.031,3
92459.0614,-262705.7758,3
98643.6433,-91966.3647,3
104707.6702,-223167.3495,3
103130.6738,4698.4961,3
103155.3313,4742.4903,3
101304.6672,1589.86,3
106267.1033,-226162.2803,3
118850.0978,-80978.4781,3
119963.5967,-81398.1855,3
120173.9404,-82429.7018,3
128799.8018,-277880.1371,3
129487.853,-277997.0735,3
130725.3111,-278691.2443,3
132208.6746,-91988.9501,3
133076.9742,-91212.1326,3
135312.5579,-92169.1521,3
134944.5663,-88934.4287,3
135020.7022,-91947.2301,3
136550.2172,-89980.6004,3
138565.9541,-88122.2158,3
140537.0669,-88999.1339,3
147402.9441,-19596.2307,3
147277.6697,-9032.0156,3
149213.2375,-8377.9914,3
155501.3617,-284016.461,3
198433.9166,-40912.0327,3
198876.8306,-39375.6793,3
194667.4461,-137456.2863,3
200321.453,-148291.4509,3
200613.3371,-146792.1652,3
202618.2686,-40706.942,3
213222.0384,-76582.2931,3
213829.4158,-81058.4067,3
246721.1403,-191808.5006,3
255861.9409,-104940.5004,3
261062.4246,-55796.7938,3
264560.6099,-197289.3632,3
266847.2144,-56489.9933,3
269085.6293,-56386.9361,3
270171.9077,-195175.0594,3
272231.0772,-196034.3739,3
274728.9907,-198127.762,3
276011.0432,-198840.2105,3
278561.4568,-206513.24,3
279186.087,-205621.5172,3
279268.9756,-204912.439,3
280095.3864,-205053.425,3
279077.4293,-203889.6568,3
279019.3214,-201887.0549,3
283319.5026,-194062.5112,3
286374.7872,-194928.228,3
289403.307,-206204.8501,3
284752.6081,-204819.4229,3
289764.5143,-197349.2836,3
292522.6791,-197563.189,3
295406.8997,-201378.5083,3
332587.2585,-120597.7956,3
341616.422,-127180.3699,3
344270.7117,-111978.1714,3
359475.5352,-190542.3932,3
368357.6748,-193173.4725,3
371468.8532,-195252.7005,3
380251.0744,-238919.9514,3
380887.6486,-239063.2329,3
378484.2642,-198524.7063,3
381452.7054,-200432.5985,3
382057.3335,-237676.0296,3
382709.4394,-239651.9085,3
386113.8654,-242703.6398,3
386756.383,-240489.6293,3
389556.7911,-236754.2573,3
390409.8067,-236477.1122,3
392694.2894,-242638.715,3
402556.4809,-239016.7702,3
403058.0759,-239912.2542,3
402554.0053,-236824.0189,3
410748.4571,-220629.0323,3
412435.1664,-218708.9994,3
412827.9969,-219594.8094,3
412868.7674,-221302.1215,3
416942.2691,-221053.1063,3
421676.0644,-172451.1883,3
426438.8131,-176045.4091,3
427677.3082,-177180.7572,3
440186.1033,-168338.6909,3
73668.5725,-95464.7567,1
73668.5725,-95464.7567,3
-426599.5885,122783.1582,2
-426599.5885,122783.1582,3
-74627.9161,-192439.7995,2
-74627.9161,-192439.7995,3
-58787.0653,-165953.6567,2
-58787.0653,-165953.6567,3
